team1,team2,total_1st,total_2nd,total_3rd,total_4th,total_close,total_2H,total_open,total_final,label
Orlando,Indiana,41,43,49,51,188.5,94.5,187.0,184,0
Chicago,Miami,32,55,49,66,188.5,93.5,187.5,202,1
LAClippers,LALakers,58,54,42,65,202.5,103.0,196.5,219,1
Miami,Philadelphia,47,53,79,45,195.0,96.5,195.5,224,1
Brooklyn,Cleveland,53,44,52,43,194.0,98.0,196.0,192,0
Boston,Toronto,47,39,56,38,189.5,93.5,190.0,180,0
Washington,Detroit,46,52,56,61,189.0,93.0,190.5,215,1
Milwaukee,NewYork,42,45,51,35,196.5,97.0,197.5,173,0
Charlotte,Houston,36,48,44,51,200.0,98.0,204.5,179,0
Orlando,Minnesota,65,47,55,39,199.0,100.0,196.0,235,1
Indiana,NewOrleans,38,48,39,60,187.5,95.5,186.5,185,0
Atlanta,Dallas,61,47,57,62,196.0,98.5,196.0,227,1
Memphis,SanAntonio,38,37,55,65,189.0,92.5,187.0,195,1
OklahomaCity,Utah,58,47,49,45,191.5,93.5,196.0,199,1
Portland,Phoenix,46,50,54,45,197.5,98.5,198.0,195,0
Denver,Sacramento,47,46,49,36,203.5,101.5,207.5,178,0
LALakers,GoldenState,42,57,60,60,206.0,101.5,203.5,219,1
NewYork,Chicago,42,39,51,31,188.0,93.5,189.5,163,0
GoldenState,LAClippers,64,59,50,68,205.5,103.5,203.0,241,1
NewOrleans,Orlando,42,46,57,55,193.5,97.0,194.5,200,1
Cleveland,Charlotte,53,50,38,33,188.0,94.0,190.5,174,0
Philadelphia,Washington,54,44,50,63,201.0,99.0,196.5,211,1
Toronto,Atlanta,49,39,59,50,195.0,95.0,194.0,197,1
Milwaukee,Boston,45,65,44,49,185.5,91.5,191.0,203,1
Detroit,Memphis,38,50,48,54,189.5,94.0,186.5,219,1
OklahomaCity,Minnesota,53,45,50,33,201.0,99.5,200.5,181,0
Miami,Brooklyn,45,49,51,56,195.0,97.5,194.5,201,1
Portland,Denver,46,68,48,49,198.0,99.0,199.5,211,1
Utah,Phoenix,52,37,36,46,195.5,99.0,197.0,171,0
LAClippers,Sacramento,46,53,57,55,203.0,100.5,196.0,211,1
SanAntonio,LALakers,39,44,41,52,208.5,105.0,205.5,176,0
Cleveland,Indiana,37,43,37,46,188.0,94.0,189.0,163,0
Chicago,Philadelphia,56,57,52,46,194.5,97.5,192.0,211,1
Charlotte,NewOrleans,48,49,42,50,184.5,91.5,189.5,189,0
Memphis,Dallas,48,44,44,74,194.5,97.5,190.0,210,1
Houston,Utah,40,56,50,51,199.5,100.0,201.0,197,0
SanAntonio,Portland,40,49,67,64,198.5,100.0,197.0,220,1
Sacramento,GoldenState,44,48,46,47,208.0,103.0,207.0,185,0
Boston,Detroit,45,35,41,43,193.0,96.0,191.5,164,0
Washington,Miami,60,49,42,45,199.5,100.5,200.0,196,0
Brooklyn,Orlando,44,35,54,60,195.0,96.5,197.0,193,0
Phoenix,OklahomaCity,45,44,48,62,198.5,99.0,197.0,199,1
Minnesota,NewYork,59,54,58,38,195.0,97.5,195.0,209,1
Atlanta,LALakers,55,56,53,44,205.5,104.5,205.0,208,1
GoldenState,Philadelphia,58,50,55,37,211.5,104.5,211.5,200,0
Minnesota,Cleveland,54,39,44,48,198.0,98.0,195.5,185,0
Boston,Memphis,51,45,42,45,185.5,93.5,188.0,183,0
Houston,LAClippers,67,77,49,62,211.0,107.0,205.5,255,1
Miami,Toronto,48,54,50,47,195.5,97.5,196.0,199,1
Utah,Brooklyn,46,46,54,46,191.0,97.5,190.5,192,1
Charlotte,NewYork,59,59,40,41,185.5,94.0,189.0,199,1
Indiana,Detroit,43,36,58,53,186.0,93.5,187.0,190,1
Phoenix,NewOrleans,45,41,61,55,192.0,96.5,193.0,202,1
SanAntonio,Denver,51,44,55,46,203.0,103.0,201.5,196,0
Houston,Portland,61,44,52,60,208.0,104.0,205.0,217,1
Atlanta,Sacramento,57,42,48,58,201.0,99.0,201.5,205,1
LAClippers,Orlando,49,50,47,42,207.5,104.0,209.5,188,0
Chicago,Indiana,44,36,45,52,182.5,91.0,183.5,177,0
Toronto,Charlotte,50,56,40,36,187.0,93.0,185.0,182,0
Washington,Philadelphia,66,45,54,53,204.5,101.5,207.0,218,1
Utah,Boston,49,35,62,38,185.5,93.5,184.0,184,0
NewOrleans,Memphis,51,41,44,47,190.0,96.5,188.0,183,0
Cleveland,Milwaukee,53,55,54,51,191.0,97.0,186.0,213,1
GoldenState,Minnesota,54,43,53,49,210.5,105.0,208.5,199,0
Phoenix,SanAntonio,50,54,42,49,198.5,100.0,197.0,195,0
Dallas,OklahomaCity,64,44,52,40,210.5,105.0,210.0,200,0
LAClippers,Miami,59,49,41,50,207.0,103.5,211.0,199,0
Atlanta,Denver,52,53,61,50,203.5,102.0,204.5,216,1
LALakers,Houston,55,59,44,39,216.5,108.5,217.5,197,0
NewYork,Charlotte,50,48,56,38,190.5,94.0,189.0,192,1
Toronto,Indiana,54,36,41,44,187.5,94.0,185.0,175,0
Boston,Orlando,41,54,44,41,191.0,95.5,189.0,180,0
Cleveland,Philadelphia,43,43,52,35,206.0,101.5,201.5,173,0
Brooklyn,Washington,60,51,35,52,197.5,99.5,199.0,220,1
OklahomaCity,Detroit,42,64,54,69,197.0,98.0,196.5,229,1
Utah,Chicago,48,43,43,36,186.0,94.0,186.0,170,0
Dallas,Minnesota,52,59,55,58,210.5,105.0,209.0,224,1
LALakers,NewOrleans,55,48,32,46,202.5,101.5,203.5,181,0
GoldenState,SanAntonio,48,25,46,31,203.5,99.5,202.5,150,0
Denver,Phoenix,64,47,60,46,200.0,99.5,199.5,217,1
Sacramento,Portland,51,52,40,52,200.0,100.0,203.5,195,0
Utah,Toronto,46,52,53,55,187.0,95.0,188.5,206,1
Orlando,Atlanta,50,41,52,55,199.0,100.0,202.0,198,0
Philadelphia,Cleveland,57,44,59,54,199.5,100.0,205.0,252,1
Boston,Miami,56,63,43,59,193.0,97.0,195.0,221,1
LAClippers,Houston,48,53,43,57,214.5,105.5,215.0,201,0
GoldenState,Memphis,61,43,63,31,191.5,95.0,196.0,198,1
Dallas,Milwaukee,53,42,37,42,206.5,100.0,205.5,174,0
Portland,Sacramento,39,44,40,58,198.5,98.0,200.5,181,0
SanAntonio,NewYork,54,52,44,59,195.0,98.5,196.5,209,1
Washington,OklahomaCity,51,28,59,54,204.0,101.5,205.0,211,1
NewOrleans,Phoenix,35,45,56,59,196.0,99.5,195.0,195,0
Minnesota,LALakers,70,45,51,37,209.5,103.0,208.5,203,0
Atlanta,Charlotte,55,45,50,47,197.0,99.0,196.5,197,1
Memphis,Indiana,39,46,42,47,182.0,92.5,184.5,174,0
SanAntonio,Philadelphia,44,51,52,47,204.0,102.0,205.0,194,0
Orlando,Boston,56,53,52,64,191.0,95.5,188.0,225,1
Cleveland,Chicago,37,44,43,53,187.5,91.5,185.5,177,0
Toronto,Houston,44,36,53,41,203.5,101.5,202.0,214,1
Denver,Utah,46,45,47,43,197.0,99.0,196.5,181,0
Detroit,Portland,64,49,48,51,199.0,100.0,199.0,212,1
Minnesota,LAClippers,49,68,48,51,211.5,105.5,209.5,216,1
Milwaukee,Miami,55,46,46,66,195.5,95.5,199.5,213,1
Washington,Dallas,67,43,57,33,205.5,102.0,210.0,200,0
Detroit,GoldenState,51,52,62,43,204.5,101.0,202.5,208,1
NewOrleans,LALakers,41,53,54,63,199.5,99.5,200.0,211,1
Milwaukee,Orlando,59,40,47,39,194.0,97.0,192.5,185,0
Houston,Philadelphia,59,58,53,42,208.0,104.0,209.0,240,1
Charlotte,Boston,48,46,41,37,191.5,96.5,191.0,172,0
Toronto,Memphis,46,53,50,41,185.5,92.5,185.5,190,1
Cleveland,Minnesota,62,55,67,35,201.0,99.5,199.5,219,1
NewYork,Atlanta,53,47,33,53,201.5,99.0,199.5,186,0
Washington,SanAntonio,42,52,33,44,198.0,98.0,199.5,171,0
LALakers,Denver,61,53,48,48,208.5,103.5,205.5,210,1
NewOrleans,Utah,51,49,50,66,191.5,97.0,189.5,216,1
Phoenix,Portland,47,37,46,49,203.0,100.5,201.0,179,0
Brooklyn,Sacramento,42,50,47,54,194.5,97.0,193.0,193,0
OklahomaCity,LAClippers,58,57,46,53,209.5,105.0,212.0,214,1
Houston,NewYork,51,54,42,68,206.5,103.0,203.0,215,1
OklahomaCity,GoldenState,65,59,57,50,207.0,105.0,210.0,231,1
Milwaukee,Indiana,52,37,47,45,184.0,91.0,184.5,181,0
Philadelphia,Atlanta,42,68,45,61,207.5,103.0,211.0,216,1
Portland,Boston,44,64,60,37,194.0,97.5,194.0,205,1
Charlotte,Cleveland,30,40,45,51,187.0,92.0,188.0,166,0
Dallas,Miami,63,48,53,50,205.5,101.5,207.5,214,1
SanAntonio,Utah,45,42,40,46,193.0,99.0,191.0,173,0
Memphis,LALakers,41,39,49,46,197.5,97.0,200.0,175,0
Detroit,Sacramento,48,57,45,37,198.5,99.5,195.0,187,0
Miami,Charlotte,42,44,42,50,193.0,95.5,196.0,178,0
Dallas,Orlando,55,50,62,41,204.0,100.5,202.5,208,1
Cleveland,Washington,43,50,40,47,192.5,96.0,197.5,199,1
Atlanta,NewYork,50,51,48,51,202.5,100.0,204.0,200,0
Denver,Houston,56,53,56,68,214.0,105.5,212.0,233,1
Boston,Minnesota,57,48,54,35,202.5,101.0,201.5,194,0
Philadelphia,NewOrleans,56,57,56,64,204.5,101.5,203.5,233,1
OklahomaCity,Milwaukee,46,34,57,34,199.5,99.0,199.0,171,0
Utah,GoldenState,40,45,52,53,198.5,100.5,199.5,190,0
Brooklyn,LAClippers,55,54,42,62,202.5,101.0,204.0,213,1
Portland,Toronto,60,51,34,59,193.0,98.0,194.0,228,1
Memphis,Sacramento,43,38,58,44,187.5,93.5,189.0,183,0
Detroit,LALakers,56,50,44,63,205.0,102.0,205.0,213,1
Portland,Brooklyn,71,48,42,45,195.5,97.5,195.5,206,1
Charlotte,Chicago,47,37,37,46,180.5,91.5,179.0,167,0
Denver,OklahomaCity,67,56,52,53,212.5,105.0,210.5,228,1
Philadelphia,Dallas,39,51,55,46,215.5,107.0,216.0,191,0
GoldenState,Utah,41,54,48,42,195.5,96.0,196.5,185,0
Memphis,LAClippers,49,54,59,46,196.5,97.5,202.0,208,1
Minnesota,Washington,61,53,48,42,206.5,101.5,204.5,204,0
NewYork,Detroit,50,36,48,44,198.5,98.0,200.0,178,0
Atlanta,Miami,49,44,53,46,203.5,100.0,207.5,192,0
Boston,Houston,58,54,33,49,205.0,102.0,202.5,194,0
Phoenix,Sacramento,58,58,54,41,195.0,99.5,191.5,211,1
Brooklyn,Charlotte,59,44,52,31,186.0,92.0,187.0,186,0
Washington,Cleveland,49,45,45,50,191.0,94.5,190.0,189,0
Indiana,NewYork,33,46,41,58,185.5,95.0,189.0,199,1
Miami,Orlando,45,58,58,51,200.0,99.0,200.0,212,1
Toronto,Philadelphia,50,53,67,36,203.5,101.5,202.0,206,1
Detroit,Atlanta,28,61,41,48,202.0,100.0,203.0,178,0
Portland,Milwaukee,47,57,30,39,194.5,96.5,196.0,173,0
LAClippers,Minnesota,48,44,46,62,213.0,104.5,213.0,200,0
Utah,NewOrleans,37,49,56,61,195.0,99.0,192.0,203,1
Boston,SanAntonio,47,49,54,47,193.0,97.0,193.5,197,1
Sacramento,Phoenix,54,51,31,83,196.0,98.5,194.0,219,1
Houston,Dallas,69,60,59,55,215.0,107.0,215.0,243,1
Memphis,GoldenState,42,36,38,34,189.0,94.0,192.5,169,0
Chicago,Denver,49,49,34,52,199.0,100.0,196.0,184,0
Phoenix,Charlotte,51,48,38,52,190.5,94.5,191.0,189,0
Milwaukee,Philadelphia,48,60,40,56,202.0,101.0,201.5,222,1
Washington,Toronto,59,30,47,48,194.0,95.5,193.5,184,0
Indiana,Boston,47,45,33,54,186.5,95.5,185.0,179,0
Atlanta,Detroit,49,44,48,44,197.0,98.0,198.0,185,0
SanAntonio,Memphis,47,41,48,52,184.0,93.5,187.0,188,1
Brooklyn,Minnesota,44,50,54,44,202.0,100.5,200.0,192,0
Cleveland,NewOrleans,41,52,48,63,195.0,98.0,196.0,204,1
Utah,Dallas,49,43,52,52,201.5,102.0,203.0,196,0
Chicago,Portland,54,49,46,44,190.0,95.0,191.0,193,1
GoldenState,LALakers,43,58,37,59,202.5,101.5,203.0,197,0
Sacramento,LAClippers,42,63,39,61,207.5,102.5,207.5,205,0
Philadelphia,Indiana,47,61,35,61,195.0,99.0,194.0,204,1
NewYork,Washington,53,48,44,42,192.5,95.5,192.5,187,0
Boston,Atlanta,49,53,36,43,194.5,97.5,197.0,181,0
Orlando,Miami,36,58,54,52,202.0,102.0,205.0,200,0
Minnesota,Houston,43,54,59,57,212.5,103.5,217.0,213,0
Charlotte,Milwaukee,46,39,40,43,184.5,92.0,181.0,168,0
Cleveland,SanAntonio,51,46,66,59,192.0,95.0,189.0,222,1
Dallas,Denver,57,61,48,36,214.0,106.5,217.0,202,0
Portland,GoldenState,47,56,62,49,200.0,100.0,203.0,214,1
Detroit,Brooklyn,42,53,49,62,190.5,95.0,194.0,206,1
Phoenix,Orlando,52,45,55,48,199.5,100.5,197.0,200,1
Utah,OklahomaCity,35,42,41,50,196.0,100.5,197.5,168,0
Boston,Charlotte,35,50,49,48,185.5,92.0,184.0,182,0
Minnesota,Indiana,52,42,47,41,196.0,98.0,194.0,182,0
Milwaukee,Detroit,56,43,59,49,192.0,95.5,192.5,207,1
Phoenix,Miami,45,52,53,49,203.0,101.0,200.0,199,0
Houston,Memphis,44,32,42,61,194.5,96.0,195.0,179,0
Denver,Dallas,59,48,55,44,213.5,106.0,212.0,206,0
NewOrleans,SanAntonio,51,46,59,49,200.5,101.0,199.5,205,1
Chicago,Utah,41,31,48,36,181.0,90.0,184.5,172,0
NewYork,Portland,52,43,55,43,195.5,97.0,194.5,193,0
Brooklyn,Toronto,54,52,51,45,191.0,95.5,189.0,202,1
LALakers,Washington,60,54,45,68,198.0,98.0,199.0,227,1
Orlando,Atlanta,51,51,56,43,199.5,99.0,198.0,201,1
Indiana,Charlotte,33,48,31,61,181.5,93.0,180.0,173,0
Philadelphia,Orlando,60,45,45,49,208.5,104.5,207.5,199,0
Memphis,Boston,40,45,43,65,182.0,90.5,181.5,193,1
LALakers,Brooklyn,52,42,51,48,199.5,98.5,199.0,193,0
Miami,Cleveland,50,41,39,49,197.5,97.5,197.5,179,0
Chicago,Detroit,54,50,40,34,185.0,93.5,185.0,178,0
Atlanta,Houston,49,52,43,53,205.0,101.0,206.0,197,0
Washington,Milwaukee,48,49,42,35,190.0,94.5,189.0,192,1
Denver,Minnesota,55,64,54,54,213.0,106.0,212.0,227,1
SanAntonio,OklahomaCity,40,49,40,53,201.5,103.0,199.0,182,0
GoldenState,Dallas,50,51,52,49,206.0,102.0,208.0,202,0
Portland,Phoenix,53,66,47,60,200.0,99.5,200.0,226,1
NewYork,LAClippers,56,38,48,31,204.0,100.5,204.5,173,0
Milwaukee,Charlotte,44,48,38,38,185.5,92.0,180.5,168,0
SanAntonio,Orlando,53,55,43,49,193.5,99.0,196.0,200,1
Miami,Toronto,49,51,48,25,195.5,97.0,196.5,173,0
Dallas,Atlanta,51,41,47,36,202.5,99.5,205.0,175,0
Cleveland,Boston,38,56,43,52,189.5,94.5,186.5,189,1
LALakers,Detroit,63,48,53,44,202.0,100.5,202.0,208,1
Brooklyn,Houston,50,56,48,55,205.5,102.0,204.5,209,1
GoldenState,OklahomaCity,60,45,53,50,204.0,101.5,204.0,225,1
Washington,Indiana,42,37,46,41,186.0,93.0,186.0,166,0
NewOrleans,Philadelphia,65,51,48,62,209.0,106.0,210.5,226,1
NewYork,Denver,50,46,46,50,202.5,100.0,202.0,192,0
Phoenix,Utah,64,49,60,40,190.5,95.0,191.0,213,1
LAClippers,Sacramento,47,48,50,43,202.5,100.5,204.0,202,0
Atlanta,Washington,48,50,51,60,190.5,94.0,196.5,209,1
Chicago,Cleveland,52,55,36,47,182.5,92.0,180.5,190,1
Brooklyn,Memphis,43,42,53,47,186.5,93.5,186.0,185,0
Minnesota,Dallas,53,48,60,57,208.5,102.5,211.0,218,1
Houston,SanAntonio,54,49,60,55,205.5,103.0,205.5,218,1
Boston,Milwaukee,46,42,45,44,185.5,92.5,187.5,177,0
Utah,Phoenix,51,51,53,61,194.5,100.0,192.0,216,1
Denver,Toronto,56,36,56,62,201.0,100.0,201.5,210,1
Indiana,LAClippers,51,49,58,47,191.0,98.5,189.5,205,1
Philadelphia,Detroit,65,51,60,39,206.5,102.5,209.0,215,1
GoldenState,Sacramento,50,59,61,58,201.0,101.0,198.0,228,1
Charlotte,Miami,45,50,39,63,189.0,95.0,189.0,197,1
Minnesota,OklahomaCity,58,55,48,55,209.0,104.0,210.0,216,1
NewOrleans,NewYork,36,57,57,52,198.5,100.5,199.0,202,1
Portland,LALakers,56,47,65,54,206.5,103.5,207.0,222,1
NewOrleans,Chicago,45,61,51,49,191.0,97.0,193.0,259,1
Atlanta,SanAntonio,48,51,45,58,199.0,99.5,197.0,202,1
Houston,Utah,59,44,53,56,202.0,101.0,200.5,212,1
Indiana,Portland,43,48,53,64,191.5,96.5,188.0,208,1
Orlando,Philadelphia,63,52,50,43,206.0,103.0,209.0,251,1
Detroit,Miami,46,51,53,54,200.0,101.0,199.5,204,1
Milwaukee,Boston,51,38,43,76,185.5,92.5,185.0,208,1
Denver,Brooklyn,56,52,46,44,203.5,100.0,205.5,198,0
Phoenix,Memphis,42,58,56,45,191.5,96.0,189.5,201,1
Charlotte,Dallas,40,41,46,44,195.5,96.5,193.5,171,0
OklahomaCity,Sacramento,50,47,46,49,201.0,100.5,203.0,192,0
Toronto,GoldenState,55,58,45,57,202.0,102.5,199.0,215,1
Denver,Cleveland,55,53,44,34,201.0,100.0,202.5,186,0
LAClippers,Atlanta,50,49,50,55,203.5,101.5,204.0,204,0
Phoenix,Houston,45,46,43,51,212.0,105.5,209.5,185,0
Detroit,Milwaukee,45,50,52,56,192.5,96.0,191.0,203,1
Indiana,Utah,40,55,40,46,186.0,97.0,189.0,181,0
OklahomaCity,Portland,52,55,56,52,205.5,103.0,206.0,215,1
NewYork,Brooklyn,52,41,50,53,189.5,94.5,190.0,196,1
LAClippers,Memphis,38,44,35,65,192.5,95.5,196.0,182,0
Miami,Chicago,49,53,46,46,187.0,94.5,189.0,194,1
Milwaukee,Washington,64,35,53,52,192.5,96.0,188.5,214,1
Cleveland,Atlanta,57,49,40,51,195.5,96.5,194.0,197,1
Orlando,NewYork,59,54,45,46,195.5,98.5,194.0,204,1
Denver,Boston,54,54,56,40,200.5,100.5,200.0,204,1
GoldenState,Houston,43,55,55,35,213.0,106.0,210.0,188,0
OklahomaCity,NewOrleans,50,60,38,56,206.5,103.0,207.0,204,0
Toronto,Phoenix,54,48,53,48,199.5,99.5,199.5,203,1
LALakers,Sacramento,58,49,61,38,202.5,101.5,204.0,206,1
Utah,Portland,61,62,53,52,199.5,102.5,198.0,228,1
Denver,Philadelphia,52,50,52,41,207.5,103.0,216.0,195,0
LAClippers,Cleveland,52,47,34,37,199.0,100.0,197.0,170,0
Miami,Minnesota,49,48,39,49,202.0,99.5,206.0,185,0
Detroit,Chicago,49,45,33,40,188.0,95.0,188.5,167,0
Indiana,SanAntonio,48,52,52,59,191.5,99.0,188.5,211,1
Brooklyn,Milwaukee,38,41,45,48,191.5,94.5,189.0,172,0
Sacramento,Utah,47,50,47,50,193.5,97.0,193.0,214,1
Dallas,Portland,58,50,47,59,208.5,104.0,207.5,214,1
Boston,NewYork,45,44,59,39,191.5,95.0,192.5,187,0
Indiana,OklahomaCity,46,47,66,53,194.5,99.5,192.5,212,1
Orlando,Houston,46,44,51,45,210.0,105.0,208.0,186,0
Toronto,LALakers,50,48,43,59,204.0,103.0,205.5,200,0
LAClippers,Philadelphia,40,40,56,41,208.5,103.0,206.0,177,0
GoldenState,Charlotte,48,46,66,66,195.0,97.5,193.0,226,1
Orlando,Memphis,39,42,52,46,188.0,93.0,187.0,179,0
Portland,Utah,44,52,45,58,203.5,101.0,204.0,199,0
Dallas,Sacramento,57,47,61,44,207.5,104.0,202.5,209,1
Miami,Indiana,49,38,45,42,191.5,95.5,189.0,174,0
NewYork,Cleveland,50,43,53,57,190.5,94.5,188.0,203,1
SanAntonio,Toronto,60,52,51,56,199.0,102.0,198.5,219,1
Minnesota,Detroit,65,50,58,42,206.0,101.0,203.5,215,1
Boston,Brooklyn,51,52,54,43,193.0,95.0,192.0,200,1
OklahomaCity,Atlanta,42,45,57,49,203.5,100.0,203.0,193,0
Milwaukee,Chicago,34,43,35,40,180.0,88.0,181.0,152,0
Phoenix,LALakers,47,60,46,69,207.5,104.0,208.5,222,1
Orlando,Charlotte,34,51,44,46,194.0,97.0,188.5,175,0
LAClippers,Boston,43,41,46,54,195.0,97.0,196.0,184,0
SanAntonio,Milwaukee,48,55,43,40,192.0,98.0,193.0,186,0
Detroit,NewOrleans,57,51,49,35,204.0,101.5,203.0,217,1
Philadelphia,Minnesota,59,50,50,46,210.5,105.0,210.5,205,0
Chicago,NewYork,32,46,44,39,180.0,88.0,185.0,161,0
OklahomaCity,Memphis,47,52,63,54,191.0,95.5,193.0,216,1
Utah,Sacramento,49,55,64,55,200.5,102.5,198.0,223,1
Dallas,GoldenState,39,60,39,50,210.0,107.0,209.5,188,0
LAClippers,Brooklyn,45,55,45,50,197.5,99.5,200.5,195,0
Houston,Portland,41,46,65,63,213.5,106.5,212.0,215,1
Cleveland,Orlando,47,54,48,60,195.0,98.0,193.0,209,1
Philadelphia,Toronto,57,47,55,49,202.0,100.5,206.0,208,1
Charlotte,Indiana,52,59,44,38,183.5,93.0,182.0,193,1
NewYork,Boston,55,47,39,35,190.0,95.5,191.0,176,0
Brooklyn,Detroit,47,58,49,48,198.5,99.5,196.5,202,1
Washington,Atlanta,40,54,38,40,194.0,97.5,195.0,200,1
LALakers,OklahomaCity,66,51,51,51,210.5,105.0,209.0,219,1
Memphis,NewOrleans,60,49,38,55,192.0,96.5,193.5,202,1
Minnesota,SanAntonio,57,59,53,58,207.5,102.5,208.5,227,1
Chicago,Milwaukee,44,54,33,50,177.0,89.0,177.0,181,1
Utah,Denver,61,36,51,48,201.0,103.0,202.5,196,0
Sacramento,Phoenix,62,57,48,56,208.5,104.0,207.5,223,1
Houston,GoldenState,59,50,46,73,213.5,107.0,212.0,228,1
LALakers,Charlotte,45,42,45,41,198.0,96.5,196.0,173,0
LAClippers,Washington,62,43,61,44,193.5,95.5,194.0,210,1
Cleveland,Miami,64,56,44,57,199.5,99.5,198.0,221,1
Atlanta,NewYork,48,57,53,59,192.0,95.5,195.0,217,1
Portland,Philadelphia,66,69,55,54,212.0,107.0,213.0,244,1
Toronto,Chicago,45,47,47,37,187.0,95.5,186.5,176,0
Milwaukee,Dallas,64,36,54,45,193.0,96.0,195.0,199,1
SanAntonio,Utah,40,55,51,38,196.5,101.0,197.5,184,0
Houston,Sacramento,56,50,46,45,214.5,107.0,213.5,197,0
Minnesota,Memphis,45,57,48,44,196.5,97.0,197.5,194,0
Portland,Detroit,51,50,56,41,208.5,103.0,204.5,220,1
Orlando,OklahomaCity,50,55,49,45,205.5,103.0,205.5,199,0
NewOrleans,Denver,51,53,39,52,205.5,104.5,206.0,195,0
GoldenState,Phoenix,60,52,49,47,209.5,105.0,210.5,208,0
Detroit,Indiana,59,46,47,45,191.5,96.0,194.0,197,1
Philadelphia,Brooklyn,54,52,67,51,206.5,103.0,207.5,224,1
Washington,NewYork,47,48,57,51,191.5,95.5,190.0,203,1
LALakers,Atlanta,48,53,54,59,205.0,102.0,206.0,214,1
Minnesota,Boston,50,51,42,55,200.0,99.5,200.0,198,0
Utah,Miami,46,51,57,57,199.5,101.5,200.0,211,1
Orlando,Chicago,35,43,48,39,185.5,93.0,186.0,165,0
SanAntonio,LAClippers,49,55,44,59,203.5,103.0,201.0,207,1
Portland,Cleveland,54,60,66,55,205.5,103.0,205.0,235,1
Sacramento,Charlotte,57,42,51,32,197.0,98.5,196.0,182,0
LALakers,Memphis,58,41,35,54,193.0,95.5,195.0,188,0
OklahomaCity,Denver,53,43,44,58,211.0,104.5,207.0,198,0
Indiana,Miami,48,45,54,44,190.5,99.0,191.0,191,0
Utah,Orlando,47,41,42,38,194.0,99.0,196.0,168,0
Charlotte,Toronto,33,51,56,50,189.5,95.5,193.5,206,1
Sacramento,Atlanta,54,53,65,59,205.0,102.0,205.5,231,1
Washington,Brooklyn,58,54,50,58,196.5,97.5,197.0,220,1
NewYork,Milwaukee,46,43,45,40,186.0,92.0,187.0,208,1
Memphis,Dallas,48,43,53,52,191.5,95.5,195.0,196,1
SanAntonio,Phoenix,63,54,51,41,201.5,102.5,204.0,209,1
Chicago,Houston,40,63,46,54,191.0,96.0,192.0,203,1
NewOrleans,LAClippers,49,48,46,60,205.5,104.0,206.5,203,0
Chicago,OklahomaCity,59,48,49,46,191.0,96.0,193.0,202,1
SanAntonio,GoldenState,41,63,52,50,202.0,104.0,202.5,206,1
Brooklyn,Philadelphia,60,57,48,51,211.5,106.5,211.5,241,1
Milwaukee,Cleveland,51,43,46,52,191.5,96.5,191.0,225,1
Utah,Atlanta,46,43,54,60,197.5,100.5,198.5,203,1
Sacramento,Miami,69,59,52,45,208.0,104.0,207.0,225,1
Charlotte,Detroit,53,50,61,58,190.5,95.0,191.5,222,1
Houston,Indiana,45,56,51,43,197.0,98.0,197.5,195,0
Toronto,Dallas,55,46,58,43,203.5,102.5,201.0,217,1
Phoenix,Denver,48,62,44,48,208.0,104.5,207.5,202,0
Minnesota,LALakers,61,43,53,38,210.5,105.0,212.0,195,0
Memphis,NewYork,47,43,43,49,185.0,93.0,187.0,182,0
Sacramento,Orlando,56,58,38,53,203.5,102.5,202.0,205,1
Utah,Charlotte,38,50,48,37,189.0,97.0,187.0,173,0
Houston,Detroit,57,57,43,54,208.0,103.5,211.5,211,0
Cleveland,Chicago,59,44,43,38,187.0,94.0,185.0,184,0
Philadelphia,Milwaukee,52,56,49,65,203.0,101.5,200.0,222,1
OklahomaCity,SanAntonio,42,69,50,52,208.5,104.0,205.0,213,1
NewOrleans,Portland,47,58,56,56,213.0,107.5,210.5,217,1
Denver,LAClippers,46,53,40,64,205.5,101.5,204.0,203,0
LALakers,GoldenState,53,35,41,56,208.0,102.5,209.5,185,0
Boston,Indiana,37,52,49,47,189.5,94.0,187.0,185,0
Toronto,OklahomaCity,46,72,41,43,207.0,105.0,203.5,202,0
Minnesota,LAClippers,48,62,58,44,212.0,105.0,210.5,236,1
Milwaukee,Charlotte,50,56,50,46,187.0,95.0,185.0,221,1
Detroit,Cleveland,46,52,55,54,203.5,100.5,200.5,207,1
Atlanta,Miami,56,48,57,61,206.0,103.5,205.5,240,1
Indiana,Brooklyn,36,48,49,56,196.5,101.0,193.0,189,0
Utah,Memphis,48,53,47,50,186.5,97.0,187.0,198,1
Toronto,SanAntonio,51,53,46,61,203.0,101.0,204.0,211,1
Chicago,Brooklyn,44,35,56,38,190.0,94.5,188.0,173,0
OklahomaCity,NewYork,64,42,48,63,200.5,99.0,200.0,217,1
Miami,LALakers,48,49,53,46,206.5,103.0,206.0,196,0
Houston,SanAntonio,65,46,47,51,213.0,107.5,210.0,209,0
LAClippers,GoldenState,52,52,49,55,207.0,104.5,205.0,208,1
Atlanta,Cleveland,53,45,50,42,205.0,102.5,203.0,252,1
Memphis,Houston,49,49,40,54,199.5,100.5,197.0,192,0
SanAntonio,Dallas,47,62,52,62,209.0,105.5,206.0,223,1
LAClippers,Portland,33,60,56,53,213.0,106.5,211.0,228,1
Detroit,Orlando,47,56,48,50,203.5,101.5,202.0,201,0
OklahomaCity,Charlotte,41,37,44,52,195.0,96.0,199.0,174,0
Milwaukee,Brooklyn,49,36,51,61,195.5,96.5,194.5,197,1
Toronto,NewYork,43,46,48,41,193.5,96.5,193.0,178,0
Washington,Minnesota,45,63,54,56,207.0,102.5,203.5,218,1
Denver,NewOrleans,59,44,44,47,201.5,99.5,206.0,194,0
LALakers,Utah,48,59,57,44,198.5,101.0,197.0,208,1
Miami,Sacramento,51,49,47,31,209.0,103.0,209.0,211,1
Phoenix,GoldenState,50,49,50,52,211.0,104.5,209.5,201,0
Cleveland,Boston,46,57,48,52,196.5,97.0,196.0,203,1
Detroit,Washington,54,49,45,40,203.5,100.0,202.5,188,0
Brooklyn,Indiana,56,58,48,34,195.5,99.0,194.0,196,1
Charlotte,Atlanta,47,48,53,54,194.0,98.0,193.5,234,1
NewOrleans,Houston,53,51,43,58,211.5,106.0,210.0,205,0
Dallas,Chicago,49,46,47,46,190.5,93.0,193.0,188,0
Denver,Memphis,56,55,46,62,189.0,95.0,194.0,219,1
Minnesota,Milwaukee,62,57,60,33,203.0,100.5,201.0,212,1
Philadelphia,Phoenix,63,56,50,47,216.0,107.5,215.0,216,1
Miami,Portland,64,56,51,44,207.5,104.5,206.0,215,1
Utah,LAClippers,37,48,48,55,202.0,101.0,202.0,188,0
GoldenState,Cleveland,61,58,47,32,206.5,104.5,204.0,212,1
Sacramento,SanAntonio,50,56,62,48,209.0,103.5,209.5,216,1
Houston,OklahomaCity,40,60,60,43,210.0,106.0,208.0,203,0
Philadelphia,LALakers,42,62,59,52,218.5,108.5,213.5,215,1
Washington,Detroit,65,51,49,40,203.5,101.0,202.5,205,1
Dallas,Minnesota,52,53,57,36,212.5,104.0,212.0,198,0
Chicago,Memphis,39,51,45,51,178.5,88.5,183.0,186,1
Portland,NewOrleans,47,58,66,47,210.5,104.0,211.0,218,1
Charlotte,Utah,42,34,40,47,188.5,93.5,187.5,163,0
Phoenix,LAClippers,54,47,46,48,208.5,104.0,212.5,195,0
Atlanta,Boston,43,40,46,54,204.0,102.5,200.5,183,0
Cleveland,Indiana,48,37,46,36,197.0,97.5,193.5,167,0
GoldenState,Orlando,41,52,40,42,202.0,99.5,204.0,175,0
Sacramento,Houston,53,57,56,50,215.0,107.5,212.5,216,1
Brooklyn,SanAntonio,50,45,71,39,205.5,101.0,207.5,205,0
Toronto,Chicago,37,41,41,45,187.0,91.5,186.0,164,0
Portland,OklahomaCity,54,42,53,43,214.0,105.5,211.0,192,0
Milwaukee,LALakers,35,40,59,39,202.5,99.5,202.0,173,0
Indiana,Toronto,44,40,45,48,190.0,96.0,194.5,177,0
NewOrleans,Minnesota,61,47,62,66,211.0,106.0,214.0,236,1
Philadelphia,Denver,54,70,52,40,213.5,107.0,211.0,216,1
Charlotte,LAClippers,52,60,38,47,193.0,97.0,196.0,197,1
Orlando,Cleveland,42,38,39,39,194.5,95.5,196.0,168,0
GoldenState,Miami,71,55,57,54,205.0,102.5,204.5,237,1
Boston,Chicago,45,48,39,44,183.0,90.5,182.5,176,0
Brooklyn,OklahomaCity,55,48,40,45,202.5,99.5,205.5,188,0
NewYork,SanAntonio,51,48,57,50,202.0,100.5,200.0,206,1
Memphis,Phoenix,48,46,48,48,196.5,98.5,198.0,190,0
Charlotte,Portland,60,59,58,61,200.5,99.0,199.0,238,1
Philadelphia,Sacramento,55,57,57,48,220.0,108.5,217.0,217,0
Toronto,Washington,43,50,52,44,194.5,96.5,195.0,189,0
NewOrleans,Boston,39,53,53,42,201.0,100.0,201.0,187,0
GoldenState,Atlanta,45,47,44,65,209.0,105.0,204.5,201,0
NewYork,Houston,44,51,59,48,205.5,101.5,206.5,202,0
LAClippers,Dallas,72,65,39,55,207.0,104.5,204.5,231,1
Memphis,Denver,51,55,46,67,192.0,95.0,194.0,219,1
Utah,LALakers,42,50,58,59,195.0,98.5,199.5,209,1
Miami,Orlando,54,40,57,53,200.0,99.0,200.0,204,1
NewOrleans,Indiana,42,51,42,46,192.0,97.0,196.5,181,0
Cleveland,Brooklyn,39,50,43,39,192.0,94.0,193.0,171,0
Atlanta,Chicago,44,51,36,44,190.0,95.0,189.0,175,0
OklahomaCity,Minnesota,56,48,60,62,207.0,103.5,209.0,226,1
LAClippers,SanAntonio,54,51,53,50,204.5,101.0,207.0,208,1
Milwaukee,Phoenix,54,55,56,51,197.0,97.0,199.0,216,1
Philadelphia,Portland,51,51,43,55,223.5,110.0,223.5,200,0
Charlotte,Sacramento,59,58,54,45,199.5,99.0,198.5,216,1
Memphis,Detroit,55,52,39,50,195.5,98.0,196.5,196,0
GoldenState,Washington,64,52,49,43,200.5,100.0,203.0,208,1
Indiana,Cleveland,40,39,46,35,181.5,92.5,186.0,160,0
Toronto,Miami,58,45,60,36,201.0,100.5,198.5,199,1
Boston,OklahomaCity,60,62,48,45,194.5,97.0,195.5,215,1
NewYork,Dallas,46,41,37,48,202.5,101.0,202.0,172,0
Denver,LALakers,55,66,55,76,205.5,104.0,205.0,252,1
Minnesota,Philadelphia,61,63,55,42,221.0,109.0,219.5,221,1
Atlanta,Brooklyn,48,50,41,38,195.5,98.0,199.0,177,0
Orlando,LAClippers,54,40,46,42,196.0,97.5,197.0,182,0
Washington,Charlotte,45,37,39,59,190.5,93.5,191.5,180,0
Philadelphia,Cleveland,56,49,52,47,208.0,102.0,202.0,204,1
Toronto,Indiana,37,43,49,36,187.5,92.0,188.0,165,0
NewOrleans,Miami,49,43,53,50,204.0,102.5,204.0,195,0
Detroit,NewYork,45,37,49,43,199.5,99.0,197.0,174,0
SanAntonio,Memphis,47,47,44,58,196.0,97.5,196.5,218,1
Phoenix,Chicago,52,43,38,46,190.0,94.0,189.0,179,0
GoldenState,Milwaukee,58,40,49,34,200.5,100.5,199.0,181,0
LALakers,Dallas,64,49,49,45,209.5,103.5,210.5,207,0
Boston,Denver,54,59,68,46,203.0,102.5,199.0,227,1
OklahomaCity,Utah,58,48,58,49,195.0,99.0,197.0,213,1
Portland,Sacramento,59,56,38,89,214.5,106.0,216.0,242,1
Detroit,Toronto,51,53,54,45,198.5,101.0,198.5,203,1
Dallas,SanAntonio,41,42,61,58,206.0,101.5,209.0,202,0
GoldenState,Brooklyn,54,57,40,49,197.0,98.5,201.5,200,0
Indiana,Atlanta,37,44,64,39,187.5,95.0,190.0,184,0
Washington,NewOrleans,56,49,48,45,191.5,94.5,199.0,198,0
Phoenix,Minnesota,50,50,49,58,217.5,108.0,213.0,207,0
LALakers,Houston,52,57,48,55,212.0,104.5,215.0,212,0
Orlando,Portland,48,48,50,58,206.5,103.5,205.0,204,0
Boston,LAClippers,55,59,56,46,197.5,99.0,194.5,216,1
Miami,NewYork,48,43,55,48,197.5,98.0,197.0,194,0
OklahomaCity,Denver,53,58,44,34,211.0,106.0,208.5,189,0
Washington,Indiana,36,46,34,43,185.0,93.0,186.0,159,0
Detroit,Philadelphia,64,54,47,53,216.5,107.5,213.0,218,1
Houston,Atlanta,28,52,45,38,207.0,102.5,207.0,163,0
Miami,Brooklyn,65,33,42,38,193.5,96.5,194.5,199,1
Phoenix,Memphis,54,49,45,55,194.5,96.5,196.5,203,1
Dallas,NewOrleans,55,56,38,48,199.5,98.0,202.0,197,0
Charlotte,Minnesota,57,59,49,46,205.0,101.0,201.5,211,1
Chicago,Milwaukee,47,45,36,25,177.5,88.0,180.0,153,0
Orlando,Sacramento,42,44,54,46,206.5,102.0,204.0,186,0
Boston,GoldenState,45,51,43,57,204.5,102.5,203.0,196,0
LALakers,LAClippers,68,54,39,49,211.0,105.5,208.0,210,1
Brooklyn,Toronto,42,47,43,44,189.0,92.0,193.5,176,0
Houston,Washington,58,51,64,48,199.5,98.5,201.5,221,1
NewYork,Philadelphia,48,44,60,42,206.5,101.0,208.0,194,0
Phoenix,Detroit,56,59,53,50,205.5,101.5,205.5,218,1
Milwaukee,OklahomaCity,24,49,66,47,194.5,97.0,196.0,186,0
Charlotte,Chicago,41,53,46,60,177.0,86.0,179.0,200,1
NewOrleans,Dallas,39,40,82,56,196.5,99.5,201.0,217,1
Orlando,Denver,59,57,42,56,200.5,99.5,203.0,214,1
Boston,Portland,59,59,58,40,210.0,105.0,207.0,216,1
Cleveland,Sacramento,62,47,41,54,206.5,102.0,205.0,204,0
Atlanta,Memphis,39,50,60,60,191.5,95.5,193.5,209,1
Minnesota,SanAntonio,49,52,51,38,213.0,104.0,211.5,190,0
Milwaukee,Toronto,62,46,53,49,188.0,94.0,186.5,210,1
Houston,Boston,46,49,54,47,208.0,103.0,204.5,196,0
Phoenix,NewYork,49,46,47,42,198.0,98.0,198.5,194,0
SanAntonio,NewOrleans,52,51,46,47,197.0,99.5,201.0,196,0
Washington,Chicago,45,54,47,44,180.5,90.0,182.5,190,1
Orlando,Dallas,48,52,50,45,197.0,96.5,199.5,195,0
Denver,Utah,66,54,50,51,204.5,103.0,203.0,221,1
Sacramento,Indiana,45,59,56,48,195.5,96.0,193.0,208,1
OklahomaCity,Memphis,40,50,49,38,196.0,97.5,192.0,177,0
Cleveland,LALakers,51,69,53,65,204.5,102.5,202.0,238,1
Chicago,Orlando,46,49,58,49,180.5,91.0,181.0,253,1
Miami,Washington,61,56,46,48,196.0,97.0,197.0,211,1
Charlotte,Philadelphia,51,47,42,47,209.0,103.5,205.5,187,0
Toronto,Boston,48,38,43,42,193.0,95.0,196.0,171,0
Houston,NewOrleans,49,52,54,48,203.5,100.0,205.0,203,0
Sacramento,Minnesota,47,58,51,63,217.5,108.0,216.5,219,1
Memphis,Milwaukee,30,47,41,41,185.0,91.0,186.0,159,0
Utah,SanAntonio,53,42,55,64,199.5,102.0,202.0,214,1
LALakers,Phoenix,53,59,58,65,214.0,107.0,210.0,235,1
Cleveland,Portland,53,51,48,52,212.5,105.5,208.5,204,0
Denver,GoldenState,67,56,50,66,213.0,107.5,212.0,239,1
Dallas,LAClippers,62,72,64,58,208.0,106.0,206.0,256,1
Brooklyn,Atlanta,58,60,55,64,194.5,98.0,191.5,237,1
NewYork,Indiana,61,50,45,50,184.0,93.5,184.0,206,1
OklahomaCity,Houston,68,64,34,30,208.5,107.0,206.0,196,0
Chicago,Washington,57,47,44,41,186.5,92.0,184.0,189,1
Miami,Philadelphia,58,41,41,47,212.0,104.0,211.0,187,0
LAClippers,NewYork,50,50,43,61,202.0,101.0,201.5,204,1
Charlotte,Orlando,48,57,47,60,189.0,94.5,188.0,212,1
LALakers,Boston,48,62,48,53,204.5,101.5,204.5,211,1
Utah,Detroit,52,51,51,45,204.0,104.0,199.0,199,0
Sacramento,Memphis,41,45,57,38,198.0,97.0,200.5,181,0
Portland,SanAntonio,54,49,52,54,213.0,106.0,212.5,209,0
Dallas,Phoenix,66,48,45,58,211.0,104.5,210.0,217,1
Cleveland,Denver,55,70,42,59,212.0,107.0,211.0,226,1
GoldenState,OklahomaCity,71,65,56,56,206.0,104.5,207.5,248,1
Detroit,Washington,51,49,55,47,203.5,99.5,200.5,202,1
LAClippers,Indiana,45,53,48,52,195.5,97.0,198.0,198,0
Miami,Charlotte,56,57,38,29,192.5,95.5,195.0,200,1
Philadelphia,Chicago,43,39,47,52,197.0,97.5,197.0,181,0
Milwaukee,Houston,52,62,55,49,199.5,100.5,198.0,218,1
GoldenState,NewOrleans,53,53,44,34,205.0,102.0,202.0,184,0
Utah,Minnesota,37,37,50,46,206.0,101.5,207.0,170,0
Portland,Dallas,58,65,51,64,215.5,108.0,214.5,238,1
LALakers,Toronto,65,47,51,55,204.5,101.5,203.5,218,1
Boston,Orlando,44,55,31,54,195.5,97.0,195.5,184,0
Milwaukee,SanAntonio,45,46,53,48,197.5,98.0,198.0,192,0
Sacramento,OklahomaCity,58,51,54,38,214.0,105.0,212.0,201,0
Denver,Phoenix,59,59,45,57,217.5,107.0,219.5,220,1
LAClippers,Detroit,54,63,55,43,208.0,102.0,209.5,215,1
Dallas,Cleveland,53,43,49,54,206.0,100.5,209.0,199,0
Philadelphia,Washington,52,60,47,47,208.0,103.0,207.0,206,0
Toronto,Charlotte,37,54,47,57,186.0,93.0,187.0,195,1
Brooklyn,NewYork,43,47,36,57,193.5,95.5,192.0,183,0
NewOrleans,Memphis,45,36,56,50,188.0,94.5,191.5,187,0
Miami,Atlanta,65,76,48,46,200.5,102.5,202.0,235,1
Portland,Houston,65,62,70,42,219.0,109.0,219.0,239,1
LALakers,Chicago,57,44,40,45,198.0,98.5,197.0,202,1
Indiana,GoldenState,56,37,53,50,196.5,100.5,197.5,196,0
Boston,Miami,44,47,47,41,197.0,96.0,198.5,179,0
Orlando,Brooklyn,48,40,41,62,193.5,96.0,191.5,191,0
Sacramento,NewOrleans,58,62,41,50,205.5,102.5,203.5,211,1
Portland,OklahomaCity,48,55,49,50,215.0,107.0,216.5,202,0
Minnesota,Utah,50,43,53,63,202.0,101.5,203.5,209,1
Boston,Washington,54,50,45,49,191.5,95.5,195.5,224,1
Chicago,Cleveland,40,47,46,52,186.0,91.5,188.0,185,0
Atlanta,Orlando,50,66,52,53,202.0,101.5,199.5,221,1
Dallas,Toronto,49,48,44,37,200.0,98.5,203.5,178,0
LAClippers,Charlotte,51,46,45,44,198.5,98.5,200.0,186,0
Philadelphia,NewYork,59,58,47,52,206.0,102.0,203.0,216,1
Detroit,Milwaukee,53,53,60,39,196.0,98.0,196.5,205,1
Sacramento,Houston,51,48,62,56,217.0,106.0,215.5,217,1
Indiana,Phoenix,59,52,64,49,196.0,100.0,196.5,224,1
OklahomaCity,SanAntonio,54,54,43,65,205.0,103.0,207.0,216,1
LALakers,Miami,57,46,57,51,209.5,103.0,211.0,211,0
Denver,Portland,57,69,51,38,221.0,109.5,220.5,215,0
LALakers,Orlando,60,48,63,48,210.5,103.5,206.0,219,1
Toronto,Philadelphia,55,50,53,41,203.5,100.5,206.0,199,0
SanAntonio,Atlanta,41,48,51,44,210.5,104.5,208.0,184,0
Milwaukee,Cleveland,47,36,43,45,195.0,95.0,193.5,171,0
Dallas,Brooklyn,39,64,45,65,200.0,99.5,201.0,213,1
OklahomaCity,Boston,55,41,40,48,191.5,95.0,198.0,184,0
Charlotte,NewYork,51,62,54,54,189.5,94.0,186.5,221,1
NewOrleans,Detroit,51,51,49,53,203.0,102.0,202.5,204,1
Memphis,Houston,41,38,49,47,196.0,97.0,199.5,175,0
LAClippers,Chicago,67,56,49,35,190.5,94.5,193.5,207,1
Washington,Phoenix,59,49,50,38,207.5,103.0,207.0,196,0
Indiana,Sacramento,63,47,53,43,198.0,102.0,195.0,227,1
Minnesota,GoldenState,72,54,63,52,211.0,107.5,212.5,241,1
Chicago,Charlotte,46,32,34,64,181.5,90.0,179.5,176,0
LAClippers,Toronto,73,63,50,58,198.0,98.5,199.5,244,1
OklahomaCity,Philadelphia,52,45,57,40,208.0,102.0,207.5,194,0
Houston,Memphis,30,51,44,55,194.5,98.0,198.5,180,0
Atlanta,Milwaukee,56,49,55,39,196.5,96.0,198.0,199,1
Indiana,Denver,40,51,71,43,203.0,102.0,200.5,205,1
Washington,Utah,50,54,50,51,195.5,100.5,195.0,205,1
Minnesota,Portland,56,66,46,51,219.5,108.0,220.5,219,0
SanAntonio,Miami,62,46,54,52,205.0,102.0,203.0,214,1
LALakers,NewYork,47,51,66,49,210.0,103.5,206.5,213,1
Orlando,NewOrleans,48,50,46,48,197.5,98.5,198.0,192,0
Phoenix,Cleveland,51,53,31,54,204.0,101.0,204.5,189,0
Brooklyn,Boston,28,41,43,52,191.0,93.5,193.0,164,0
Detroit,Dallas,53,49,63,57,214.0,105.5,208.5,222,1
Denver,Sacramento,61,63,64,54,216.0,107.0,216.5,242,1
Portland,GoldenState,50,59,34,48,216.5,107.0,216.5,191,0
Phoenix,Philadelphia,66,50,61,60,214.5,105.0,213.5,237,1
Toronto,Brooklyn,51,62,50,44,190.5,95.5,189.0,207,1
Atlanta,OklahomaCity,58,49,59,54,204.0,103.0,205.5,220,1
Minnesota,Chicago,43,57,37,44,197.0,98.0,195.0,181,0
Sacramento,Utah,42,58,51,54,205.0,102.5,204.0,205,1
NewOrleans,Cleveland,55,45,48,41,194.0,97.0,198.0,189,0
Boston,NewYork,46,54,45,57,193.0,95.5,193.5,202,1
Orlando,Detroit,42,54,42,52,205.0,100.5,204.0,190,0
SanAntonio,Houston,48,37,51,51,209.5,104.0,211.0,187,0
Memphis,Portland,53,54,32,40,197.5,100.0,197.5,179,0
Washington,GoldenState,46,48,37,42,205.0,103.0,206.0,173,0
Indiana,LALakers,41,57,50,48,205.0,104.0,204.0,196,0
Orlando,Toronto,53,42,50,36,194.0,95.5,194.0,181,0
OklahomaCity,Miami,51,54,61,41,203.0,100.5,204.0,207,1
Philadelphia,Boston,49,51,45,44,203.5,102.0,202.0,189,0
NewOrleans,Minnesota,39,43,47,36,203.0,102.0,206.0,165,0
Phoenix,Milwaukee,47,65,63,68,201.5,99.5,200.0,243,1
Houston,Dallas,62,58,56,56,210.0,105.0,213.0,232,1
Charlotte,Denver,53,52,45,49,205.5,102.5,204.0,199,0
Chicago,SanAntonio,36,40,53,53,187.5,92.0,191.0,182,0
Memphis,Sacramento,49,45,38,56,194.5,97.5,194.0,188,0
Washington,LAClippers,61,52,42,58,206.5,102.0,207.0,213,1
Phoenix,Indiana,55,60,36,45,200.5,101.5,199.0,196,0
Cleveland,NewYork,59,37,50,57,197.5,97.0,196.5,203,1
LAClippers,GoldenState,53,67,37,46,213.0,106.0,212.0,203,0
Milwaukee,Orlando,55,58,39,63,195.5,96.5,192.5,215,1
Atlanta,Philadelphia,48,68,61,47,212.5,105.5,211.0,224,1
Memphis,Minnesota,52,35,46,51,189.0,94.5,193.5,184,0
OklahomaCity,Brooklyn,46,52,50,67,198.5,96.5,199.0,215,1
Sacramento,Dallas,44,59,53,54,214.5,104.5,214.0,210,0
GoldenState,Utah,44,45,48,48,201.0,98.5,202.0,185,0
Charlotte,LALakers,58,53,49,50,206.0,102.0,203.5,210,1
Brooklyn,Indiana,49,42,51,51,191.0,95.0,188.5,193,1
OklahomaCity,Washington,38,42,62,35,201.0,98.0,201.0,177,0
Philadelphia,Detroit,54,52,57,46,215.0,105.0,214.0,209,0
Minnesota,Atlanta,49,53,59,72,208.0,104.0,208.5,233,1
Cleveland,Houston,54,59,44,41,206.5,102.0,207.0,198,0
Chicago,NewOrleans,44,45,39,39,182.0,89.0,183.5,167,0
Milwaukee,Memphis,41,51,44,53,180.0,90.5,183.0,189,1
Miami,NewYork,51,48,49,49,201.5,98.0,201.0,197,0
Sacramento,SanAntonio,51,54,44,39,205.0,102.0,207.5,188,0
Charlotte,Phoenix,59,41,53,47,205.0,99.5,204.5,200,0
Toronto,Portland,50,47,60,52,205.5,100.5,205.0,209,1
Utah,LAClippers,40,44,57,48,208.5,101.5,205.5,189,0
Orlando,Boston,46,53,36,50,191.0,95.0,191.5,185,0
Orlando,Indiana,51,58,29,39,188.5,94.5,191.0,177,0
Portland,Washington,59,52,40,39,208.0,103.5,207.0,190,0
Detroit,Miami,61,59,44,34,206.0,102.5,208.0,198,0
Philadelphia,Brooklyn,40,63,50,57,210.0,104.5,206.0,210,1
NewYork,Milwaukee,37,56,51,55,195.0,97.0,193.0,199,1
SanAntonio,NewOrleans,52,44,44,57,193.0,97.0,195.5,197,1
Cleveland,Dallas,52,59,62,58,205.5,102.0,206.0,231,1
LAClippers,Denver,54,66,43,68,215.0,106.0,216.0,231,1
Chicago,Sacramento,36,41,51,41,193.5,95.0,190.5,169,0
Indiana,Atlanta,34,51,36,53,200.5,101.5,197.5,174,0
LALakers,Minnesota,64,56,47,41,217.0,105.0,216.5,208,0
Chicago,Phoenix,34,43,55,61,192.5,95.5,193.5,193,0
Charlotte,GoldenState,39,51,39,37,199.5,100.0,202.0,166,0
Boston,Philadelphia,57,46,67,52,205.5,101.0,203.0,222,1
LALakers,Cleveland,53,66,59,49,207.5,101.5,210.0,227,1
SanAntonio,Washington,58,52,55,33,193.0,98.5,195.5,243,1
Portland,NewYork,49,44,52,39,206.0,102.5,208.0,184,0
Detroit,Orlando,52,48,62,48,202.5,99.0,200.5,210,1
Minnesota,OklahomaCity,51,59,47,46,198.5,98.0,208.5,203,0
Dallas,Memphis,47,60,43,56,189.0,95.0,189.0,206,1
Phoenix,Houston,65,64,56,45,214.5,107.0,211.5,230,1
Atlanta,NewOrleans,52,46,48,59,201.5,101.5,198.0,205,1
Milwaukee,Denver,54,49,53,54,210.0,104.0,208.0,210,1
SanAntonio,Brooklyn,41,38,64,49,196.5,98.0,193.0,192,0
Chicago,GoldenState,45,51,48,45,187.0,93.5,191.0,189,0
LALakers,Philadelphia,61,64,47,38,220.0,109.0,218.0,210,0
Portland,Indiana,44,51,53,58,197.5,98.0,197.0,231,1
Cleveland,Washington,70,60,48,50,198.0,100.5,200.0,228,1
OklahomaCity,Orlando,59,57,52,37,199.0,98.0,201.0,205,1
Sacramento,Boston,50,45,45,48,198.5,98.5,201.0,188,0
Denver,NewYork,46,48,57,56,210.0,104.0,209.0,207,0
Brooklyn,Detroit,47,64,58,37,206.0,102.0,203.5,206,1
Utah,Dallas,51,46,52,35,205.0,103.5,204.0,184,0
Minnesota,NewOrleans,51,38,43,57,198.5,98.0,199.0,189,0
Toronto,LAClippers,51,67,57,48,206.5,101.5,204.0,223,1
SanAntonio,Charlotte,46,37,56,65,192.0,97.5,191.0,204,1
Memphis,Atlanta,56,24,35,40,190.5,96.0,190.0,155,0
Portland,Minnesota,51,58,57,61,204.0,100.5,211.0,227,1
Houston,Milwaukee,55,46,49,46,204.0,101.0,205.5,196,0
GoldenState,Phoenix,57,65,63,46,209.0,104.5,208.0,231,1
Miami,Utah,52,50,32,49,195.5,97.0,198.0,183,0
NewYork,OklahomaCity,57,54,53,48,198.0,98.5,200.5,212,1
NewOrleans,Brooklyn,43,36,52,43,195.5,98.0,193.0,174,0
Memphis,Cleveland,40,35,42,39,183.0,90.5,186.0,174,0
Dallas,Boston,33,49,46,65,201.0,98.5,198.5,193,0
Sacramento,Washington,52,50,37,38,205.0,101.0,204.0,177,0
Indiana,Orlando,59,36,43,47,190.5,97.0,188.5,185,0
Philadelphia,LAClippers,61,38,52,50,220.5,104.5,218.5,201,0
NewOrleans,Toronto,51,47,54,57,194.5,98.5,193.5,209,1
SanAntonio,Detroit,49,58,57,45,206.5,104.5,205.5,209,1
Houston,Minnesota,62,63,35,36,206.5,103.0,210.0,196,0
Boston,Milwaukee,50,45,43,50,189.5,93.5,191.0,188,0
Philadelphia,GoldenState,50,49,51,53,215.0,104.5,215.0,203,0
Sacramento,Cleveland,53,45,50,60,205.0,102.5,203.0,208,1
Dallas,Charlotte,54,48,52,49,201.5,100.0,198.0,203,1
Atlanta,Chicago,50,47,53,35,187.0,93.5,187.5,185,0
Washington,Memphis,47,44,58,32,181.0,90.0,185.0,181,0
Miami,Phoenix,47,42,56,55,210.0,103.0,208.5,200,0
OklahomaCity,Portland,44,56,60,33,211.0,103.0,212.5,193,0
Utah,LALakers,43,42,43,47,201.0,102.5,201.5,175,0
Memphis,Orlando,41,35,49,42,181.5,91.5,182.5,167,0
Dallas,Indiana,38,48,36,32,196.0,98.0,197.0,154,0
Atlanta,Toronto,43,46,54,44,203.0,102.0,199.0,187,0
SanAntonio,Boston,44,48,45,59,192.5,99.0,193.5,196,1
Charlotte,Brooklyn,59,35,54,46,194.0,96.5,192.0,194,1
Cleveland,Detroit,50,41,34,57,209.5,102.0,204.0,182,0
Sacramento,NewYork,55,47,44,40,202.0,101.0,202.0,207,1
Denver,Minnesota,50,52,51,54,208.5,100.5,209.0,207,0
NewOrleans,Milwaukee,47,48,64,41,194.5,100.0,191.0,200,1
Washington,Houston,64,53,66,42,204.5,100.5,203.0,225,1
Philadelphia,Utah,53,51,43,58,201.0,100.5,203.0,205,1
Miami,GoldenState,48,55,63,21,206.5,103.0,205.0,187,0
Portland,LAClippers,61,61,65,20,217.5,107.5,216.5,207,0
Brooklyn,Chicago,48,42,40,38,185.0,91.5,183.0,168,0
OklahomaCity,LALakers,41,58,55,56,204.5,103.0,207.0,210,1
Cleveland,Philadelphia,56,51,40,52,211.5,104.0,208.0,199,0
Toronto,Washington,54,50,50,42,196.5,95.5,195.0,196,1
Atlanta,Indiana,58,48,56,44,195.5,98.5,191.0,206,1
Charlotte,Detroit,53,44,49,58,201.0,98.5,201.5,204,1
NewYork,Memphis,39,48,43,61,181.5,91.5,182.0,191,1
Orlando,Milwaukee,47,53,60,44,195.0,97.5,191.0,204,1
Miami,Dallas,58,56,55,54,205.5,102.5,209.0,223,1
Phoenix,Denver,56,47,50,45,216.0,106.0,209.0,219,1
SanAntonio,LAClippers,50,57,51,58,211.0,106.5,210.0,216,1
Chicago,Toronto,52,37,43,54,182.0,91.0,183.0,186,1
Detroit,Charlotte,49,51,58,56,200.0,99.0,201.0,214,1
Orlando,Cleveland,37,54,49,54,197.5,98.0,196.0,194,0
Washington,Atlanta,45,60,69,37,203.0,101.5,200.0,211,1
NewYork,NewOrleans,47,53,48,41,194.5,98.0,195.5,189,0
Indiana,Minnesota,48,43,63,41,195.0,99.0,195.0,195,0
Boston,Phoenix,50,52,45,47,204.5,102.0,203.0,194,0
Brooklyn,Utah,49,55,45,55,190.0,96.5,192.0,204,1
SanAntonio,Portland,42,61,57,60,209.5,107.0,209.5,220,1
GoldenState,Sacramento,56,53,42,42,207.0,102.5,208.5,193,0
Houston,LALakers,54,53,72,63,215.0,106.0,213.5,242,1
Miami,OklahomaCity,51,50,40,43,206.5,101.5,205.5,184,0
Denver,Milwaukee,53,39,53,46,202.0,99.0,202.0,191,0
Houston,GoldenState,44,46,48,40,212.0,104.0,212.5,201,0
NewOrleans,Charlotte,42,33,52,50,192.5,98.0,191.5,177,0
Cleveland,Toronto,38,45,58,48,196.0,95.0,196.5,189,0
Dallas,Philadelphia,64,67,59,46,211.5,105.0,216.0,236,1
Atlanta,Detroit,41,74,54,53,211.5,105.5,210.0,222,1
Denver,Chicago,51,64,48,43,189.0,92.0,194.0,206,1
LAClippers,Memphis,48,55,38,57,192.5,96.5,196.0,198,1
Utah,Portland,31,51,55,59,201.5,104.0,203.5,196,0
Boston,LALakers,47,43,47,56,208.0,103.0,203.0,193,0
NewOrleans,Washington,45,41,46,55,196.0,99.0,195.5,187,0
Dallas,Detroit,56,62,52,45,212.5,104.0,213.0,215,1
NewYork,Atlanta,47,44,50,64,204.0,101.0,201.5,205,1
Indiana,Milwaukee,45,45,53,67,189.0,95.5,189.0,210,1
Minnesota,Utah,47,61,67,50,196.0,98.0,198.0,225,1
Boston,Sacramento,39,55,53,56,197.5,96.5,198.0,203,1
Brooklyn,GoldenState,51,44,37,47,201.5,101.0,200.5,179,0
LAClippers,OklahomaCity,60,78,54,50,211.5,106.0,209.0,242,1
Chicago,Miami,44,36,37,55,185.0,92.5,186.5,172,0
Orlando,Toronto,33,52,60,50,194.5,96.5,194.5,195,1
Washington,Cleveland,57,53,40,29,196.0,97.0,197.0,179,0
Sacramento,Denver,54,46,57,47,209.5,103.5,209.5,204,0
Houston,Phoenix,46,70,60,51,214.0,105.0,214.0,227,1
Minnesota,Portland,60,52,52,41,215.0,106.0,212.5,205,0
Brooklyn,LALakers,54,56,50,50,208.0,103.5,205.0,210,1
Milwaukee,Philadelphia,58,59,65,58,210.0,104.0,206.0,240,1
Dallas,NewYork,52,67,47,52,206.0,103.0,205.0,218,1
GoldenState,Detroit,70,55,39,36,207.5,101.5,209.5,200,0
LAClippers,NewOrleans,58,56,57,62,208.0,102.0,205.5,233,1
Boston,Utah,45,60,46,57,191.5,95.5,190.0,208,1
Orlando,Washington,66,49,58,48,194.0,95.5,195.5,221,1
Toronto,Cleveland,40,48,51,53,193.0,93.5,194.0,192,0
LALakers,Indiana,53,58,50,55,206.0,102.0,202.0,216,1
Chicago,Atlanta,50,55,50,55,189.5,98.0,186.5,210,1
Minnesota,Phoenix,62,50,44,55,211.5,102.5,213.0,211,0
Houston,Sacramento,59,61,61,51,212.5,103.5,213.0,232,1
Orlando,Philadelphia,41,43,50,57,215.0,106.0,212.0,191,0
Atlanta,Boston,52,62,46,59,203.0,102.5,200.0,219,1
Cleveland,OklahomaCity,53,50,45,70,205.0,99.5,202.0,218,1
NewOrleans,Dallas,47,45,53,52,205.0,105.0,205.0,197,0
LALakers,Memphis,54,57,44,56,198.5,99.0,196.0,211,1
GoldenState,Chicago,45,56,38,47,186.5,89.5,188.0,186,0
Detroit,SanAntonio,54,56,61,59,210.5,105.0,209.0,230,1
Phoenix,Utah,53,44,45,53,200.0,98.0,201.5,195,0
Brooklyn,Portland,49,43,49,63,206.5,102.0,204.0,204,0
Houston,LAClippers,48,46,53,47,222.0,108.0,220.0,194,0
Milwaukee,Indiana,45,55,39,58,196.0,97.0,196.5,197,1
Washington,Toronto,48,63,50,51,198.0,97.5,196.0,263,1
NewYork,Miami,50,55,46,39,201.0,99.5,202.0,190,0
Brooklyn,Denver,37,58,50,56,201.0,101.0,203.0,201,0
Utah,Cleveland,47,33,49,49,192.5,100.0,193.5,178,0
Memphis,OklahomaCity,51,48,59,62,195.0,97.5,192.0,220,1
GoldenState,NewYork,65,60,54,50,199.0,99.5,200.0,229,1
Charlotte,SanAntonio,39,47,45,43,200.0,100.5,201.0,174,0
Chicago,Dallas,52,53,44,42,193.5,97.0,193.0,191,0
NewOrleans,Phoenix,58,52,52,58,201.5,102.0,203.0,220,1
Washington,Philadelphia,69,67,44,45,214.5,107.0,212.0,225,1
Orlando,Miami,62,52,48,48,199.5,98.0,201.0,210,1
Detroit,Houston,61,54,60,53,215.0,104.5,216.5,228,1
Indiana,Boston,55,48,51,45,190.5,99.5,193.5,199,1
Brooklyn,Milwaukee,60,48,41,56,198.5,98.5,197.0,205,1
Cleveland,Memphis,52,67,48,39,184.0,94.5,186.5,206,1
Minnesota,Sacramento,61,48,45,51,216.5,106.0,211.0,205,0
Denver,Portland,56,48,53,41,215.0,105.0,211.0,198,0
NewOrleans,LAClippers,47,40,48,49,209.5,104.5,208.5,184,0
GoldenState,Toronto,53,52,48,49,203.0,100.0,201.0,202,1
Philadelphia,Orlando,55,34,46,38,211.0,104.5,213.0,173,0
Utah,Indiana,41,50,54,40,189.5,98.0,190.0,185,0
Dallas,SanAntonio,47,48,53,70,209.0,103.0,212.5,218,1
Charlotte,OklahomaCity,56,60,50,49,204.0,101.5,202.5,215,1
Atlanta,Phoenix,77,67,53,52,217.0,108.0,214.0,249,1
Chicago,Brooklyn,45,47,43,41,187.0,93.5,187.0,176,0
NewYork,Detroit,48,35,50,48,210.0,102.5,207.5,181,0
Charlotte,Miami,55,59,63,54,197.5,97.5,196.0,231,1
Minnesota,Denver,65,50,66,79,216.5,105.0,212.0,260,1
LALakers,Portland,53,66,52,42,224.0,110.0,220.0,213,0
NewOrleans,Sacramento,41,37,49,58,204.0,103.5,203.0,185,0
GoldenState,Indiana,46,44,53,51,196.0,96.5,196.5,194,0
SanAntonio,Cleveland,36,54,63,70,203.5,105.0,203.0,223,1
Philadelphia,OklahomaCity,61,45,68,43,219.0,107.0,217.0,217,0
Miami,Houston,71,34,51,53,208.5,103.0,210.0,209,0
LAClippers,Phoenix,49,50,55,46,218.5,105.0,218.5,200,0
Indiana,Charlotte,36,49,45,66,190.0,97.0,189.5,196,1
Houston,Orlando,51,38,51,50,204.5,100.5,205.0,190,0
Utah,Washington,51,47,52,45,198.5,102.0,198.0,195,0
Chicago,Detroit,44,55,42,58,191.5,94.0,194.5,199,1
GoldenState,Boston,52,49,37,58,201.5,99.0,200.0,196,0
Sacramento,Milwaukee,54,55,60,49,205.5,102.0,205.0,218,1
NewYork,Minnesota,62,59,53,50,212.0,105.5,209.5,224,1
Dallas,Denver,75,44,33,73,221.0,107.5,216.5,225,1
Atlanta,Portland,48,46,40,46,218.5,107.0,218.0,180,0
Miami,SanAntonio,59,54,43,42,206.0,104.0,207.0,198,0
OklahomaCity,Phoenix,73,53,73,51,217.0,105.5,216.0,250,1
LAClippers,LALakers,56,57,56,67,224.0,109.0,224.0,236,1
Cleveland,Charlotte,57,48,45,43,198.0,98.5,195.0,193,0
Memphis,Chicago,27,47,54,34,178.5,88.5,181.0,162,0
Sacramento,Toronto,48,47,48,43,205.0,101.5,205.0,186,0
Utah,NewYork,61,40,43,45,196.5,101.0,198.0,189,0
Brooklyn,Boston,46,48,54,27,200.5,100.5,194.0,175,0
Milwaukee,NewOrleans,47,53,55,61,200.0,99.5,203.0,216,1
Portland,Dallas,43,52,54,52,215.0,102.0,218.5,201,0
LALakers,Denver,77,66,58,59,230.0,114.5,227.0,260,1
Indiana,Houston,43,50,54,51,201.5,102.5,202.0,198,0
Atlanta,GoldenState,63,55,44,46,208.5,104.0,212.0,208,0
Utah,Philadelphia,46,56,43,51,206.5,106.0,206.5,196,0
NewYork,Cleveland,42,66,45,51,201.5,100.0,199.0,204,1
Charlotte,Memphis,46,50,44,60,186.0,93.0,186.5,200,1
Orlando,SanAntonio,58,62,51,62,204.0,104.0,202.0,233,1
Washington,Milwaukee,63,65,31,62,203.5,98.5,202.5,221,1
Atlanta,LAClippers,57,58,51,51,221.0,109.0,217.0,217,0
Miami,Chicago,40,40,46,46,186.5,89.5,188.5,183,0
OklahomaCity,LALakers,61,46,55,62,228.0,112.5,228.5,224,0
Denver,NewOrleans,46,51,49,42,213.0,104.5,214.5,218,1
Toronto,Minnesota,66,39,54,56,208.5,102.5,208.0,215,1
Portland,Houston,58,43,57,54,214.0,105.0,214.0,231,1
Indiana,Dallas,48,45,54,52,198.0,101.0,199.0,199,0
Phoenix,GoldenState,51,66,55,48,211.0,105.0,211.5,220,1
Denver,Charlotte,47,49,51,56,212.0,105.5,210.0,203,0
Washington,Miami,54,44,48,43,205.0,100.0,204.0,189,0
Philadelphia,NewYork,57,65,54,57,215.0,108.0,211.5,233,1
Toronto,Brooklyn,49,52,50,47,197.5,98.5,194.5,198,1
Atlanta,Utah,50,53,55,64,201.5,102.0,202.5,222,1
Orlando,Milwaukee,37,59,43,64,203.5,99.5,204.0,203,0
Phoenix,LAClippers,57,50,59,51,217.5,105.0,220.0,217,0
Boston,Indiana,44,45,41,47,192.0,94.5,195.0,177,0
Sacramento,Detroit,59,47,31,51,215.0,106.5,212.0,188,0
Portland,Memphis,45,56,46,61,196.5,98.5,198.5,208,1
Milwaukee,Minnesota,61,55,54,43,214.5,106.5,214.0,213,0
SanAntonio,Chicago,52,42,62,44,190.0,97.5,189.5,200,1
Houston,OklahomaCity,50,47,47,60,216.0,106.0,217.0,204,0
Dallas,GoldenState,51,48,37,57,208.0,103.0,211.0,193,0
Brooklyn,Miami,44,40,60,47,201.5,99.0,202.0,191,0
Detroit,Toronto,50,47,46,45,206.0,102.0,207.0,188,0
Sacramento,Philadelphia,52,60,54,47,216.5,106.0,215.0,213,0
Denver,Orlando,50,52,57,73,213.5,105.5,211.5,232,1
Charlotte,Washington,49,45,41,48,199.0,98.5,198.5,183,0
NewYork,Boston,60,56,44,48,199.5,98.5,201.0,208,1
Memphis,NewOrleans,54,51,36,37,186.0,94.5,189.5,178,0
Dallas,Utah,48,60,50,51,201.0,101.0,203.0,209,1
Portland,SanAntonio,54,42,41,56,210.5,104.5,211.0,193,0
Cleveland,Phoenix,61,46,52,52,211.0,104.0,208.5,211,1
GoldenState,LAClippers,58,52,53,46,211.0,103.5,214.0,209,0
Houston,Chicago,45,47,51,55,193.5,95.5,193.0,198,1
Milwaukee,Atlanta,53,47,35,64,208.5,105.0,209.5,199,0
LALakers,OklahomaCity,52,54,72,55,225.0,108.5,227.0,233,1
Washington,Orlando,47,38,48,41,200.5,99.0,204.5,206,1
Indiana,Philadelphia,47,50,47,51,205.5,104.5,203.5,195,0
Minnesota,Charlotte,66,52,45,35,206.0,102.0,207.5,198,0
Memphis,Toronto,43,48,47,47,186.5,95.5,188.0,185,0
Phoenix,Boston,51,39,34,43,208.0,102.5,207.0,167,0
Denver,Miami,50,61,45,62,215.0,106.5,213.0,218,1
Portland,NewOrleans,55,53,53,53,200.5,100.5,204.0,214,1
LALakers,SanAntonio,43,52,54,55,225.5,111.5,223.5,204,0
LAClippers,Utah,55,39,55,34,205.0,102.0,206.5,183,0
Cleveland,GoldenState,48,57,50,42,200.0,100.0,202.0,197,0
Milwaukee,NewYork,53,49,52,55,204.5,102.0,207.5,209,1
Brooklyn,Washington,45,60,46,44,196.0,96.0,197.5,195,0
Denver,Atlanta,43,47,58,41,220.0,108.5,217.0,189,0
Indiana,Detroit,49,52,51,48,197.0,101.0,198.0,216,1
Memphis,Philadelphia,43,38,50,49,201.0,98.0,200.0,180,0
Sacramento,Chicago,46,45,36,54,189.5,94.0,190.0,181,0
Phoenix,Toronto,72,48,66,48,203.5,102.0,204.0,234,1
Charlotte,Milwaukee,51,45,54,43,195.0,97.5,199.0,193,0
Houston,Miami,60,51,49,57,207.0,102.0,209.0,217,1
Boston,NewOrleans,52,69,47,56,194.5,99.5,196.0,241,1
Dallas,OklahomaCity,52,55,54,34,212.5,103.5,215.5,195,0
Utah,SanAntonio,49,65,53,59,200.0,103.5,200.0,226,1
Sacramento,Minnesota,61,46,44,55,209.5,101.5,213.5,206,0
Cleveland,LAClippers,45,45,45,47,208.0,99.5,208.5,182,0
Philadelphia,Indiana,45,63,34,47,204.0,102.0,203.0,189,0
Phoenix,Brooklyn,50,61,51,41,208.0,103.5,205.0,203,0
OklahomaCity,Chicago,44,48,49,41,194.0,97.0,193.0,182,0
Utah,Houston,48,53,60,49,203.0,104.0,203.5,210,1
Boston,Dallas,48,45,32,58,203.0,100.5,203.0,183,0
LAClippers,Denver,48,61,57,44,217.0,106.5,222.0,210,0
Miami,Cleveland,62,51,45,38,192.5,97.0,195.5,196,1
Toronto,Atlanta,43,55,60,54,201.0,101.0,202.0,231,1
Milwaukee,Portland,55,44,48,49,206.5,104.5,207.0,235,1
Washington,Sacramento,49,44,50,57,201.0,99.0,202.0,228,1
Orlando,GoldenState,57,47,49,39,206.5,102.5,201.5,192,0
Chicago,Philadelphia,54,43,47,52,194.0,96.0,195.0,196,1
Miami,Boston,56,56,46,39,194.5,96.5,199.0,197,0
Charlotte,Brooklyn,47,53,45,58,193.0,96.5,193.5,203,1
Indiana,NewYork,35,47,47,49,192.0,98.0,194.5,178,0
Toronto,NewOrleans,56,57,53,41,194.0,97.0,197.0,207,1
Utah,Memphis,49,31,57,45,187.5,96.0,187.0,182,0
Minnesota,Dallas,61,64,56,45,210.0,104.0,211.5,245,1
Detroit,Denver,55,60,54,58,217.5,107.0,220.0,227,1
Orlando,Phoenix,50,54,54,44,210.0,103.5,209.0,202,0
SanAntonio,LALakers,64,51,64,55,220.0,112.5,222.0,234,1
OklahomaCity,Cleveland,46,56,51,44,201.5,99.5,199.0,197,0
Minnesota,Houston,60,58,62,55,215.5,105.0,213.0,235,1
Washington,Portland,51,53,55,60,205.5,102.0,206.0,219,1
Milwaukee,GoldenState,50,54,53,68,206.5,103.0,204.0,225,1
NewYork,Philadelphia,45,32,60,48,210.5,103.0,210.5,185,0
Chicago,Indiana,42,45,50,33,179.5,90.0,180.5,170,0
OklahomaCity,Toronto,43,45,55,49,205.0,103.0,204.0,237,1
NewOrleans,Atlanta,36,52,52,76,203.5,104.0,202.0,216,1
Memphis,Miami,37,51,48,41,190.0,94.5,191.0,177,0
Boston,Brooklyn,62,56,50,44,197.0,98.0,195.0,212,1
Denver,Dallas,55,59,54,60,218.0,107.0,221.0,228,1
Detroit,Phoenix,53,48,43,46,218.0,107.5,217.0,190,0
SanAntonio,Sacramento,47,37,42,52,207.5,105.0,208.0,178,0
Washington,LALakers,54,51,64,55,218.5,110.0,219.0,224,1
Houston,Cleveland,70,52,58,49,203.0,100.5,204.0,229,1
Indiana,Memphis,36,37,40,40,181.0,94.0,180.0,153,0
Miami,NewOrleans,44,44,60,52,196.5,95.5,199.5,200,1
Philadelphia,Chicago,45,34,45,48,193.0,94.0,196.0,172,0
Orlando,Utah,43,49,35,50,195.5,98.5,195.5,177,0
Detroit,LAClippers,62,49,39,65,216.5,106.0,215.5,215,0
SanAntonio,GoldenState,54,43,48,44,206.0,106.5,209.0,189,0
Atlanta,Toronto,41,50,40,51,202.5,101.5,203.5,182,0
Phoenix,Minnesota,68,67,61,51,217.5,108.0,218.0,247,1
Washington,Denver,50,46,54,57,213.5,104.5,216.5,207,0
Milwaukee,Sacramento,55,59,60,57,207.0,102.5,205.0,231,1
Cleveland,NewYork,61,46,54,45,199.0,98.0,199.0,206,1
Brooklyn,Dallas,44,45,48,45,203.0,101.0,207.0,211,1
Houston,Charlotte,49,55,42,43,205.5,101.0,207.0,189,0
Portland,Miami,47,41,45,51,209.0,102.5,209.0,184,0
Minnesota,Memphis,45,51,53,52,199.5,98.0,196.5,201,1
Denver,OklahomaCity,65,65,33,50,216.5,105.5,220.0,213,0
Indiana,Chicago,34,33,53,46,176.0,90.0,179.0,166,0
Brooklyn,NewOrleans,46,54,49,47,198.5,97.5,199.5,213,1
Philadelphia,SanAntonio,55,49,53,47,210.5,104.0,212.0,204,0
Detroit,Utah,49,51,55,53,203.0,101.5,201.5,208,1
Milwaukee,LAClippers,60,49,44,51,213.5,105.5,209.0,204,0
Toronto,Cleveland,43,61,65,33,194.0,97.0,196.0,202,1
Portland,Orlando,49,43,52,36,204.0,101.0,205.0,180,0
OklahomaCity,Dallas,52,67,54,49,209.5,105.0,213.0,247,1
NewYork,LALakers,36,56,82,49,216.0,106.0,217.0,223,1
Phoenix,Washington,48,50,50,44,208.5,101.0,210.0,192,0
Toronto,Boston,53,48,38,50,196.5,96.0,194.0,189,0
Cleveland,Detroit,57,44,47,45,204.5,99.0,204.5,193,0
Atlanta,Minnesota,39,50,47,54,215.0,105.0,214.5,190,0
Miami,Indiana,40,49,42,36,186.5,92.0,187.0,167,0
LAClippers,NewOrleans,56,51,44,43,206.0,102.5,207.0,194,0
Denver,SanAntonio,62,44,45,60,216.5,107.0,216.5,211,0
Memphis,Utah,42,48,43,45,182.0,92.5,185.0,178,0
Portland,Atlanta,38,52,52,43,206.5,102.5,210.0,185,0
LALakers,Milwaukee,56,52,59,46,219.5,106.5,218.0,213,0
Philadelphia,Houston,63,49,68,38,214.5,104.5,215.0,218,1
Boston,Toronto,58,51,49,50,195.0,98.5,195.0,208,1
Indiana,Washington,45,36,49,39,186.5,96.5,187.5,169,0
Charlotte,Orlando,46,45,64,39,191.0,95.5,194.0,215,1
Cleveland,Brooklyn,58,53,51,43,195.5,97.0,197.5,205,1
Miami,Detroit,51,48,53,36,199.0,96.5,203.0,188,0
Utah,NewOrleans,42,39,57,59,196.0,100.5,195.0,197,1
LALakers,Minnesota,65,52,71,62,226.5,109.0,224.0,250,1
Portland,Chicago,35,48,48,34,186.5,93.5,190.5,165,0
Sacramento,OklahomaCity,47,45,41,42,207.0,100.0,208.0,175,0
SanAntonio,Denver,54,51,66,64,217.0,108.0,214.5,235,1
NewYork,Phoenix,60,42,52,46,208.0,101.5,210.0,200,0
Memphis,GoldenState,57,48,50,38,186.0,93.0,189.0,193,1
Detroit,Philadelphia,56,65,45,55,211.0,104.5,212.5,221,1
Atlanta,Washington,55,47,44,52,198.5,98.0,198.5,198,0
LAClippers,Houston,56,63,53,53,215.5,106.0,215.0,225,1
Sacramento,Dallas,45,51,46,61,204.0,100.0,210.0,203,0
NewOrleans,SanAntonio,43,44,42,47,202.0,103.5,203.5,176,0
Miami,Milwaukee,33,42,36,44,198.0,95.0,201.5,155,0
Utah,OklahomaCity,35,64,70,43,202.0,104.0,200.5,212,1
Indiana,Cleveland,45,40,46,35,182.5,94.0,184.5,166,0
Toronto,Orlando,49,46,42,54,194.0,96.0,196.0,191,0
Minnesota,Brooklyn,57,56,54,46,210.5,104.0,211.0,213,1
Chicago,Boston,51,50,54,54,180.5,89.5,185.0,209,1
Memphis,Portland,48,54,54,47,189.0,95.0,192.0,203,1
NewYork,GoldenState,54,46,40,33,202.5,100.0,199.0,173,0
Phoenix,LALakers,41,63,59,51,224.0,110.5,228.0,214,0
Washington,Charlotte,45,59,46,44,194.5,95.5,192.0,194,1
SanAntonio,Indiana,40,43,45,52,188.5,96.5,192.0,180,0
Toronto,Miami,47,58,34,37,192.0,94.5,197.5,176,0
Milwaukee,Detroit,64,49,50,64,206.5,102.5,206.0,227,1
Philadelphia,Atlanta,49,47,52,50,210.5,103.0,209.0,198,0
Boston,Chicago,49,49,43,33,184.5,91.0,181.0,174,0
Sacramento,NewOrleans,51,57,48,43,196.5,98.5,198.0,199,1
LAClippers,Minnesota,48,57,49,64,213.5,104.0,217.0,218,1
NewYork,Utah,48,49,51,27,193.0,98.0,196.0,175,0
Memphis,Denver,41,51,51,43,201.0,100.0,200.5,186,0
Houston,Brooklyn,53,52,57,39,210.0,103.5,208.0,201,0
Portland,LALakers,56,68,50,62,218.0,109.5,222.0,236,1
Boston,Washington,50,53,48,59,200.0,98.0,195.0,210,1
Brooklyn,NewYork,49,52,42,48,195.0,96.0,198.0,191,0
Detroit,Indiana,55,41,51,48,191.0,96.0,190.5,195,1
Houston,Toronto,48,57,65,40,202.5,101.0,203.5,210,1
Cleveland,Orlando,62,55,45,55,197.0,98.5,195.5,217,1
Charlotte,Philadelphia,50,51,50,65,205.0,100.5,203.0,216,1
Chicago,Atlanta,62,44,44,47,183.5,92.5,188.0,197,1
Milwaukee,Miami,52,42,40,39,194.0,94.5,195.0,173,0
Memphis,Minnesota,40,49,49,52,198.0,99.0,198.5,190,0
GoldenState,SanAntonio,49,50,55,47,200.0,98.0,204.0,201,0
NewOrleans,Denver,66,58,62,58,209.0,106.5,211.0,244,1
LALakers,Sacramento,47,65,51,46,218.5,106.5,217.5,209,0
SanAntonio,OklahomaCity,46,53,52,49,206.0,105.5,208.5,200,0
Dallas,LAClippers,58,56,53,53,211.5,104.0,213.0,220,1
Indiana,Toronto,55,45,50,46,178.5,92.5,183.5,196,1
Orlando,Charlotte,39,50,43,39,194.0,93.5,194.0,171,0
Denver,Memphis,42,48,44,58,200.5,100.0,199.5,192,0
Minnesota,Miami,53,51,48,42,201.0,97.5,202.5,243,1
Cleveland,Atlanta,62,48,53,52,202.5,100.5,202.0,215,1
Philadelphia,Boston,40,60,47,66,209.5,103.5,207.0,213,1
Detroit,Brooklyn,44,58,58,60,206.0,102.5,206.0,220,1
Washington,NewYork,48,34,49,48,195.5,97.5,196.0,179,0
Milwaukee,Chicago,42,44,58,48,184.5,91.5,186.0,192,1
NewOrleans,Utah,48,40,50,58,194.5,99.5,195.0,196,1
OklahomaCity,Houston,50,45,71,52,214.0,106.0,211.0,218,1
Phoenix,Portland,54,51,54,43,212.0,105.5,213.0,202,0
Sacramento,GoldenState,39,47,48,37,198.5,97.5,202.5,171,0
Dallas,LALakers,50,56,54,42,222.0,109.5,223.0,202,0
Minnesota,Orlando,51,43,55,43,201.0,98.0,205.0,192,0
Brooklyn,Philadelphia,48,51,51,56,207.0,100.0,209.0,206,0
Boston,Detroit,61,59,60,46,206.5,101.5,205.0,226,1
Charlotte,Cleveland,38,35,55,36,196.0,98.0,196.0,190,0
Toronto,Milwaukee,50,53,48,49,196.0,96.0,199.0,200,1
NewYork,Miami,51,47,39,56,186.5,93.0,189.0,193,1
LALakers,LAClippers,47,59,60,51,224.5,109.0,225.0,217,0
Atlanta,Indiana,44,34,60,57,186.0,93.0,188.5,195,1
Dallas,Sacramento,53,40,40,51,201.0,98.5,201.0,184,0
Denver,Houston,49,72,55,58,222.5,111.0,220.0,255,1
Memphis,SanAntonio,36,56,56,56,191.0,96.5,192.0,204,1
Utah,GoldenState,57,61,56,58,197.0,102.0,195.0,232,1
NewOrleans,Portland,50,53,43,48,205.5,105.0,206.0,194,0
OklahomaCity,Phoenix,53,62,70,52,211.0,105.0,212.5,237,1
Brooklyn,Miami,40,47,40,48,192.0,95.0,190.0,175,0
SanAntonio,Minnesota,46,42,60,53,206.5,105.5,208.5,201,0
Dallas,Utah,64,43,39,32,200.0,98.5,199.5,178,0
OklahomaCity,Sacramento,57,53,52,37,200.5,99.0,203.5,199,0
Houston,LALakers,61,66,78,70,228.0,113.5,225.0,275,1
Detroit,Atlanta,62,48,49,38,210.0,105.5,210.5,197,0
Brooklyn,Orlando,42,56,63,65,191.5,94.5,195.0,226,1
Philadelphia,Toronto,62,66,59,52,208.0,105.0,206.5,239,1
Detroit,Cleveland,49,57,62,54,208.0,103.5,207.0,222,1
Charlotte,Washington,50,45,42,37,190.0,93.5,193.5,182,0
Boston,Atlanta,55,52,40,55,204.5,103.0,204.5,202,0
Miami,Memphis,63,49,48,49,180.5,91.0,183.0,209,1
Chicago,Minnesota,51,50,44,44,192.5,96.5,191.5,189,0
Phoenix,NewOrleans,37,56,42,47,207.0,103.5,207.0,182,0
Houston,Denver,48,78,67,46,223.0,113.0,222.0,239,1
Sacramento,Portland,47,55,48,49,200.0,99.5,200.5,199,0
OklahomaCity,LAClippers,51,62,45,50,212.0,106.5,213.0,208,0
Denver,GoldenState,43,53,52,51,215.5,106.0,213.5,199,0
Washington,Orlando,46,50,41,45,194.0,97.5,195.0,182,0
NewYork,Toronto,50,42,63,53,194.0,96.5,194.5,208,1
Indiana,Miami,48,39,51,46,181.0,92.0,182.5,184,1
Atlanta,Brooklyn,39,63,45,34,199.0,98.5,204.0,181,0
Charlotte,Boston,57,55,47,50,192.0,96.0,193.0,209,1
NewOrleans,OklahomaCity,53,54,42,61,204.5,104.0,205.0,210,1
Houston,Minnesota,69,53,44,56,215.5,107.5,218.0,222,1
Detroit,Chicago,45,49,56,54,192.5,96.0,192.0,204,1
Philadelphia,Memphis,54,50,47,61,202.0,100.0,200.0,212,1
Cleveland,Milwaukee,69,62,48,56,207.0,104.5,203.0,235,1
Phoenix,SanAntonio,61,50,56,49,205.0,102.5,204.0,216,1
Portland,Utah,54,50,48,58,198.0,99.5,200.5,210,1
GoldenState,LALakers,52,49,51,55,222.0,109.0,220.0,207,0
Sacramento,LAClippers,53,50,61,54,206.0,102.0,204.0,218,1
Milwaukee,Washington,53,54,54,34,203.5,100.0,202.0,195,0
Philadelphia,Charlotte,50,65,50,51,206.5,102.5,205.0,216,1
Boston,Cleveland,46,56,45,63,206.0,102.0,204.5,210,1
Miami,Atlanta,51,47,33,52,195.5,96.5,195.0,183,0
NewOrleans,Houston,42,63,49,61,211.5,108.0,213.0,215,1
Phoenix,Dallas,53,50,50,46,210.5,105.0,209.5,199,0
Utah,Denver,41,37,51,66,212.0,108.0,213.0,195,0
Chicago,NewYork,41,43,57,48,185.0,92.0,184.0,189,1
Toronto,Detroit,68,44,61,50,206.0,101.5,206.0,223,1
Orlando,Brooklyn,53,42,54,36,195.0,98.0,196.5,185,0
OklahomaCity,Indiana,43,49,48,59,192.0,96.0,192.5,199,1
GoldenState,Portland,42,54,55,59,207.5,103.5,203.0,236,1
Minnesota,Sacramento,58,41,52,58,208.0,104.0,203.5,209,1
Memphis,LALakers,50,55,51,36,209.5,106.5,206.5,192,0
Boston,Philadelphia,66,51,53,51,212.5,105.0,212.0,221,1
Miami,Washington,53,65,45,44,190.0,97.0,191.5,207,1
Milwaukee,Toronto,51,54,48,57,204.5,102.0,204.0,210,1
Charlotte,Atlanta,50,44,51,43,195.0,98.5,196.0,188,0
OklahomaCity,NewOrleans,44,47,48,51,204.0,102.5,203.5,190,0
SanAntonio,Houston,51,42,51,58,212.0,109.0,212.0,202,0
Orlando,Chicago,47,54,50,52,182.0,91.5,184.5,203,1
LALakers,Utah,53,55,64,51,215.0,109.0,213.0,223,1
Memphis,Phoenix,38,50,46,54,194.5,97.0,198.0,188,0
Minnesota,GoldenState,70,56,63,61,213.5,106.5,208.0,250,1
NewYork,Brooklyn,47,51,52,57,194.0,95.5,193.0,207,1
Denver,LAClippers,64,45,59,54,221.5,108.5,220.0,222,1
Dallas,Memphis,53,51,44,38,190.0,94.5,190.0,211,1
Utah,Minnesota,48,51,51,64,211.0,107.0,211.0,266,1
Houston,NewOrleans,58,45,55,47,209.0,103.5,210.0,205,0
Detroit,OklahomaCity,58,51,57,57,212.5,105.5,211.0,223,1
LALakers,SanAntonio,56,46,59,52,216.0,107.0,217.0,213,0
Washington,Boston,62,62,42,54,198.0,98.5,199.0,220,1
Brooklyn,Cleveland,54,46,45,54,197.5,98.5,200.0,199,0
Philadelphia,Miami,56,50,44,37,207.5,100.5,205.0,187,0
Indiana,Orlando,45,41,51,50,187.0,96.5,184.0,187,1
Chicago,Charlotte,37,45,37,41,180.5,90.0,182.0,177,0
Toronto,NewYork,49,52,47,39,198.5,99.0,198.5,187,0
Phoenix,Sacramento,45,49,51,58,208.5,103.5,206.0,203,0
GoldenState,Denver,63,55,50,60,209.5,103.0,210.0,228,1
LAClippers,Portland,66,54,47,47,207.0,103.5,208.0,214,1
Brooklyn,Toronto,50,46,33,52,191.0,95.0,193.5,181,0
Memphis,OklahomaCity,45,45,44,52,190.5,95.0,192.5,186,0
Atlanta,Indiana,50,50,46,48,185.5,94.0,187.5,194,1
GoldenState,LAClippers,53,51,62,48,211.0,105.5,210.0,214,1
Dallas,SanAntonio,33,54,43,45,202.5,100.5,206.5,175,0
Charlotte,Miami,42,49,46,50,185.5,92.0,189.5,187,0
Portland,Houston,47,50,55,60,216.0,108.5,216.0,242,1
Memphis,OklahomaCity,40,49,44,65,190.0,96.0,189.5,216,1
GoldenState,LAClippers,51,57,70,58,212.5,104.0,212.0,236,1
Atlanta,Indiana,47,53,44,42,186.5,94.0,187.0,186,0
Brooklyn,Toronto,40,44,46,65,190.5,94.0,189.0,195,1
Washington,Chicago,51,54,40,37,180.0,92.0,181.5,200,1
Charlotte,Miami,48,56,47,47,187.5,95.0,185.5,198,1
Dallas,SanAntonio,47,60,56,42,201.5,102.5,198.0,205,1
Portland,Houston,54,52,54,57,215.5,109.5,212.5,217,1
Indiana,Atlanta,48,29,48,58,187.0,95.0,186.0,183,0
OklahomaCity,Memphis,42,38,52,38,190.0,96.0,190.0,193,1
LAClippers,GoldenState,45,44,50,55,212.0,106.5,214.0,194,0
Toronto,Brooklyn,42,52,49,57,190.5,96.0,191.0,200,1
Houston,Portland,59,50,50,61,214.0,108.5,216.0,237,1
Indiana,Atlanta,51,39,41,48,189.0,98.0,185.0,179,0
SanAntonio,Dallas,61,52,38,66,200.0,104.5,202.5,217,1
Miami,Charlotte,50,54,47,32,187.0,95.0,188.0,183,0
OklahomaCity,Memphis,33,44,39,44,188.0,95.0,188.0,181,0
Chicago,Washington,46,49,49,43,183.5,92.0,182.0,187,1
LAClippers,GoldenState,63,51,46,55,210.0,106.0,210.5,215,1
Toronto,Brooklyn,57,38,39,32,193.0,96.5,192.0,166,0
Houston,Portland,52,60,51,49,214.0,107.5,217.0,243,1
Miami,Charlotte,53,53,49,52,187.5,95.5,187.0,207,1
Atlanta,Indiana,41,60,53,50,186.0,95.0,186.5,204,1
SanAntonio,Dallas,41,45,52,44,200.0,102.5,204.0,182,0
Washington,Chicago,38,44,31,31,183.0,91.5,184.0,144,0
Memphis,OklahomaCity,55,43,48,34,185.5,94.0,187.0,199,1
GoldenState,LAClippers,52,53,44,67,208.5,104.5,211.0,216,1
Brooklyn,Toronto,53,53,54,68,189.0,94.5,191.0,228,1
Dallas,SanAntonio,53,54,43,62,196.5,100.0,198.5,212,1
Portland,Houston,57,47,55,47,214.5,108.0,213.5,206,0
Indiana,Atlanta,42,41,48,52,188.0,96.0,187.5,183,0
OklahomaCity,Memphis,42,55,46,45,184.5,94.0,186.0,188,1
Toronto,Brooklyn,53,48,37,42,192.5,96.5,191.0,180,0
SanAntonio,Dallas,60,50,47,67,197.0,101.5,199.5,224,1
Houston,Portland,57,57,43,40,212.0,107.5,213.0,197,0
Atlanta,Indiana,47,36,51,38,184.5,93.5,186.0,172,0
Memphis,OklahomaCity,63,56,56,54,185.5,97.0,185.5,229,1
GoldenState,LAClippers,54,66,51,76,207.5,106.5,209.5,247,1
Brooklyn,Toronto,54,60,40,53,189.0,97.5,189.5,207,1
Dallas,SanAntonio,58,56,48,53,197.5,100.5,199.5,215,1
Washington,Indiana,43,56,32,67,183.5,94.0,184.0,198,1
LAClippers,OklahomaCity,64,57,61,45,213.5,108.5,212.0,227,1
Brooklyn,Miami,42,47,56,48,192.0,95.5,191.5,193,1
Portland,SanAntonio,45,59,51,53,206.5,104.5,204.5,208,1
Washington,Indiana,46,42,44,36,186.5,94.5,185.0,168,0
LAClippers,OklahomaCity,65,52,54,42,215.5,109.0,215.0,213,0
Brooklyn,Miami,36,55,45,40,191.5,96.5,192.0,176,0
Portland,SanAntonio,55,66,37,53,207.5,105.5,207.0,211,1
Indiana,Washington,34,33,38,43,183.5,92.0,183.0,148,0
OklahomaCity,LAClippers,62,62,52,54,214.0,109.0,213.0,230,1
Miami,Brooklyn,59,41,40,54,188.0,94.5,189.0,194,1
SanAntonio,Portland,46,54,52,69,208.0,105.5,209.0,221,1
OklahomaCity,LAClippers,47,56,35,62,214.0,109.0,215.0,200,0
Indiana,Washington,53,40,50,44,180.0,93.5,180.0,187,1
Miami,Brooklyn,49,56,50,43,186.0,94.0,188.0,198,1
SanAntonio,Portland,53,45,55,42,210.0,109.0,212.0,195,0
Washington,Indiana,44,39,45,53,181.5,93.0,181.5,181,0
LAClippers,OklahomaCity,59,51,56,43,214.0,107.5,212.5,209,0
Brooklyn,Miami,45,46,50,49,189.0,95.5,188.0,190,1
Portland,SanAntonio,38,57,45,46,209.0,106.5,207.5,186,0
Indiana,Washington,52,40,42,39,181.5,94.0,181.0,173,0
OklahomaCity,LAClippers,46,46,52,58,213.0,107.0,213.0,202,0
Miami,Indiana,54,46,53,50,182.0,93.0,182.0,203,1
Miami,Indiana,41,37,47,45,184.0,92.5,184.0,170,0
OklahomaCity,SanAntonio,50,52,51,36,210.0,106.5,210.5,189,0
Indiana,Miami,35,45,55,51,181.5,93.5,182.5,186,1
Indiana,Miami,46,47,51,48,182.5,94.0,183.5,192,1
SanAntonio,OklahomaCity,46,55,49,47,208.0,106.5,207.5,197,0
Miami,Indiana,38,37,46,62,183.0,94.0,184.0,183,0
OklahomaCity,SanAntonio,64,56,48,38,207.0,106.5,206.0,206,0
Indiana,Miami,37,57,55,60,182.0,93.5,183.5,209,1
SanAntonio,OklahomaCity,43,48,57,54,206.5,105.5,206.5,219,1
Miami,SanAntonio,46,57,49,53,198.0,99.5,198.5,205,1
Miami,SanAntonio,45,41,69,39,198.5,100.5,200.0,194,0
SanAntonio,Miami,66,55,40,42,196.5,102.0,198.0,203,1
SanAntonio,Miami,43,48,47,55,195.5,101.5,198.0,193,0
Miami,SanAntonio,51,36,48,56,197.5,101.0,195.0,191,0
Dallas,SanAntonio,50,48,51,52,203.5,102.0,206.5,201,0
Orlando,NewOrleans,49,40,53,43,191.0,94.5,196.0,185,0
Houston,LALakers,50,57,47,44,207.0,103.0,209.0,198,0
Milwaukee,Charlotte,49,54,48,49,193.0,97.0,192.0,214,1
Philadelphia,Indiana,50,49,49,46,189.5,95.0,194.0,194,0
Washington,Miami,50,55,37,60,188.0,93.5,194.0,202,1
Chicago,NewYork,44,52,48,40,184.0,91.5,190.0,184,0
Minnesota,Memphis,52,48,55,51,197.5,99.5,198.0,206,1
Detroit,Denver,44,38,46,40,205.5,100.5,211.0,168,0
Houston,Utah,54,54,39,50,202.0,101.5,203.0,197,0
LALakers,Phoenix,52,57,63,46,208.5,103.5,207.0,218,1
GoldenState,Sacramento,48,48,40,36,206.0,104.0,204.5,172,0
OklahomaCity,Portland,63,40,49,43,198.5,102.0,201.5,195,0
Washington,Orlando,51,54,43,55,188.0,94.0,189.0,203,1
NewYork,Cleveland,43,43,45,54,203.0,100.0,199.0,185,0
Detroit,Minnesota,42,47,51,48,204.5,101.0,205.0,188,0
Utah,Dallas,56,57,53,56,203.0,102.0,202.5,222,1
OklahomaCity,LAClippers,50,37,45,51,205.5,100.0,202.0,183,0
Memphis,Indiana,42,56,47,41,185.5,94.5,186.0,186,0
Cleveland,Chicago,55,55,37,49,193.0,98.0,193.5,222,1
Philadelphia,Milwaukee,48,45,54,27,204.0,102.0,200.0,174,0
Portland,Sacramento,50,46,46,55,198.5,99.5,201.0,197,0
SanAntonio,Phoenix,35,46,57,45,208.5,105.5,206.0,183,0
LAClippers,LALakers,53,65,58,53,210.0,105.5,210.0,229,1
Memphis,Charlotte,38,28,31,43,186.5,93.0,188.5,140,0
Toronto,Orlando,55,46,64,38,196.5,98.5,196.0,203,1
Miami,Philadelphia,62,52,56,40,195.5,97.5,199.5,210,1
Milwaukee,Washington,46,47,57,55,197.0,98.5,197.5,205,1
Brooklyn,Detroit,58,48,50,36,195.5,97.5,197.5,192,0
Indiana,Atlanta,45,50,38,61,193.5,98.0,193.0,194,1
Chicago,Minnesota,52,60,54,45,191.0,95.5,192.0,211,1
Boston,Houston,59,36,48,51,208.5,103.5,205.5,194,0
Denver,OklahomaCity,46,42,44,61,193.0,96.0,196.0,193,0
Phoenix,Utah,55,59,50,45,203.5,103.0,205.5,209,1
LALakers,GoldenState,64,52,63,52,210.5,105.5,207.0,231,1
Sacramento,LAClippers,44,52,48,46,205.0,103.0,206.5,190,0
Toronto,Miami,57,61,46,45,197.5,99.5,196.0,209,1
Charlotte,NewYork,50,52,57,30,185.0,94.0,190.5,189,0
GoldenState,Portland,52,47,37,49,208.0,105.0,203.0,185,0
Houston,Philadelphia,51,58,44,44,200.5,101.0,205.0,197,0
OklahomaCity,Brooklyn,51,48,48,54,192.5,96.5,193.0,201,1
Boston,Dallas,59,49,62,61,208.5,103.0,208.0,231,1
Sacramento,Denver,41,56,59,59,201.5,101.5,203.0,215,1
Utah,LAClippers,46,53,44,65,203.5,102.5,206.5,208,1
Milwaukee,Indiana,41,40,49,38,191.5,95.5,192.0,168,0
OklahomaCity,Toronto,53,50,40,45,192.5,97.0,192.0,188,0
Washington,NewYork,40,45,47,49,190.5,94.5,191.0,181,0
Orlando,Chicago,52,54,32,50,189.0,96.0,188.5,188,0
Charlotte,NewOrleans,47,48,43,53,190.0,96.0,191.5,191,0
Cleveland,Portland,65,40,40,38,209.5,105.0,200.5,183,0
Phoenix,LALakers,50,54,50,64,213.0,105.0,215.0,218,1
Orlando,Philadelphia,54,50,46,30,196.5,98.5,195.0,180,0
Miami,Charlotte,41,49,44,51,190.0,94.5,192.5,185,0
Minnesota,Brooklyn,45,50,43,51,208.5,105.0,205.0,189,0
NewYork,Detroit,45,41,48,59,186.0,92.5,190.0,193,1
Indiana,Washington,48,39,40,41,187.5,96.5,193.5,190,0
Chicago,Milwaukee,44,58,40,39,191.0,96.0,193.5,181,0
Atlanta,SanAntonio,42,46,42,56,202.0,101.0,203.0,186,0
Memphis,Phoenix,53,45,49,46,192.5,97.5,195.0,193,0
Cleveland,Utah,55,52,44,51,207.0,104.0,202.0,202,0
Denver,Sacramento,59,63,55,63,206.0,104.5,202.5,240,1
LAClippers,GoldenState,50,57,70,48,211.5,104.5,208.5,225,1
SanAntonio,Houston,33,41,62,43,196.5,99.0,201.5,179,0
Dallas,Portland,44,52,53,46,210.0,106.5,206.5,195,0
Atlanta,Charlotte,51,46,51,46,194.5,99.0,191.0,241,1
Minnesota,Orlando,53,46,52,37,203.0,101.0,200.5,215,1
Chicago,Philadelphia,61,53,54,65,189.0,95.0,190.5,233,1
Indiana,Boston,56,51,41,51,191.0,97.5,194.0,199,1
NewYork,Brooklyn,50,47,57,55,192.5,98.0,192.5,209,1
Washington,Toronto,46,48,46,47,195.0,96.0,197.0,187,0
Memphis,OklahomaCity,41,48,39,52,181.5,93.0,185.5,180,0
Sacramento,Phoenix,61,52,52,33,209.0,104.5,205.5,226,1
Dallas,Utah,41,55,44,47,205.0,102.0,207.0,187,0
Cleveland,Denver,58,45,53,55,211.0,106.0,206.0,211,1
Portland,LAClippers,71,44,43,50,205.0,102.5,207.0,208,1
Washington,Indiana,46,43,49,49,182.5,90.5,185.5,187,1
NewYork,Atlanta,52,57,40,50,194.5,98.5,192.0,199,1
Boston,Chicago,45,52,53,57,194.0,97.5,193.0,207,1
GoldenState,Houston,54,50,41,40,209.0,106.0,207.0,185,0
Memphis,Milwaukee,44,51,43,47,186.5,95.5,184.5,185,1
NewOrleans,SanAntonio,53,55,44,47,195.0,101.0,195.0,199,1
Orlando,Brooklyn,47,55,56,42,198.0,98.0,197.0,200,1
Utah,Detroit,48,56,49,40,192.0,96.5,196.0,193,0
Sacramento,OklahomaCity,41,50,41,62,190.0,93.5,194.0,194,0
Philadelphia,Toronto,53,52,46,57,205.5,99.5,202.0,208,1
Miami,Dallas,49,50,51,51,205.0,103.5,207.5,201,0
GoldenState,Phoenix,58,47,45,52,209.0,104.0,210.0,202,0
Denver,Portland,63,57,38,58,207.5,104.5,208.0,216,1
Charlotte,LALakers,43,50,47,59,202.0,100.0,205.0,199,0
NewOrleans,Cleveland,52,55,57,65,201.5,103.5,201.5,229,1
Utah,Indiana,37,51,53,42,186.5,95.5,191.0,183,0
Atlanta,NewYork,33,43,47,53,197.5,99.0,195.0,176,0
Detroit,Chicago,48,56,44,45,190.0,96.0,191.5,193,1
Orlando,Toronto,56,55,44,49,198.0,99.0,201.5,204,1
LALakers,Memphis,46,62,50,51,197.0,98.5,196.5,209,1
Sacramento,Dallas,46,59,45,54,206.0,103.5,206.0,204,0
Charlotte,Portland,56,59,45,42,192.5,96.5,197.5,202,1
SanAntonio,GoldenState,55,39,58,61,201.5,105.5,201.0,213,1
Detroit,Washington,58,58,51,43,191.5,96.0,189.0,210,1
Utah,Atlanta,64,47,59,27,197.0,100.0,198.0,197,0
OklahomaCity,Boston,39,54,55,55,197.0,98.0,198.0,203,1
Indiana,Miami,50,33,38,35,188.0,94.5,190.5,156,0
Orlando,NewYork,58,48,44,42,191.5,96.5,192.5,192,0
LALakers,NewOrleans,48,51,58,54,210.0,104.0,208.0,211,1
Portland,Denver,67,67,55,54,208.5,104.0,207.0,243,1
Brooklyn,Phoenix,46,66,50,54,207.5,103.5,207.0,216,1
Houston,Minnesota,54,48,52,60,207.0,104.5,198.0,214,1
Chicago,Toronto,49,48,49,47,196.5,97.5,194.5,193,0
Sacramento,Memphis,54,54,59,54,188.5,96.0,192.0,221,1
Philadelphia,Dallas,48,54,46,45,210.5,103.5,207.5,193,0
Brooklyn,GoldenState,68,53,41,44,211.5,107.5,205.0,206,1
Milwaukee,Orlando,55,46,47,38,194.0,98.5,192.5,186,0
Denver,Indiana,57,53,49,36,201.5,101.0,194.5,195,1
Miami,Atlanta,58,56,51,52,193.0,96.0,196.0,217,1
Utah,NewYork,54,41,52,55,191.5,95.5,193.5,202,1
Cleveland,Boston,56,62,67,58,208.5,104.5,211.0,243,1
Minnesota,NewOrleans,62,62,66,40,205.5,103.5,204.0,230,1
Philadelphia,Houston,47,47,37,44,205.5,103.0,204.5,175,0
Detroit,OklahomaCity,51,39,43,31,188.5,95.5,190.5,185,0
Charlotte,Phoenix,42,52,55,49,200.0,100.0,201.0,198,0
SanAntonio,LALakers,51,31,43,48,205.0,104.5,208.5,173,0
Orlando,Washington,41,45,45,60,194.5,96.0,195.0,191,0
Utah,Toronto,48,47,53,56,201.5,101.5,198.5,204,1
Atlanta,Cleveland,66,48,56,51,209.0,104.0,205.5,221,1
Indiana,Chicago,43,45,46,55,180.5,92.0,187.0,189,1
Detroit,Memphis,41,60,32,50,186.5,93.5,188.0,183,0
Minnesota,Dallas,50,57,76,65,211.0,105.5,208.5,248,1
SanAntonio,Sacramento,47,36,53,49,196.0,103.0,197.5,185,0
Brooklyn,Portland,39,50,57,38,204.0,102.0,208.0,184,0
Charlotte,GoldenState,51,62,51,35,202.0,100.0,202.0,199,0
Phoenix,LAClippers,47,61,62,57,211.5,105.5,210.5,227,1
Denver,NewYork,62,39,59,42,203.5,101.5,202.0,202,0
Milwaukee,Miami,42,42,39,52,189.5,94.5,189.5,175,0
Houston,OklahomaCity,43,32,27,32,193.0,95.0,193.5,134,0
GoldenState,LALakers,57,72,65,57,212.5,107.0,211.0,251,1
Denver,Cleveland,50,55,51,47,218.5,108.5,217.5,203,0
Dallas,Charlotte,56,54,39,38,198.5,98.5,198.5,187,0
Orlando,Detroit,56,45,53,46,192.5,96.5,190.5,200,1
Miami,Brooklyn,40,41,53,44,196.0,97.0,196.0,178,0
Houston,Memphis,52,55,56,49,188.5,93.5,190.0,212,1
Philadelphia,SanAntonio,43,37,50,45,195.5,98.0,197.0,175,0
NewOrleans,Portland,43,48,57,47,204.5,104.0,204.0,195,0
Chicago,LAClippers,39,59,45,51,198.5,100.0,197.0,194,0
LALakers,Atlanta,51,68,55,49,211.5,106.0,211.0,223,1
NewYork,Milwaukee,60,55,60,55,192.5,97.5,191.5,230,1
OklahomaCity,Utah,37,45,49,48,186.0,93.5,189.0,179,0
NewOrleans,Sacramento,47,52,46,61,204.0,105.5,199.0,206,1
Dallas,Washington,52,55,42,58,204.0,101.5,200.0,207,1
SanAntonio,Cleveland,43,48,50,41,200.0,104.5,200.5,182,0
LAClippers,Orlando,49,55,48,52,203.5,100.0,203.5,204,1
Boston,Philadelphia,49,43,49,50,214.0,106.0,208.5,191,0
Charlotte,Indiana,48,44,39,43,179.5,90.0,184.0,174,0
Phoenix,Detroit,40,47,42,45,204.0,101.5,205.5,174,0
Milwaukee,Brooklyn,46,44,51,49,198.5,99.5,196.0,240,1
Memphis,Toronto,42,48,54,44,192.5,98.5,195.0,188,0
NewYork,Minnesota,52,63,51,48,202.0,101.0,205.0,214,1
OklahomaCity,Denver,53,50,59,45,199.0,100.0,196.0,207,1
LALakers,Houston,44,56,45,45,210.5,105.0,210.0,190,0
LAClippers,Miami,54,44,56,49,197.0,96.5,198.5,203,1
Phoenix,Philadelphia,53,58,48,59,208.5,102.0,205.0,218,1
Orlando,Charlotte,53,38,52,62,191.0,95.0,187.5,205,1
Detroit,Atlanta,54,36,48,50,197.5,97.5,197.5,188,0
Milwaukee,Toronto,64,52,42,49,200.0,100.0,196.0,207,1
Cleveland,Washington,47,50,48,24,205.0,103.0,204.5,169,0
Boston,Memphis,41,55,56,65,199.5,102.5,199.0,217,1
SanAntonio,Minnesota,55,52,46,60,202.5,106.5,199.0,213,1
LALakers,Dallas,65,62,66,53,215.0,106.5,217.0,246,1
NewOrleans,Denver,57,51,51,55,214.0,110.0,211.0,214,1
Utah,GoldenState,41,45,56,47,207.5,105.5,209.5,189,0
Chicago,Portland,53,51,50,38,195.5,97.0,196.0,192,0
Miami,Orlando,40,55,40,56,191.5,95.5,192.0,191,0
Phoenix,Indiana,57,46,41,45,195.5,98.5,196.0,189,0
Toronto,Cleveland,55,55,46,47,204.5,101.5,209.0,203,0
Philadelphia,NewYork,38,47,40,49,198.5,97.5,197.0,174,0
Sacramento,Minnesota,45,55,61,53,212.0,106.0,208.0,214,1
Dallas,Houston,58,53,34,42,206.0,103.0,201.5,187,0
Brooklyn,SanAntonio,43,44,56,43,194.0,97.0,195.0,186,0
Washington,Milwaukee,49,50,45,67,193.5,95.5,195.5,211,1
NewOrleans,Utah,48,49,52,51,199.0,101.0,204.0,200,0
Portland,Boston,44,49,52,37,209.5,103.5,214.0,182,0
LAClippers,Memphis,47,46,67,38,198.0,98.5,198.0,198,0
GoldenState,OklahomaCity,48,51,37,41,197.0,98.0,194.0,177,0
Denver,LALakers,40,40,67,25,221.0,108.0,218.5,195,0
Orlando,Cleveland,42,52,45,41,200.0,97.0,201.5,180,0
Portland,Philadelphia,44,58,67,49,198.5,99.0,204.5,218,1
LAClippers,Charlotte,54,55,39,57,199.0,99.5,198.0,205,1
Phoenix,Toronto,55,47,45,57,210.0,104.0,208.0,204,0
NewYork,Houston,53,44,41,39,191.5,94.5,195.0,177,0
Indiana,Dallas,49,56,58,48,197.5,102.5,197.0,211,1
Chicago,Utah,44,53,58,37,193.0,95.0,192.0,192,0
Atlanta,Washington,41,39,55,73,200.5,101.0,200.5,208,1
GoldenState,Miami,66,57,54,34,202.0,102.0,198.0,211,1
Detroit,Milwaukee,57,40,49,38,189.5,93.5,191.5,184,0
Sacramento,NewOrleans,43,55,47,43,200.0,100.0,203.5,188,0
Brooklyn,Philadelphia,51,39,49,51,200.0,99.5,199.0,190,0
Washington,Cleveland,49,55,44,52,201.0,100.5,198.5,200,1
GoldenState,Orlando,58,59,40,50,202.5,100.5,202.5,207,1
Portland,Charlotte,54,47,54,47,191.5,96.5,196.0,202,1
LAClippers,Detroit,52,47,46,57,199.5,99.5,199.5,202,1
Toronto,Atlanta,58,67,54,62,204.5,102.0,204.5,241,1
NewYork,Dallas,43,45,56,46,200.0,100.0,198.0,211,1
Milwaukee,Minnesota,50,48,44,47,206.0,104.0,204.0,189,0
Sacramento,Houston,56,51,43,41,194.0,97.5,194.5,191,0
Utah,OklahomaCity,60,44,32,43,185.0,95.5,184.0,179,0
Indiana,SanAntonio,52,53,48,53,187.0,98.0,189.0,206,1
Denver,Phoenix,64,64,51,53,215.0,107.0,214.0,232,1
Memphis,LALakers,47,50,57,38,202.0,103.5,199.5,192,0
Chicago,Boston,59,55,62,35,204.5,102.5,204.0,211,1
GoldenState,Charlotte,52,52,50,53,201.0,100.5,201.0,207,1
NewOrleans,Atlanta,34,35,44,78,204.5,105.0,205.0,191,0
Dallas,Toronto,47,44,44,73,211.0,104.5,209.0,208,0
Milwaukee,Detroit,54,44,45,49,191.0,97.0,188.5,192,1
Orlando,Indiana,46,46,41,48,191.0,94.5,190.0,181,0
LAClippers,Houston,50,50,57,30,201.5,99.0,195.5,187,0
NewYork,OklahomaCity,43,49,40,51,185.5,93.5,187.0,183,0
Sacramento,SanAntonio,48,64,56,48,194.0,99.0,194.5,216,1
Phoenix,Denver,55,58,56,50,215.5,107.0,218.0,219,1
Memphis,Portland,48,47,58,58,193.5,100.0,193.0,211,1
Minnesota,LALakers,53,59,77,50,213.0,108.5,215.0,239,1
NewOrleans,Washington,41,35,46,41,199.0,103.0,200.5,163,0
Dallas,Philadelphia,54,55,67,37,203.0,101.5,206.0,213,1
Indiana,Cleveland,50,51,57,48,195.0,101.0,195.5,206,1
Charlotte,Atlanta,45,47,43,45,197.5,96.5,199.0,180,0
LAClippers,Utah,53,59,54,42,203.5,102.5,200.5,208,1
SanAntonio,Boston,47,47,57,49,204.5,107.0,203.0,200,0
Chicago,Brooklyn,47,42,50,47,193.0,97.5,195.0,186,0
GoldenState,Detroit,45,48,60,44,202.0,99.5,200.0,197,0
Miami,NewYork,38,38,46,43,189.5,94.5,191.0,165,0
Orlando,Phoenix,50,41,36,56,204.5,100.5,207.0,183,0
Minnesota,Portland,48,40,48,64,212.5,107.5,210.0,200,0
Toronto,LALakers,51,56,54,57,209.0,104.0,211.5,251,1
Miami,Washington,52,61,34,46,190.5,95.0,189.5,193,1
SanAntonio,Philadelphia,47,60,50,55,195.0,101.5,195.5,212,1
Denver,Utah,49,56,55,44,206.0,102.5,209.0,204,0
Minnesota,LAClippers,65,50,54,59,216.0,109.5,214.5,228,1
Milwaukee,Cleveland,53,53,52,61,201.0,101.5,201.5,219,1
Boston,Atlanta,72,44,49,49,211.0,108.5,211.0,214,1
LALakers,Detroit,38,53,55,56,206.5,102.5,203.5,202,0
Brooklyn,NewYork,45,49,47,50,193.5,97.5,187.5,191,1
OklahomaCity,NewOrleans,55,66,38,57,197.0,100.5,197.0,216,1
Dallas,Chicago,51,55,48,62,203.5,101.0,202.5,261,1
Portland,Denver,54,52,57,45,211.5,105.0,213.5,208,0
Indiana,Phoenix,54,56,52,53,196.5,101.0,196.0,215,1
Toronto,Sacramento,53,59,63,51,204.0,101.0,202.5,226,1
Orlando,GoldenState,49,53,46,47,201.5,100.5,202.5,195,0
LALakers,Washington,60,46,41,59,208.5,104.0,207.5,206,0
Detroit,Boston,44,41,34,57,202.0,101.0,203.0,211,1
SanAntonio,Brooklyn,38,44,44,50,198.0,104.5,193.0,188,0
Atlanta,Miami,45,57,58,54,199.5,102.0,200.0,214,1
Dallas,Milwaukee,60,61,37,54,206.0,102.5,204.5,212,1
Memphis,Houston,62,42,58,39,189.5,97.0,188.5,201,1
Philadelphia,Minnesota,36,30,47,49,212.0,101.5,209.5,162,0
Toronto,Utah,55,67,57,48,201.0,101.5,203.0,227,1
Orlando,LAClippers,54,47,45,54,202.0,100.5,202.5,200,0
Cleveland,NewYork,49,54,38,36,198.5,99.0,198.0,177,0
Indiana,Portland,30,41,50,49,193.5,99.0,195.5,170,0
NewOrleans,GoldenState,50,43,53,51,206.5,107.0,206.0,197,0
Denver,Washington,58,53,48,49,208.5,102.5,205.5,208,1
OklahomaCity,Philadelphia,55,49,45,45,199.0,98.0,198.5,194,0
NewYork,Charlotte,52,50,52,51,190.0,96.0,189.0,205,1
Atlanta,Brooklyn,34,49,50,40,201.0,102.0,201.0,173,0
Cleveland,Toronto,51,44,45,56,209.0,103.5,205.5,196,0
SanAntonio,Memphis,39,65,42,62,191.0,100.0,192.0,208,1
Houston,Minnesota,57,55,45,53,205.0,103.0,204.0,226,1
Phoenix,Dallas,67,59,53,45,216.0,107.0,216.0,224,1
Miami,Milwaukee,55,49,45,45,195.5,96.5,196.0,194,0
Orlando,Utah,45,49,41,56,191.5,94.5,193.5,191,0
Indiana,Sacramento,54,47,51,40,191.5,97.5,193.0,203,1
Philadelphia,Detroit,58,47,54,41,194.5,98.5,193.0,209,1
Phoenix,Houston,53,48,46,48,206.5,101.0,203.5,195,0
GoldenState,Chicago,50,60,49,55,204.0,101.0,200.5,214,1
Minnesota,SanAntonio,54,65,53,52,201.5,102.0,204.5,224,1
Orlando,Sacramento,54,47,42,58,196.0,97.0,193.5,201,1
NewOrleans,LAClippers,52,56,63,49,207.5,107.0,207.0,220,1
Washington,Boston,39,50,47,58,203.0,102.0,208.0,194,0
Denver,Atlanta,53,40,50,37,211.0,104.0,213.5,180,0
OklahomaCity,Detroit,58,45,49,38,194.0,97.0,193.0,190,0
Miami,Memphis,54,49,54,33,192.0,96.5,193.5,190,0
Milwaukee,Dallas,53,52,56,66,211.0,105.0,208.5,227,1
Portland,NewYork,45,58,55,44,195.0,98.0,194.0,202,1
NewOrleans,LALakers,38,52,48,53,207.0,105.5,210.0,191,0
Boston,Washington,59,44,65,52,205.5,105.0,204.5,265,1
Atlanta,Indiana,46,57,46,51,194.0,100.5,194.0,200,1
Cleveland,Brooklyn,47,52,53,46,196.5,98.5,198.0,198,0
Denver,Toronto,65,49,49,41,214.0,104.5,215.0,219,1
GoldenState,Minnesota,45,42,55,46,213.5,104.5,215.0,188,0
Utah,Sacramento,54,50,32,57,197.0,100.5,197.0,193,0
Phoenix,LAClippers,56,61,52,55,216.0,107.0,216.0,241,1
Toronto,Cleveland,59,59,51,37,205.5,102.0,206.0,206,0
Portland,Detroit,55,46,37,46,196.5,97.5,195.5,184,0
Dallas,Memphis,71,47,53,48,203.0,101.0,203.5,219,1
NewYork,NewOrleans,55,51,44,47,195.0,97.0,196.5,197,1
Milwaukee,OklahomaCity,57,56,52,50,201.5,100.5,198.0,215,1
SanAntonio,Utah,43,44,63,46,194.0,101.0,195.0,196,1
Miami,Phoenix,53,44,48,55,202.5,99.5,201.5,200,0
Sacramento,LALakers,53,48,58,34,209.0,105.0,208.0,193,0
LAClippers,Indiana,58,45,44,52,199.5,98.5,200.0,199,0
Washington,Orlando,47,42,53,38,195.0,97.0,194.5,180,0
Boston,Charlotte,38,47,54,44,205.0,104.5,203.0,183,0
Philadelphia,Atlanta,46,39,41,48,202.0,99.5,202.0,174,0
NewYork,SanAntonio,55,53,59,37,190.0,95.5,193.0,204,1
Brooklyn,Chicago,45,57,43,40,193.0,96.0,194.0,185,0
Portland,Minnesota,36,44,37,55,206.5,102.5,207.0,172,0
NewOrleans,Dallas,40,58,57,64,209.0,107.0,210.0,219,1
Miami,Denver,43,53,45,43,202.5,100.0,204.0,184,0
Houston,GoldenState,53,39,57,49,204.5,101.5,201.0,198,0
Cleveland,OklahomaCity,44,50,50,53,202.0,99.5,201.0,197,0
Portland,Chicago,52,58,50,61,197.0,99.5,198.0,221,1
LAClippers,Washington,51,48,48,53,206.5,102.5,205.0,200,0
NewYork,Boston,45,52,47,52,202.0,101.5,201.0,196,0
Orlando,Atlanta,55,25,48,40,196.0,97.0,196.5,168,0
Indiana,Toronto,48,47,57,48,195.5,99.5,197.5,200,1
Philadelphia,Brooklyn,40,49,34,35,193.0,96.5,194.5,158,0
Charlotte,Memphis,47,45,49,43,190.0,94.0,193.0,220,1
OklahomaCity,Minnesota,60,59,51,33,205.5,102.0,206.5,203,0
Cleveland,NewOrleans,66,57,42,68,200.0,101.5,200.0,233,1
Miami,Utah,53,56,43,43,191.0,95.0,191.0,195,1
Detroit,Phoenix,56,51,44,57,206.0,103.5,200.0,208,1
LALakers,SanAntonio,50,54,57,41,206.5,104.0,206.0,222,1
GoldenState,Dallas,57,53,45,48,217.0,106.0,214.5,203,0
Atlanta,Orlando,41,54,49,55,194.5,100.0,194.5,199,1
Portland,Indiana,45,51,52,32,192.5,95.0,191.5,180,0
Brooklyn,Charlotte,49,45,50,57,189.5,94.0,190.5,201,1
Memphis,Philadelphia,49,44,55,70,191.5,97.5,196.0,235,1
LAClippers,Milwaukee,54,39,50,74,210.0,103.5,207.5,217,1
Denver,Houston,52,50,51,51,205.0,102.0,206.5,204,0
Detroit,Sacramento,47,42,38,58,195.0,97.5,194.0,185,0
Utah,Washington,46,33,46,52,193.5,99.5,195.0,177,0
Chicago,Miami,32,39,49,48,194.0,94.0,196.0,168,0
GoldenState,NewOrleans,59,52,67,44,205.5,100.5,207.0,250,1
LALakers,Minnesota,41,52,47,54,212.0,105.0,214.0,194,0
Phoenix,OklahomaCity,70,48,35,47,211.0,104.0,209.5,200,0
Toronto,NewYork,54,37,48,33,200.5,98.0,201.5,185,0
Charlotte,Cleveland,51,48,49,37,196.5,96.5,197.5,185,0
Boston,Philadelphia,55,40,57,40,205.0,104.5,204.5,192,0
LALakers,Indiana,49,38,60,54,198.0,98.5,199.0,201,1
Orlando,Toronto,53,43,40,41,197.5,99.0,198.0,177,0
Chicago,Atlanta,50,44,43,42,196.5,97.5,199.5,179,0
Milwaukee,Phoenix,40,57,42,51,209.0,94.0,211.5,190,0
SanAntonio,Portland,43,48,53,59,195.0,101.5,193.0,203,1
Detroit,LAClippers,56,43,50,55,205.0,102.5,203.0,204,1
Minnesota,Washington,43,39,61,61,202.5,100.5,201.0,204,1
Miami,Brooklyn,58,42,42,44,186.5,94.0,187.5,186,0
Dallas,NewYork,60,38,51,45,203.5,102.5,204.0,194,0
Utah,NewOrleans,46,63,58,63,197.0,101.5,198.5,230,1
GoldenState,Memphis,54,52,43,54,204.5,102.5,201.5,203,1
OklahomaCity,Sacramento,54,61,37,44,207.0,103.5,206.0,196,0
Atlanta,Cleveland,60,65,45,55,201.5,104.0,201.5,225,1
Phoenix,Charlotte,58,57,55,47,201.5,101.0,200.5,217,1
Utah,Miami,49,47,40,56,190.5,97.5,186.0,192,1
Dallas,Detroit,62,42,52,67,205.0,102.0,202.5,223,1
Orlando,Boston,57,52,42,50,200.0,101.0,199.5,201,1
Brooklyn,Toronto,52,53,44,45,199.5,99.0,197.5,194,0
Memphis,SanAntonio,53,44,44,43,190.0,97.0,193.0,233,1
Milwaukee,Portland,43,41,54,63,202.0,99.5,202.5,201,0
Houston,Denver,54,61,38,45,204.5,103.5,204.0,226,1
Indiana,LAClippers,57,46,47,52,201.0,103.5,201.0,202,1
NewYork,Chicago,50,47,50,53,188.5,93.5,192.5,200,1
NewOrleans,Houston,43,42,48,56,200.0,103.5,201.5,189,0
Milwaukee,Sacramento,54,57,51,53,204.5,103.5,204.0,215,1
OklahomaCity,GoldenState,72,56,55,40,211.5,106.5,209.0,223,1
Utah,Orlando,46,46,55,48,193.0,99.0,192.0,195,1
Charlotte,Philadelphia,63,49,45,43,192.0,94.5,193.5,200,1
Minnesota,Boston,51,50,59,52,212.0,106.5,209.0,212,1
Toronto,Detroit,57,47,47,59,198.5,99.0,200.5,210,1
Brooklyn,Cleveland,59,44,42,41,198.0,97.5,197.5,186,0
Washington,Miami,54,55,46,53,189.0,93.0,191.0,208,1
Chicago,Memphis,42,52,45,61,191.5,96.0,195.0,200,1
Portland,SanAntonio,37,53,53,51,197.0,99.5,193.5,248,1
LAClippers,Denver,49,53,43,70,215.5,106.5,214.0,215,1
OklahomaCity,LALakers,46,56,53,52,204.5,102.0,210.0,207,0
Phoenix,NewYork,45,46,44,54,198.5,98.5,199.5,189,0
Portland,NewOrleans,49,57,50,46,205.0,102.5,202.0,202,0
Utah,Charlotte,54,37,56,43,194.5,99.5,193.0,190,0
Atlanta,Houston,58,34,56,53,197.5,101.5,196.0,201,1
SanAntonio,Dallas,46,43,63,40,206.5,107.0,204.0,192,0
Indiana,Denver,36,29,45,39,200.0,101.0,200.5,149,0
Milwaukee,LAClippers,52,50,63,43,210.0,105.5,211.0,208,0
NewYork,Toronto,58,51,57,60,197.0,98.0,197.5,226,1
Memphis,Cleveland,41,52,54,49,196.5,99.5,196.5,196,0
Detroit,Brooklyn,46,58,57,54,189.5,96.0,188.0,215,1
Boston,Miami,49,45,39,51,197.5,102.0,198.5,184,0
Philadelphia,Orlando,43,36,45,60,193.5,95.5,192.0,184,0
Phoenix,Washington,45,55,50,46,205.5,103.0,203.5,196,0
LALakers,Sacramento,49,63,49,48,207.0,104.0,208.0,209,1
Indiana,Minnesota,37,53,53,53,195.5,99.5,198.0,196,0
NewOrleans,OklahomaCity,53,48,56,43,200.0,104.0,205.0,200,0
Portland,Houston,70,56,46,33,198.5,98.0,198.5,205,1
Utah,Memphis,41,46,51,50,193.5,99.0,195.0,188,0
Toronto,Chicago,66,60,37,86,200.5,100.0,200.0,249,1
Atlanta,Dallas,43,47,55,62,209.0,107.5,209.0,207,0
Sacramento,GoldenState,56,58,55,67,212.5,106.0,210.0,236,1
Boston,Orlando,35,48,62,50,198.5,101.0,198.0,195,0
Chicago,Washington,41,45,49,55,197.5,99.5,195.5,190,0
NewOrleans,Indiana,50,34,47,49,194.0,101.5,193.5,180,0
Minnesota,Cleveland,53,67,55,54,210.5,106.0,207.5,229,1
Denver,Brooklyn,57,55,41,45,199.0,99.5,199.0,198,0
Philadelphia,Miami,51,48,52,27,191.5,95.5,190.5,178,0
LAClippers,Atlanta,56,51,57,47,209.0,104.0,205.5,211,1
Portland,OklahomaCity,45,52,49,50,200.5,99.0,200.0,226,1
Charlotte,Milwaukee,58,52,58,41,197.0,98.0,199.0,209,1
Dallas,Phoenix,51,47,65,76,217.0,108.0,214.0,239,1
GoldenState,LALakers,58,53,57,52,216.5,109.0,213.0,220,1
Washington,NewYork,57,47,50,39,192.5,96.5,192.0,193,1
OklahomaCity,SanAntonio,56,41,56,67,196.5,100.0,196.0,220,1
Cleveland,Miami,57,54,40,41,196.0,98.0,195.0,192,0
LALakers,Chicago,51,54,55,46,206.0,102.5,208.0,206,0
GoldenState,LAClippers,38,45,60,43,219.5,109.5,215.0,186,0
Brooklyn,Boston,57,55,53,51,201.0,101.0,200.0,216,1
Cleveland,Orlando,59,43,44,41,196.0,96.5,197.5,187,0
Indiana,Detroit,58,52,65,53,194.0,100.5,188.5,228,1
Milwaukee,Atlanta,46,54,39,45,205.0,103.0,206.0,184,0
Houston,Memphis,55,52,53,48,193.0,97.5,193.0,228,1
Charlotte,OklahomaCity,57,42,38,36,197.5,97.5,194.0,173,0
LALakers,Dallas,45,45,44,66,215.0,107.0,218.0,200,0
Minnesota,Denver,53,47,53,55,213.0,108.0,212.0,208,0
Philadelphia,Portland,51,61,50,45,198.0,101.0,197.0,207,1
Phoenix,Sacramento,49,66,69,37,212.0,105.0,214.5,221,1
Toronto,LAClippers,48,50,60,50,214.0,105.5,213.0,208,0
Orlando,Charlotte,40,54,55,47,187.5,95.0,190.5,196,1
Memphis,Miami,43,55,43,57,189.0,95.0,190.5,198,1
NewOrleans,Chicago,48,46,57,56,201.0,104.5,203.0,207,1
Indiana,Brooklyn,45,52,47,51,191.0,99.5,191.5,195,1
Atlanta,Milwaukee,31,45,53,46,204.0,105.5,205.0,175,0
Philadelphia,Utah,37,39,38,45,197.0,97.0,195.0,159,0
NewYork,Sacramento,65,60,44,65,202.5,102.5,202.5,264,1
Minnesota,GoldenState,54,52,49,52,216.0,108.0,216.0,207,0
Detroit,Cleveland,45,52,41,45,205.0,102.0,202.5,183,0
Houston,SanAntonio,61,50,58,47,200.0,103.0,196.0,216,1
OklahomaCity,Dallas,59,63,47,50,210.5,106.0,209.0,219,1
Toronto,Denver,51,63,61,43,213.0,106.5,211.5,218,1
NewYork,Portland,53,43,38,46,203.5,101.0,198.0,180,0
Phoenix,LALakers,54,57,58,54,216.5,108.0,216.0,223,1
Chicago,Indiana,39,43,64,36,193.5,96.0,194.0,182,0
Milwaukee,Charlotte,43,38,48,37,198.5,99.5,196.0,198,1
Orlando,Miami,51,52,51,49,189.5,95.0,189.5,203,1
Sacramento,Brooklyn,55,46,50,55,203.5,100.5,205.0,206,1
Washington,Houston,51,40,54,62,201.0,100.5,195.5,207,1
Utah,LAClippers,43,49,62,44,202.0,103.5,204.5,198,0
Detroit,Orlando,41,60,49,45,198.0,99.0,194.5,195,1
Cleveland,Atlanta,51,41,59,59,202.5,100.0,200.5,210,1
SanAntonio,Memphis,50,40,47,45,195.0,103.0,194.0,182,0
Brooklyn,Chicago,55,45,53,25,197.0,98.5,196.0,178,0
Washington,Dallas,51,57,45,48,209.5,103.0,208.5,201,0
Minnesota,Utah,48,41,56,49,202.5,101.5,203.5,194,0
LALakers,Denver,62,46,46,60,214.5,106.5,213.0,214,1
Toronto,Portland,46,37,50,41,209.5,104.0,208.5,199,0
Philadelphia,GoldenState,49,46,64,53,209.0,101.5,205.5,212,1
Sacramento,Boston,42,46,50,52,211.5,106.5,211.5,190,0
Miami,Indiana,44,49,55,53,189.5,93.5,188.5,201,1
NewYork,LAClippers,50,40,42,45,205.5,102.0,204.5,177,0
Milwaukee,Cleveland,49,50,26,51,200.5,100.5,201.5,176,0
NewOrleans,SanAntonio,31,35,56,46,198.5,103.0,200.0,188,0
Charlotte,Houston,48,44,52,41,197.5,99.0,198.5,185,0
Phoenix,OklahomaCity,59,67,68,62,213.0,104.5,212.0,271,1
Denver,Chicago,45,50,56,56,204.5,101.5,205.5,207,1
Sacramento,Minnesota,66,52,46,53,211.5,106.5,209.5,217,1
Cleveland,Charlotte,41,45,50,42,193.0,95.5,193.0,178,0
Brooklyn,Orlando,47,45,55,51,193.0,95.5,192.5,198,1
Detroit,NewYork,44,51,39,44,195.5,97.0,195.5,178,0
Dallas,Boston,48,57,51,64,215.0,107.0,215.5,220,1
Washington,OklahomaCity,57,55,52,47,206.0,102.5,207.0,211,1
Indiana,Milwaukee,44,55,35,51,194.5,100.0,193.0,185,0
Philadelphia,Phoenix,63,53,47,45,209.0,104.0,211.5,208,0
Atlanta,Utah,52,50,48,40,194.5,100.5,196.0,190,0
Toronto,GoldenState,71,56,54,50,216.5,108.0,214.0,231,1
Memphis,LALakers,47,52,58,58,203.5,104.5,201.0,215,1
Charlotte,Orlando,42,39,43,64,187.5,93.5,188.5,188,0
Utah,Minnesota,41,47,50,52,198.0,100.5,199.0,190,0
Miami,Houston,50,60,44,40,198.0,97.0,196.0,194,0
Boston,Chicago,40,46,52,60,202.0,103.0,205.0,213,1
Washington,SanAntonio,66,50,39,38,194.5,98.5,196.5,193,0
Memphis,Denver,54,33,56,56,202.5,103.5,203.0,199,0
Atlanta,Portland,49,52,57,64,206.0,107.0,201.0,222,1
Philadelphia,LAClippers,55,60,47,56,205.0,102.0,207.5,218,1
Dallas,Cleveland,53,51,56,39,207.5,101.5,205.0,199,0
Brooklyn,Miami,51,38,34,49,195.0,96.0,193.0,172,0
Sacramento,Detroit,46,55,61,47,209.5,104.0,206.5,209,1
Milwaukee,NewYork,43,40,57,37,192.5,95.0,190.5,177,0
Toronto,Phoenix,46,77,51,60,217.5,106.0,217.5,234,1
Cleveland,Philadelphia,39,48,41,59,193.0,94.5,193.0,187,0
Dallas,Brooklyn,56,36,38,34,205.5,103.0,206.0,184,0
Charlotte,Boston,40,46,55,58,198.5,99.0,197.0,199,1
Denver,Minnesota,56,47,53,55,210.5,104.5,209.0,211,1
Houston,Chicago,67,57,48,47,199.0,101.0,200.0,219,1
Washington,NewOrleans,50,46,37,44,199.5,99.0,200.0,177,0
NewYork,Memphis,35,48,61,44,188.0,94.0,191.0,188,0
Indiana,Utah,47,45,44,70,185.5,94.0,187.0,206,1
LALakers,Portland,47,45,51,49,209.0,104.5,209.0,192,0
Atlanta,LAClippers,47,43,56,59,210.5,108.0,210.0,205,0
OklahomaCity,GoldenState,59,51,39,59,216.5,107.0,219.0,208,0
Phoenix,Milwaukee,36,51,56,55,209.0,105.0,209.0,198,0
Detroit,SanAntonio,57,50,52,50,200.5,101.5,199.0,209,1
Houston,Cleveland,49,48,50,51,198.5,98.0,197.5,198,1
NewOrleans,Charlotte,47,42,48,55,190.0,98.5,193.5,192,0
Milwaukee,Philadelphia,38,54,45,37,195.5,97.5,196.0,174,0
NewYork,Washington,51,43,50,48,187.5,94.5,188.0,192,1
Boston,Brooklyn,44,35,52,39,198.5,102.5,199.0,170,0
Memphis,Atlanta,42,51,36,53,197.0,101.5,198.0,182,0
Utah,Chicago,38,30,46,60,192.5,98.5,196.0,174,0
Detroit,Dallas,57,46,39,61,211.5,105.5,212.0,203,0
Orlando,Denver,43,36,42,62,201.0,102.0,200.5,183,0
Phoenix,Minnesota,45,48,56,75,216.0,109.0,214.5,224,1
OklahomaCity,Sacramento,44,52,39,52,212.0,104.5,211.5,187,0
Indiana,GoldenState,51,49,60,59,203.0,104.0,204.0,219,1
Charlotte,Toronto,54,48,39,57,197.5,98.5,201.0,198,0
Houston,NewYork,49,49,64,54,194.5,96.5,192.5,216,1
Miami,Portland,41,50,49,42,196.0,97.0,198.5,182,0
Boston,Indiana,42,41,42,63,196.5,102.0,196.0,210,1
Philadelphia,Brooklyn,55,36,44,43,191.0,95.5,192.0,178,0
Atlanta,Detroit,53,56,56,44,206.5,106.5,202.5,209,1
Chicago,Washington,43,59,46,40,195.0,97.5,197.5,188,0
Utah,OklahomaCity,54,40,56,43,198.0,102.0,199.5,193,0
Memphis,NewOrleans,50,41,62,48,198.5,104.0,194.5,201,1
Minnesota,Milwaukee,41,50,39,52,203.5,102.5,204.0,182,0
Phoenix,SanAntonio,47,45,36,67,212.5,110.0,209.0,195,0
Denver,Sacramento,57,57,51,61,213.0,104.5,211.5,226,1
Cleveland,GoldenState,62,52,46,46,211.0,105.0,206.0,206,0
Orlando,LALakers,49,50,41,45,198.5,102.0,202.5,185,0
Charlotte,NewYork,39,54,40,59,186.5,91.5,186.0,192,1
Dallas,LAClippers,54,50,56,60,213.5,106.0,215.0,220,1
Indiana,Philadelphia,40,52,50,43,187.0,98.0,187.0,185,0
Boston,Toronto,45,45,57,58,209.5,108.0,209.0,205,0
Brooklyn,Detroit,43,51,49,48,194.0,96.5,197.0,191,0
Milwaukee,Chicago,48,39,43,52,193.5,98.0,196.5,182,0
Utah,Houston,46,37,52,44,195.5,101.5,195.5,179,0
SanAntonio,Minnesota,45,56,47,53,199.5,104.5,202.0,201,0
Orlando,Portland,39,48,55,53,194.5,100.0,194.5,195,1
Washington,Atlanta,56,49,59,45,194.0,96.0,197.5,209,1
Miami,LAClippers,59,56,47,32,199.5,99.0,201.0,194,0
Phoenix,Memphis,37,55,49,61,209.0,109.0,205.0,232,1
Cleveland,Sacramento,59,44,46,38,206.0,100.5,205.5,187,0
Portland,LALakers,43,52,46,59,204.5,104.0,205.5,200,0
Houston,Brooklyn,65,47,44,56,193.5,97.5,193.5,212,1
NewOrleans,Boston,44,54,50,60,203.0,106.5,205.0,208,1
Detroit,Toronto,52,56,57,60,208.0,103.0,207.0,225,1
Orlando,Chicago,50,68,53,64,190.0,99.0,191.0,235,1
Minnesota,Indiana,46,52,46,67,196.0,100.0,197.5,211,1
Atlanta,Philadelphia,45,41,43,63,195.5,99.0,196.5,192,0
SanAntonio,Washington,55,44,48,47,195.5,102.5,193.5,194,1
Cleveland,Phoenix,55,55,54,43,213.5,105.5,212.0,207,0
GoldenState,Utah,51,55,71,44,202.0,101.5,201.0,221,1
Dallas,Sacramento,62,61,40,35,215.0,107.0,213.0,212,0
Miami,LALakers,34,44,36,39,198.0,97.5,198.0,153,0
Houston,Orlando,48,59,62,64,200.5,101.5,197.0,233,1
SanAntonio,Charlotte,40,62,42,47,191.0,101.0,191.0,191,0
NewOrleans,Detroit,40,54,55,50,202.5,105.0,204.0,199,0
Philadelphia,Toronto,53,43,36,52,202.5,99.5,202.0,184,0
Memphis,Brooklyn,55,41,51,48,189.5,98.5,192.5,195,1
Atlanta,Boston,48,54,61,33,202.0,104.0,205.0,196,0
Washington,Chicago,58,36,51,59,196.0,97.5,194.0,204,1
Miami,GoldenState,44,49,51,49,202.0,98.5,203.5,193,0
LAClippers,Portland,48,51,45,50,209.0,104.0,206.0,194,0
NewYork,Milwaukee,44,49,45,36,199.0,99.0,195.5,174,0
OklahomaCity,Houston,58,59,46,50,208.5,103.0,205.5,213,1
Cleveland,LALakers,60,58,36,57,207.0,103.5,203.0,211,1
NewOrleans,Philadelphia,55,42,35,45,190.5,100.0,194.5,177,0
Brooklyn,Washington,42,41,46,53,191.0,95.5,192.0,182,0
Memphis,Orlando,55,42,58,47,193.0,99.0,195.5,202,1
Atlanta,Toronto,43,47,63,46,206.0,106.0,207.5,199,0
Chicago,Boston,46,67,61,48,200.5,101.5,202.0,222,1
GoldenState,OklahomaCity,68,61,60,53,217.5,107.5,214.0,242,1
Denver,Dallas,53,38,47,48,215.5,106.5,215.0,186,0
Minnesota,Phoenix,59,56,46,48,216.5,107.5,217.0,209,0
LALakers,Utah,51,36,46,46,196.5,98.5,197.0,179,0
Miami,Sacramento,48,48,40,42,191.0,94.0,196.0,178,0
Cleveland,LAClippers,61,64,62,60,207.0,103.5,207.5,247,1
Indiana,Charlotte,38,39,24,35,184.0,94.0,187.5,151,0
Philadelphia,Detroit,52,41,50,53,194.0,96.0,195.5,196,1
Atlanta,Chicago,40,47,56,63,201.0,104.0,199.0,206,1
Washington,Brooklyn,49,52,46,42,189.5,93.5,190.5,189,0
GoldenState,Houston,62,61,59,55,214.5,106.5,212.0,237,1
Minnesota,Denver,62,53,53,50,211.5,106.5,211.5,218,1
Portland,Memphis,53,49,46,52,196.5,98.5,198.0,200,1
LAClippers,Sacramento,56,48,57,64,208.5,102.5,210.5,225,1
NewOrleans,Toronto,35,51,49,53,205.0,107.0,203.0,188,0
OklahomaCity,Orlando,57,67,55,47,213.0,102.0,206.0,226,1
Utah,SanAntonio,38,32,43,45,195.0,100.0,196.0,158,0
Minnesota,Charlotte,43,40,52,50,193.0,97.5,196.5,185,0
Philadelphia,Washington,41,46,56,44,192.5,95.5,192.5,187,0
Detroit,Atlanta,28,57,44,46,202.5,102.0,203.0,175,0
Boston,LAClippers,40,44,52,59,212.0,109.0,212.5,195,0
Denver,GoldenState,40,43,66,52,217.0,105.5,218.0,201,0
Dallas,Memphis,41,58,58,41,203.5,102.5,206.5,198,0
NewOrleans,NewYork,38,56,49,48,189.0,99.0,193.5,191,0
Indiana,Houston,50,50,57,51,196.0,102.0,197.0,208,1
Chicago,Cleveland,43,50,53,56,207.0,103.0,203.5,202,0
Toronto,Milwaukee,47,50,33,51,197.0,100.5,200.5,181,0
LALakers,Phoenix,52,50,62,51,214.5,108.0,214.0,215,1
Sacramento,Portland,54,53,35,50,205.0,103.5,205.0,192,0
OklahomaCity,Miami,51,48,40,41,200.5,98.5,200.0,180,0
SanAntonio,Denver,40,59,57,52,204.0,106.5,205.0,208,1
Utah,Cleveland,51,42,51,54,196.5,101.0,196.0,198,1
Miami,Charlotte,42,42,36,34,183.5,90.5,186.0,154,0
Orlando,Detroit,59,54,67,66,209.0,107.5,203.0,246,1
Indiana,Atlanta,46,47,59,49,192.0,100.5,194.0,201,1
Toronto,Memphis,32,47,42,57,201.5,99.0,200.5,178,0
LALakers,NewOrleans,42,45,50,39,203.0,100.5,202.0,176,0
Portland,Phoenix,69,49,49,64,211.5,104.0,211.0,231,1
Brooklyn,Sacramento,60,48,43,52,197.0,97.5,198.0,203,1
Houston,GoldenState,61,43,76,59,219.0,107.5,218.5,239,1
Utah,Milwaukee,42,58,55,45,185.0,98.0,188.0,200,1
SanAntonio,Chicago,43,43,51,48,196.5,103.5,199.0,185,0
Boston,Portland,42,44,53,40,203.5,106.5,201.5,179,0
Toronto,Philadelphia,52,37,36,52,196.0,97.0,196.5,177,0
Orlando,NewYork,46,55,59,59,206.5,106.0,202.5,219,1
Indiana,Miami,44,47,48,37,184.0,94.0,183.0,176,0
OklahomaCity,Atlanta,53,42,59,42,207.5,102.5,207.0,196,0
Charlotte,Cleveland,46,69,51,53,194.0,96.0,193.5,219,1
Chicago,Dallas,51,54,50,45,203.0,100.5,206.5,200,0
NewOrleans,Minnesota,44,45,43,44,196.5,103.0,203.0,176,0
LALakers,SanAntonio,46,48,43,47,197.5,99.0,198.0,184,0
Houston,Phoenix,56,56,52,60,221.0,109.5,220.0,224,1
Boston,Denver,48,42,59,50,203.5,105.5,208.0,199,0
Sacramento,GoldenState,59,48,63,57,217.5,108.0,218.0,227,1
NewYork,Charlotte,39,34,38,36,181.0,91.5,185.0,147,0
Detroit,Milwaukee,51,61,46,29,195.5,98.5,194.5,187,0
Philadelphia,Memphis,48,53,41,42,190.0,96.0,192.5,184,0
Brooklyn,Utah,46,49,45,41,187.5,92.5,189.0,181,0
Washington,Portland,52,48,39,60,195.5,98.0,195.0,199,1
Miami,Chicago,46,40,50,44,184.5,93.0,187.0,180,0
OklahomaCity,Cleveland,46,60,55,45,212.5,106.0,212.5,206,0
Indiana,Orlando,51,49,57,48,204.0,104.5,206.0,205,0
Dallas,NewOrleans,47,70,56,42,199.0,99.5,201.5,215,1
Minnesota,Atlanta,49,59,55,49,200.5,101.0,200.5,212,1
LAClippers,Phoenix,39,73,54,54,223.5,110.5,222.5,220,0
Detroit,Toronto,51,60,57,56,197.5,98.5,204.5,224,1
Milwaukee,SanAntonio,45,57,34,60,192.0,97.5,193.0,196,1
Washington,Denver,54,64,49,43,203.5,102.5,202.5,232,1
Boston,GoldenState,53,52,61,59,213.5,111.5,216.5,225,1
Houston,LALakers,45,43,52,46,207.0,100.0,205.5,186,0
Minnesota,OklahomaCity,44,44,33,55,206.0,102.5,208.0,176,0
Orlando,Memphis,63,52,47,35,204.0,102.0,209.5,197,0
Philadelphia,NewOrleans,49,46,52,26,189.5,94.0,190.0,173,0
Boston,Utah,34,52,51,52,193.5,100.5,196.0,189,0
Denver,LAClippers,51,46,49,54,215.5,107.0,217.0,200,0
Cleveland,Detroit,36,50,53,59,209.0,102.0,205.0,198,0
Milwaukee,Miami,59,45,60,47,187.0,93.0,182.5,211,1
Memphis,Dallas,48,50,60,41,198.5,100.0,202.0,199,0
Washington,LALakers,55,48,48,39,193.5,98.0,196.5,190,0
Chicago,GoldenState,64,43,53,54,213.5,107.5,211.5,224,1
Detroit,Philadelphia,44,41,38,35,192.0,95.5,194.0,158,0
Portland,Cleveland,52,46,55,40,203.0,99.5,204.0,193,0
Brooklyn,Atlanta,57,60,53,45,192.0,96.0,195.0,215,1
Sacramento,Toronto,48,60,61,52,209.5,103.5,206.0,221,1
Boston,Minnesota,48,49,58,53,199.0,105.0,201.0,208,1
Denver,NewOrleans,45,43,52,38,202.5,101.0,203.0,178,0
Dallas,Houston,49,58,52,34,210.5,105.0,208.0,193,0
OklahomaCity,NewYork,39,49,47,57,195.5,97.0,199.5,192,0
Charlotte,SanAntonio,46,47,40,48,187.0,94.0,189.5,181,0
LAClippers,Utah,50,49,41,43,199.0,99.0,200.0,183,0
Washington,Phoenix,46,49,51,58,210.5,103.0,211.0,204,0
Milwaukee,Orlando,46,57,64,48,205.0,101.5,206.0,215,1
NewYork,Indiana,51,52,47,35,187.5,94.5,182.0,185,1
Denver,Memphis,37,48,38,45,198.0,97.0,200.0,168,0
Chicago,LALakers,47,60,49,40,194.5,99.0,193.5,241,1
Minnesota,Philadelphia,54,66,35,42,193.0,97.0,193.0,197,1
Portland,Atlanta,56,45,42,61,203.5,102.0,200.5,204,1
Toronto,Brooklyn,52,68,53,53,197.0,97.5,198.0,249,1
Houston,Boston,50,52,31,47,208.5,103.5,206.0,180,0
Sacramento,Cleveland,50,49,52,40,209.5,105.0,204.0,191,0
LAClippers,NewOrleans,54,53,57,47,199.0,99.0,201.0,211,1
Dallas,Miami,28,50,42,45,191.0,95.0,194.0,165,0
GoldenState,Utah,42,59,48,61,206.0,103.0,203.5,210,1
Toronto,Washington,63,52,57,46,203.5,101.5,204.0,236,1
Dallas,Orlando,51,56,51,43,209.5,102.5,212.0,201,0
Sacramento,Indiana,55,59,32,47,199.5,101.0,198.0,193,0
Houston,Detroit,59,46,50,60,205.5,100.5,203.5,215,1
Philadelphia,Atlanta,32,51,54,39,192.0,95.5,193.5,176,0
Cleveland,Minnesota,51,50,54,41,204.0,101.5,206.0,196,0
OklahomaCity,Memphis,45,40,45,29,198.5,98.5,194.5,159,0
Portland,Milwaukee,42,45,54,42,198.5,99.5,196.0,183,0
LAClippers,SanAntonio,54,44,55,37,205.0,103.0,198.5,190,0
Charlotte,Denver,45,47,40,58,194.5,97.0,192.0,190,0
Phoenix,GoldenState,51,52,45,45,225.0,111.5,227.0,193,0
Miami,Boston,40,35,45,38,185.0,92.0,187.0,158,0
LALakers,NewYork,51,35,43,43,190.5,95.5,190.0,172,0
Philadelphia,Cleveland,39,43,52,47,196.0,96.5,193.0,181,0
Charlotte,Washington,52,52,32,44,187.0,93.5,187.5,180,0
Milwaukee,Toronto,37,51,45,24,203.0,100.5,202.0,157,0
LAClippers,Brooklyn,44,30,68,60,202.5,101.0,199.5,202,1
Atlanta,NewOrleans,54,43,65,53,196.0,101.5,197.5,215,1
Orlando,OklahomaCity,51,60,38,52,207.0,102.5,210.0,201,0
Minnesota,Dallas,50,51,53,40,209.5,105.0,207.0,194,0
Denver,Philadelphia,62,39,52,50,193.5,97.5,194.0,203,1
Boston,NewYork,45,56,51,53,190.5,98.5,190.5,205,1
Miami,Detroit,45,47,60,47,184.0,91.0,188.5,199,1
Utah,Portland,50,41,51,63,194.0,100.5,194.5,205,1
GoldenState,Sacramento,51,54,69,43,218.0,106.0,216.0,217,1
Detroit,Indiana,55,42,60,66,193.0,96.5,190.0,223,1
Brooklyn,Toronto,50,50,48,54,203.5,100.0,200.5,202,1
Washington,Atlanta,47,58,46,50,196.5,96.5,197.5,201,1
Denver,Boston,55,57,49,43,203.5,102.0,197.5,204,1
Chicago,Houston,54,51,40,46,205.0,101.5,202.0,191,0
Miami,Minnesota,51,53,55,44,188.5,93.5,188.0,203,1
LALakers,Milwaukee,50,50,42,46,192.0,96.0,190.0,218,1
OklahomaCity,NewOrleans,60,48,45,40,192.5,95.5,196.0,193,0
Orlando,SanAntonio,49,46,57,61,201.0,100.5,205.5,213,1
Memphis,Utah,53,56,39,42,186.5,95.5,189.0,190,1
Dallas,GoldenState,67,53,79,43,217.0,108.5,217.5,242,1
Washington,Charlotte,64,39,38,40,187.5,93.0,186.0,181,0
LAClippers,Cleveland,50,57,50,42,207.5,101.5,206.0,199,0
Dallas,Sacramento,46,57,40,36,209.5,101.5,209.0,179,0
Phoenix,Portland,42,39,50,64,211.5,104.5,210.0,195,0
NewYork,Brooklyn,50,48,40,42,196.0,97.0,191.0,180,0
Cleveland,Indiana,58,44,35,65,195.5,96.5,196.5,202,1
LALakers,Orlando,49,41,57,35,201.0,99.5,202.0,200,0
GoldenState,Atlanta,45,59,70,66,213.0,106.5,213.0,240,1
Denver,Detroit,49,49,44,44,204.5,101.5,203.5,186,0
Philadelphia,Boston,44,58,42,59,190.5,94.5,193.0,203,1
Milwaukee,Houston,59,65,54,50,198.5,98.0,200.5,228,1
NewOrleans,OklahomaCity,62,47,55,65,198.5,103.5,194.5,229,1
Memphis,Minnesota,47,39,48,45,198.0,99.5,195.5,179,0
Utah,Phoenix,49,47,51,46,202.0,104.5,204.5,193,0
Miami,SanAntonio,49,44,45,45,186.0,93.5,188.0,183,0
Brooklyn,Washington,47,49,54,41,192.0,94.5,192.5,191,0
GoldenState,NewYork,51,61,53,33,203.0,100.5,205.5,198,0
Charlotte,Philadelphia,47,43,41,39,181.5,90.5,183.0,170,0
Portland,Dallas,49,56,48,39,207.0,103.0,206.5,212,1
Boston,Milwaukee,46,53,56,34,193.5,100.5,195.0,189,0
LAClippers,OklahomaCity,54,68,54,63,207.0,102.5,210.5,239,1
LALakers,Cleveland,60,53,62,50,197.5,99.0,198.5,225,1
Atlanta,Memphis,36,49,50,47,197.0,101.0,194.0,182,0
Indiana,Charlotte,52,43,63,47,184.5,95.0,184.0,205,1
Minnesota,Detroit,56,56,42,59,204.0,102.5,202.0,213,1
Chicago,Orlando,48,47,53,47,197.5,96.5,205.0,195,0
SanAntonio,Toronto,53,38,31,47,202.5,105.5,202.5,169,0
Portland,Houston,53,56,52,46,206.5,102.0,203.5,207,1
Phoenix,Sacramento,44,46,42,36,208.0,102.5,211.5,168,0
Orlando,Washington,40,38,50,48,194.5,96.5,197.0,176,0
SanAntonio,Indiana,58,34,52,44,190.5,99.0,192.5,188,0
GoldenState,Philadelphia,44,46,38,45,205.5,101.5,204.5,173,0
NewYork,Miami,55,53,43,53,181.5,91.5,183.0,204,1
Atlanta,Minnesota,62,48,48,64,206.5,107.5,203.0,222,1
Utah,NewOrleans,52,42,44,58,184.5,96.0,189.0,196,1
Brooklyn,Milwaukee,54,45,48,53,193.5,96.5,192.0,200,1
LAClippers,Dallas,63,56,55,39,210.0,105.5,20.5,213,1
Detroit,Charlotte,53,47,43,41,193.0,96.0,189.5,184,0
Brooklyn,Memphis,47,45,45,44,190.5,94.0,190.0,181,0
Sacramento,Chicago,56,50,42,42,197.5,97.5,196.0,190,0
NewYork,Orlando,51,40,33,48,187.5,94.5,188.5,172,0
Washington,Toronto,52,44,55,37,195.5,97.5,201.5,188,0
SanAntonio,Detroit,32,55,58,46,194.5,101.5,197.0,191,0
Atlanta,Boston,36,47,50,44,201.0,105.0,202.5,177,0
Memphis,OklahomaCity,61,53,40,40,200.5,102.0,199.5,194,0
Sacramento,Milwaukee,58,53,45,58,198.5,99.0,195.5,214,1
Miami,Cleveland,61,46,47,52,192.5,94.0,191.5,206,1
Indiana,NewOrleans,50,42,57,50,189.0,95.5,189.0,199,1
GoldenState,Minnesota,53,49,38,45,217.5,107.5,215.5,185,0
Utah,Dallas,31,45,45,48,200.0,103.0,199.0,169,0
LALakers,Portland,56,44,53,35,196.5,99.0,197.5,188,0
Houston,LAClippers,52,58,49,46,213.5,106.5,211.0,205,0
Dallas,OklahomaCity,44,44,60,45,214.5,104.5,211.0,193,0
SanAntonio,LAClippers,51,56,71,56,203.0,105.5,202.5,234,1
NewOrleans,Orlando,39,51,54,35,192.5,100.0,195.5,179,0
Toronto,Atlanta,52,42,41,50,206.0,104.0,203.5,185,0
Miami,NewYork,51,55,49,43,181.5,92.0,181.5,198,1
Chicago,Detroit,45,53,47,46,193.5,97.5,198.0,191,0
Cleveland,Washington,61,55,49,51,198.5,98.5,197.5,216,1
Phoenix,Minnesota,50,44,63,63,207.0,104.5,211.5,220,1
Denver,Milwaukee,40,46,49,35,197.0,97.5,198.5,170,0
Houston,Dallas,44,53,57,57,212.0,105.0,211.0,211,0
Portland,Utah,42,40,42,44,191.5,94.5,194.5,168,0
Boston,Sacramento,55,52,49,54,202.5,105.5,202.5,210,1
Brooklyn,LALakers,66,47,60,46,194.5,98.0,191.0,219,1
SanAntonio,GoldenState,56,61,40,52,212.5,111.0,207.0,209,1
OklahomaCity,Charlotte,58,57,54,44,197.0,99.0,196.5,213,1
NewOrleans,Miami,39,55,56,46,194.5,100.5,189.5,196,1
Phoenix,Chicago,61,47,56,55,204.5,105.5,203.0,219,1
Sacramento,LAClippers,53,60,49,63,215.0,107.0,214.5,225,1
Cleveland,NewYork,53,47,36,48,198.0,97.5,198.0,184,0
Atlanta,Milwaukee,35,48,47,53,194.0,99.5,197.0,183,0
Philadelphia,Orlando,52,50,43,56,189.0,95.5,189.0,201,1
GoldenState,Indiana,64,51,44,43,204.0,103.0,204.5,202,0
Denver,OklahomaCity,54,55,58,46,210.0,103.0,211.0,213,1
Charlotte,Dallas,44,36,43,50,197.0,96.5,196.0,173,0
Memphis,Portland,40,36,65,49,192.0,96.0,193.0,190,0
Boston,LALakers,58,56,37,61,202.5,105.0,199.5,229,1
Philadelphia,Miami,63,58,49,57,193.5,97.0,189.0,227,1
Toronto,NewOrleans,45,55,41,56,195.0,96.5,195.5,197,1
Milwaukee,Chicago,36,45,32,45,193.0,96.0,195.0,158,0
Minnesota,Houston,51,61,47,56,213.5,106.5,210.0,215,1
SanAntonio,Utah,50,37,50,34,186.0,97.0,188.5,171,0
Boston,Phoenix,47,70,51,57,211.5,108.5,211.5,225,1
Brooklyn,Denver,49,50,55,38,205.0,102.0,201.0,192,0
Memphis,LAClippers,43,39,52,43,202.0,100.5,203.0,177,0
GoldenState,Washington,58,47,64,52,204.0,101.5,206.0,221,1
Cleveland,Detroit,57,58,36,44,206.0,102.0,203.5,195,0
Indiana,OklahomaCity,50,40,59,48,205.0,105.0,201.0,197,0
Toronto,Dallas,54,50,47,40,204.0,102.0,206.5,191,0
Miami,Orlando,34,42,46,48,200.0,98.5,196.5,183,0
NewYork,Boston,48,49,55,57,198.0,99.5,195.5,209,1
Dallas,Atlanta,56,44,45,46,204.5,103.5,202.5,191,0
Washington,Minnesota,31,53,50,40,200.5,100.0,201.5,174,0
Brooklyn,NewOrleans,48,55,46,49,193.0,96.5,192.5,198,1
Philadelphia,Milwaukee,41,52,49,50,187.0,93.5,189.0,192,1
LAClippers,Houston,53,69,47,46,218.0,108.5,214.5,215,1
Charlotte,Chicago,40,48,44,52,188.0,93.5,191.0,184,0
Phoenix,Denver,61,48,47,50,213.0,106.0,214.5,206,0
LALakers,Utah,50,46,51,50,192.0,95.5,191.0,197,1
Memphis,Sacramento,57,57,39,39,199.5,100.5,197.5,192,0
SanAntonio,Portland,48,53,51,54,195.5,102.0,195.0,206,1
GoldenState,Cleveland,65,52,51,41,216.5,107.0,215.5,209,0
OklahomaCity,Phoenix,40,61,69,48,217.0,107.5,216.0,230,1
Washington,Philadelphia,53,36,35,46,193.5,95.5,192.5,170,0
Cleveland,Indiana,47,49,39,44,194.0,96.0,199.5,179,0
NewYork,Detroit,51,43,41,55,192.0,95.0,196.5,236,1
Orlando,Atlanta,44,43,56,40,195.5,99.0,198.0,183,0
GoldenState,Toronto,38,47,70,47,213.0,105.0,215.0,202,0
Charlotte,Boston,48,46,50,60,195.5,98.0,195.0,204,1
LAClippers,Memphis,33,49,49,45,199.0,98.5,199.0,176,0
Brooklyn,Houston,61,49,37,53,208.5,104.0,204.0,200,0
Miami,NewOrleans,49,59,47,51,196.0,98.0,197.0,206,1
Minnesota,Chicago,50,45,45,45,193.5,98.0,197.5,185,0
Utah,Denver,45,39,49,53,194.0,99.0,198.5,186,0
SanAntonio,Sacramento,45,50,63,45,202.5,104.5,199.5,203,1
Milwaukee,LALakers,42,50,45,57,192.5,97.5,194.5,194,0
OklahomaCity,Portland,53,53,61,60,206.0,102.0,207.0,227,1
Detroit,Washington,64,40,46,44,193.5,96.5,194.0,194,0
Toronto,NewYork,37,60,49,55,189.5,94.5,196.0,201,1
Atlanta,Miami,29,47,41,67,196.0,99.5,198.0,184,0
Memphis,Minnesota,42,52,48,56,190.0,95.5,195.0,198,1
Brooklyn,Dallas,49,49,56,44,200.5,99.0,201.5,198,0
SanAntonio,Phoenix,37,38,41,59,207.5,105.5,207.0,175,0
OklahomaCity,LALakers,47,57,52,53,198.5,100.0,200.0,209,1
Charlotte,Orlando,50,35,46,50,184.5,92.5,188.0,181,0
GoldenState,Boston,63,51,47,46,218.0,108.5,214.0,207,0
Philadelphia,Indiana,51,54,32,31,192.5,96.0,188.0,168,0
Portland,Sacramento,57,57,46,49,206.0,102.0,203.0,209,1
NewOrleans,Denver,37,37,56,61,197.5,100.5,197.0,191,0
Toronto,Philadelphia,48,56,55,58,192.0,94.5,194.0,217,1
Phoenix,Miami,47,63,49,54,206.5,102.5,206.0,213,1
GoldenState,Brooklyn,56,52,58,52,210.0,105.0,207.0,218,1
LAClippers,Minnesota,59,59,55,42,204.5,102.5,204.0,215,1
NewOrleans,Dallas,63,50,38,44,197.5,103.5,197.0,195,0
LALakers,Charlotte,57,43,44,63,195.5,99.0,190.5,207,1
Houston,Atlanta,53,51,49,47,199.5,100.0,200.0,200,0
Utah,Memphis,39,36,50,50,182.0,96.5,183.0,175,0
Washington,Chicago,46,49,46,48,187.5,93.5,187.5,189,1
Milwaukee,Denver,58,48,40,55,196.5,100.0,193.0,201,1
NewYork,Indiana,49,57,46,35,191.0,94.0,191.0,187,0
Phoenix,Orlando,47,48,51,59,201.5,101.5,204.0,205,1
Utah,Boston,37,30,49,53,192.5,100.0,194.5,169,0
Cleveland,Toronto,53,47,58,74,204.5,100.5,203.0,232,1
Charlotte,Brooklyn,50,50,54,52,194.0,97.0,192.0,206,1
Denver,Minnesota,53,50,39,43,208.5,103.5,206.5,185,0
Memphis,Houston,55,58,45,44,196.0,98.5,197.0,202,1
LALakers,Miami,53,44,52,45,201.5,102.0,200.5,194,0
Philadelphia,OklahomaCity,71,44,59,46,203.0,101.0,201.0,241,1
Detroit,NewOrleans,41,47,40,45,195.5,96.5,195.0,173,0
Sacramento,SanAntonio,53,39,54,51,207.5,102.5,203.0,197,0
Portland,LAClippers,52,42,40,40,204.5,102.0,205.0,191,0
Milwaukee,GoldenState,44,62,37,52,204.0,101.5,203.5,195,0
Dallas,Portland,40,36,52,41,198.0,98.0,200.0,169,0
Toronto,Charlotte,49,46,53,49,194.5,96.0,188.0,197,1
Chicago,Indiana,43,44,45,50,186.5,92.5,187.5,182,0
Sacramento,Orlando,61,64,53,55,200.5,101.0,202.5,233,1
Utah,Philadelphia,45,38,36,53,186.0,97.5,184.5,172,0
Phoenix,Brooklyn,42,54,53,35,212.0,106.5,208.5,208,0
Cleveland,Atlanta,55,41,64,43,207.5,102.5,200.5,203,1
LALakers,Memphis,40,49,49,49,196.5,99.0,195.0,187,0
Detroit,Houston,52,48,49,47,208.0,102.0,204.5,196,0
Miami,Washington,58,48,55,35,193.5,93.0,195.0,196,1
Boston,NewOrleans,52,42,45,63,199.0,102.5,199.0,202,1
Denver,SanAntonio,61,64,48,58,205.5,103.0,205.0,231,1
Dallas,GoldenState,53,39,54,47,209.5,105.0,211.0,193,0
Memphis,NewOrleans,43,45,50,46,186.0,92.5,191.0,184,0
Sacramento,Miami,56,52,38,46,203.5,100.5,203.5,223,1
Atlanta,Philadelphia,51,49,41,35,194.0,101.5,192.0,176,0
Indiana,NewYork,40,41,42,55,187.5,96.0,189.5,178,0
Phoenix,Cleveland,54,36,42,36,211.5,103.5,213.0,168,0
Portland,Minnesota,59,47,52,76,198.0,99.0,198.0,234,1
Washington,Milwaukee,49,41,38,48,186.0,92.5,190.0,176,0
Houston,Denver,53,50,58,53,215.5,106.0,208.0,214,1
Chicago,SanAntonio,44,52,68,57,190.5,97.0,193.5,221,1
LAClippers,GoldenState,57,50,48,49,212.0,105.0,214.0,204,0
Utah,Brooklyn,45,40,44,54,185.5,97.5,187.5,183,0
Charlotte,Detroit,60,56,46,47,191.5,96.0,193.5,209,1
Toronto,OklahomaCity,57,62,46,47,213.0,105.5,214.0,212,0
Dallas,LALakers,49,39,64,41,202.5,102.0,201.0,193,0
Washington,Charlotte,57,45,35,27,192.0,96.5,187.5,164,0
Boston,Miami,43,40,54,53,198.0,101.5,200.0,190,0
Sacramento,Atlanta,53,77,57,48,209.5,104.0,205.0,235,1
Memphis,Chicago,44,36,58,54,183.0,93.5,184.5,192,1
NewOrleans,Milwaukee,55,55,61,46,186.5,97.5,187.0,217,1
NewYork,Denver,50,45,55,34,204.5,101.0,202.0,184,0
GoldenState,Phoenix,44,48,45,41,213.5,104.5,216.5,178,0
Minnesota,LAClippers,50,37,49,29,207.0,103.0,208.0,165,0
Orlando,Indiana,54,52,50,48,187.0,93.5,190.5,204,1
NewOrleans,Brooklyn,50,51,38,63,192.5,101.0,191.0,202,1
Toronto,SanAntonio,45,57,54,68,204.5,101.0,205.0,224,1
Cleveland,Dallas,57,63,55,46,201.0,100.5,201.0,221,1
NewYork,Utah,44,34,52,39,179.0,88.5,184.5,169,0
Detroit,LALakers,45,54,29,50,201.5,101.0,198.5,178,0
Chicago,Philadelphia,44,58,33,49,189.5,95.5,186.0,199,1
Sacramento,Charlotte,45,52,59,63,204.5,102.0,204.0,219,1
Memphis,Boston,41,37,49,60,188.5,95.0,193.5,187,0
Brooklyn,Miami,57,56,36,53,200.5,99.5,197.5,202,1
Orlando,Milwaukee,60,51,33,44,189.0,95.0,193.5,188,0
LAClippers,OklahomaCity,66,56,63,43,210.0,105.0,212.0,228,1
Atlanta,Denver,53,49,64,51,208.0,107.0,208.5,217,1
Minnesota,Phoenix,43,51,53,56,204.5,102.0,206.0,203,0
Houston,Portland,55,52,47,51,206.0,103.5,207.0,205,0
Detroit,GoldenState,55,52,48,48,205.0,102.0,205.5,203,0
Milwaukee,Indiana,50,54,52,36,188.0,94.5,185.5,212,1
Memphis,Washington,59,48,53,34,182.5,94.5,185.0,194,1
Houston,Utah,51,45,51,53,191.0,94.5,188.5,200,1
NewYork,LALakers,53,61,40,41,191.5,98.5,191.5,195,1
Chicago,Charlotte,54,58,35,45,187.5,94.5,189.0,192,1
Sacramento,Philadelphia,51,64,55,51,207.0,102.5,202.5,221,1
Orlando,Boston,42,48,48,45,194.0,99.0,197.5,183,0
Miami,Toronto,39,52,50,53,204.0,101.0,206.0,194,0
Minnesota,OklahomaCity,57,47,47,61,212.5,105.5,210.5,212,1
LAClippers,Dallas,45,65,59,59,204.5,101.0,202.5,228,1
GoldenState,Denver,60,56,49,52,207.0,103.0,216.0,217,1
Atlanta,Phoenix,51,47,40,45,203.0,104.0,203.5,183,0
Detroit,Portland,59,51,63,44,195.5,97.5,197.0,217,1
Boston,Indiana,38,44,45,55,193.0,100.0,193.0,182,0
Sacramento,Washington,46,64,59,41,207.5,102.5,208.0,210,1
Brooklyn,Philadelphia,56,51,33,41,197.5,98.0,192.0,181,0
Milwaukee,Memphis,42,49,48,40,183.5,90.5,184.5,179,0
Detroit,Utah,36,56,25,56,183.5,92.0,185.0,173,0
NewYork,GoldenState,53,72,59,35,200.0,99.0,201.5,219,1
Chicago,OklahomaCity,32,62,51,64,204.5,102.0,204.0,209,1
Houston,LAClippers,52,56,50,40,213.5,105.5,211.0,198,0
Cleveland,Orlando,54,67,65,45,200.0,99.0,203.5,231,1
Denver,NewOrleans,47,50,51,54,209.0,105.0,205.0,229,1
Portland,Toronto,64,53,53,40,204.5,101.5,204.5,210,1
Minnesota,SanAntonio,52,58,46,64,206.0,103.0,205.5,220,1
NewYork,Phoenix,52,43,46,50,196.0,98.0,196.0,191,0
Atlanta,LALakers,37,42,47,51,194.5,100.0,197.5,177,0
Toronto,Indiana,53,59,57,46,198.0,100.0,195.5,215,1
Portland,Washington,47,53,55,47,198.0,98.0,195.5,202,1
Philadelphia,Boston,56,35,66,40,195.5,97.5,192.5,197,1
Brooklyn,Minnesota,62,60,55,51,197.5,98.0,199.5,228,1
Denver,Memphis,42,42,44,45,193.5,96.5,199.0,173,0
Cleveland,Miami,49,45,52,52,203.5,101.0,204.5,198,0
OklahomaCity,Dallas,56,60,68,50,215.0,107.0,214.0,234,1
Charlotte,Utah,46,45,40,29,180.5,89.0,180.5,160,0
Atlanta,Sacramento,57,44,57,55,206.5,106.5,212.0,213,1
LALakers,GoldenState,60,52,48,53,209.0,104.5,210.5,213,1
SanAntonio,NewYork,54,40,49,49,194.5,101.5,197.0,204,1
Memphis,Detroit,48,45,58,49,184.0,92.0,183.5,200,1
Milwaukee,NewOrleans,53,33,46,37,190.5,94.5,191.5,169,0
Orlando,Houston,52,49,54,46,207.0,102.5,203.5,201,0
Charlotte,LAClippers,48,52,51,40,201.5,98.0,199.5,191,0
Brooklyn,Cleveland,49,57,61,42,207.5,101.0,204.5,209,1
Minnesota,Toronto,63,45,49,48,210.0,104.0,208.5,205,0
Portland,Miami,59,46,55,52,202.0,100.0,200.5,212,1
SanAntonio,Milwaukee,55,62,54,46,192.0,101.0,194.0,217,1
Indiana,Chicago,46,46,52,45,189.0,99.0,188.5,189,1
Orlando,Dallas,54,59,43,53,205.5,101.5,204.5,209,1
Boston,OklahomaCity,52,58,64,66,212.0,109.0,210.0,240,1
LAClippers,Sacramento,52,48,53,68,214.0,105.0,212.5,221,1
Washington,Utah,47,35,46,44,181.0,90.0,183.0,172,0
Denver,Houston,60,54,49,63,214.0,106.0,211.5,226,1
NewOrleans,Phoenix,36,41,31,38,198.0,101.0,198.5,146,0
Utah,LALakers,34,35,44,40,183.0,95.0,183.0,153,0
NewYork,Philadelphia,52,50,44,32,188.5,92.0,189.0,178,0
Portland,Orlando,44,70,42,59,200.0,100.0,203.0,215,1
Milwaukee,Brooklyn,61,65,37,39,192.5,97.5,191.0,256,1
Indiana,Cleveland,45,41,58,43,201.0,101.5,202.5,187,0
Atlanta,OklahomaCity,69,60,56,53,210.5,110.0,213.0,238,1
Toronto,Chicago,56,52,46,46,198.5,98.5,198.5,200,1
Memphis,Dallas,43,38,70,62,196.5,98.5,195.0,213,1
Boston,SanAntonio,51,47,49,43,205.5,107.5,208.5,190,0
Charlotte,Sacramento,51,52,46,43,206.5,101.5,206.0,192,0
NewOrleans,GoldenState,56,39,59,54,202.5,105.0,205.5,208,1
Brooklyn,Indiana,60,59,56,59,195.5,97.0,194.5,234,1
Chicago,Detroit,50,50,59,39,193.0,95.5,193.5,198,1
Portland,Memphis,62,35,42,44,194.0,97.5,192.5,183,0
Phoenix,Houston,70,53,62,34,207.0,103.0,206.0,219,1
Utah,GoldenState,34,55,69,39,191.5,99.5,196.5,197,1
Miami,OklahomaCity,46,40,38,44,212.5,104.0,212.0,168,0
SanAntonio,Atlanta,39,61,48,61,200.5,105.0,204.0,209,1
Cleveland,Milwaukee,51,46,51,50,195.5,96.0,200.0,198,0
NewOrleans,LAClippers,55,48,55,49,199.0,104.0,201.5,207,1
NewYork,Toronto,50,47,43,55,194.5,96.0,197.5,195,0
Washington,Sacramento,63,44,53,35,209.0,103.5,206.0,195,0
Detroit,Boston,49,39,44,44,196.5,98.0,197.5,202,1
Denver,Orlando,53,67,54,45,206.0,102.5,207.5,219,1
Charlotte,Minnesota,45,68,47,47,198.5,99.0,197.0,207,1
Dallas,Phoenix,60,39,52,39,206.5,106.5,207.0,190,0
Philadelphia,LALakers,38,50,61,39,194.0,96.0,191.5,188,0
Houston,Indiana,41,51,52,66,203.0,101.0,200.0,210,1
Memphis,NewYork,50,48,37,50,183.0,93.0,187.0,185,0
Boston,Brooklyn,51,52,54,44,203.5,104.0,203.0,201,0
Charlotte,Chicago,54,43,46,41,191.5,95.5,192.0,184,0
Minnesota,Utah,42,48,33,69,182.0,92.0,186.5,210,1
Washington,GoldenState,51,50,37,45,207.5,103.5,203.5,183,0
Toronto,Detroit,64,44,51,53,204.5,102.5,201.0,212,1
LALakers,OklahomaCity,64,57,67,56,214.5,105.0,210.5,244,1
Miami,Milwaukee,49,51,44,33,191.0,93.5,196.0,177,0
SanAntonio,Dallas,46,43,53,53,206.5,108.5,205.5,195,0
Philadelphia,Sacramento,58,75,38,42,206.5,104.0,205.5,213,1
GoldenState,Portland,56,63,54,57,204.5,102.5,203.5,230,1
Brooklyn,Charlotte,49,39,44,47,197.0,98.0,193.5,179,0
LAClippers,NewYork,45,51,48,47,197.0,97.5,198.0,191,0
Indiana,Washington,34,52,60,58,188.5,97.0,193.0,204,1
Atlanta,Orlando,54,45,40,39,200.5,103.0,202.5,178,0
Chicago,Toronto,49,55,55,60,197.0,97.0,199.5,219,1
Miami,Boston,47,50,47,35,198.5,98.0,199.5,179,0
Cleveland,Memphis,41,56,60,43,194.0,97.5,195.0,200,1
LALakers,Minnesota,39,53,47,41,201.5,99.5,198.0,200,1
Philadelphia,Denver,43,52,53,36,209.5,103.0,205.5,184,0
OklahomaCity,SanAntonio,60,61,53,47,216.5,107.0,214.0,221,1
Sacramento,Phoenix,57,54,42,54,213.0,105.5,210.5,207,0
Indiana,Milwaukee,49,57,53,59,189.0,96.0,187.5,218,1
Detroit,Orlando,57,50,56,45,198.0,98.5,197.0,208,1
LAClippers,Philadelphia,53,63,46,55,201.5,100.5,203.5,217,1
Charlotte,Washington,47,66,41,38,188.0,94.5,189.5,217,1
LALakers,Toronto,41,53,43,40,204.0,101.0,203.5,177,0
Cleveland,Brooklyn,56,57,45,46,207.0,103.0,207.5,204,0
Miami,Atlanta,47,45,64,29,195.5,97.0,193.0,185,0
Boston,NewYork,43,43,47,55,194.0,99.0,195.0,188,0
Sacramento,NewOrleans,38,50,52,50,205.5,100.5,206.5,190,0
Minnesota,Houston,53,57,60,60,205.5,101.0,205.5,230,1
GoldenState,Memphis,55,48,47,41,198.5,98.5,198.5,191,0
Dallas,SanAntonio,46,49,35,40,206.0,101.5,206.5,170,0
Utah,Denver,42,49,47,60,189.0,99.5,188.5,198,1
Portland,Phoenix,50,44,32,42,201.5,100.5,204.5,168,0
Atlanta,Charlotte,50,59,57,49,188.0,98.5,192.0,215,1
NewYork,Chicago,45,43,49,54,190.0,93.0,191.0,191,0
OklahomaCity,Utah,53,43,46,41,199.5,98.5,195.0,183,0
Denver,Portland,56,55,53,70,207.0,103.0,210.0,234,1
Houston,Washington,48,57,38,47,204.0,100.0,205.0,190,0
LALakers,Brooklyn,49,62,48,47,198.5,99.0,201.0,206,1
Minnesota,NewOrleans,36,55,56,51,196.0,96.5,199.5,198,0
Philadelphia,Cleveland,46,52,43,32,200.0,97.5,202.0,173,0
LAClippers,Boston,54,61,69,41,207.5,103.0,205.0,225,1
Memphis,SanAntonio,49,44,43,56,193.0,97.5,193.5,192,0
OklahomaCity,Phoenix,59,57,39,51,211.5,105.5,213.0,206,0
Boston,Charlotte,50,50,54,66,195.5,100.0,192.0,220,1
LALakers,Philadelphia,45,56,46,57,192.0,96.0,192.5,224,1
Milwaukee,Atlanta,45,40,51,53,194.5,96.0,195.0,189,0
Utah,Minnesota,43,47,48,50,187.0,98.0,185.0,188,1
Sacramento,Memphis,44,55,40,41,199.0,97.5,196.5,180,0
Phoenix,Portland,53,51,53,38,199.5,100.0,201.0,195,0
Atlanta,Detroit,61,41,46,52,199.0,102.0,198.0,200,1
Indiana,Brooklyn,48,63,52,54,200.5,102.5,199.0,217,1
SanAntonio,Miami,39,50,42,45,195.0,100.5,198.0,176,0
GoldenState,LAClippers,48,51,71,46,218.0,109.0,214.0,216,1
Detroit,Charlotte,58,43,34,45,196.0,96.0,195.0,180,0
Philadelphia,Washington,52,55,48,44,190.5,92.0,193.0,199,1
SanAntonio,Orlando,42,50,50,52,198.0,102.0,201.5,194,0
Indiana,Boston,38,51,41,57,200.5,103.5,196.5,187,0
Brooklyn,NewYork,51,60,45,42,195.0,97.0,193.0,198,1
Chicago,Milwaukee,45,51,48,42,191.5,96.0,193.0,186,0
Toronto,Minnesota,58,48,49,57,203.5,99.0,204.5,212,1
Dallas,OklahomaCity,53,76,73,64,214.5,106.0,208.5,266,1
Sacramento,Houston,60,53,70,43,211.5,104.0,208.0,226,1
Denver,Utah,51,45,44,42,195.0,98.0,194.5,182,0
LAClippers,Portland,59,64,54,71,209.5,104.5,208.0,248,1
NewOrleans,LALakers,60,49,51,45,196.5,101.0,196.5,205,1
Miami,Cleveland,61,50,52,39,196.0,95.5,200.0,202,1
Houston,Dallas,53,49,58,49,210.0,104.5,208.0,209,1
Phoenix,GoldenState,49,50,49,65,210.0,103.5,209.0,213,1
NewYork,Washington,40,60,50,38,190.0,93.0,190.0,188,0
Charlotte,Indiana,47,40,30,50,193.5,94.5,193.5,167,0
Toronto,Brooklyn,61,42,53,67,206.0,101.5,207.0,223,1
Milwaukee,Boston,46,56,59,50,194.5,98.5,196.0,211,1
OklahomaCity,Memphis,50,54,42,46,204.5,101.5,203.0,192,0
Orlando,Minnesota,52,42,43,44,205.5,102.5,201.0,181,0
Detroit,Chicago,51,31,36,52,196.0,97.5,197.5,170,0
Denver,SanAntonio,70,44,56,46,208.5,103.0,207.0,216,1
NewOrleans,Sacramento,54,44,47,51,203.0,102.5,205.0,196,0
Portland,LALakers,38,53,46,47,203.5,99.0,199.0,184,0
Philadelphia,Charlotte,35,65,41,42,188.5,93.5,191.0,183,0
Miami,Detroit,53,52,48,44,189.5,94.0,194.0,197,1
Boston,Toronto,39,55,57,57,209.0,107.0,207.5,233,1
Brooklyn,Atlanta,53,61,65,51,206.0,101.0,203.5,230,1
Washington,Memphis,47,40,43,45,187.0,92.5,189.5,175,0
Orlando,Milwaukee,53,51,41,42,194.0,96.5,194.0,187,0
LAClippers,Denver,44,50,58,47,215.5,105.5,216.5,199,0
Utah,Phoenix,31,53,49,39,188.0,97.0,190.0,172,0
NewOrleans,Portland,46,54,47,42,192.0,98.0,198.5,189,0
Houston,OklahomaCity,44,58,58,67,219.0,109.0,217.0,227,1
Chicago,Cleveland,50,49,51,43,194.5,96.5,200.5,193,0
Miami,Indiana,41,57,45,58,192.0,96.0,191.5,201,1
GoldenState,SanAntonio,48,47,61,43,210.5,105.0,209.5,199,0
Philadelphia,NewYork,46,59,46,41,187.0,93.0,188.0,192,1
LAClippers,LALakers,39,46,52,47,210.0,103.0,211.0,184,0
Portland,Brooklyn,47,45,49,61,203.5,100.0,199.5,202,1
Charlotte,Miami,53,57,47,48,190.5,94.5,189.5,205,1
Phoenix,Atlanta,41,54,30,40,200.0,99.5,204.0,165,0
SanAntonio,OklahomaCity,39,65,41,56,215.0,109.5,217.0,201,0
GoldenState,NewOrleans,46,52,59,46,206.5,101.5,206.0,203,0
Minnesota,Sacramento,54,49,61,63,213.5,105.5,209.5,227,1
LALakers,LAClippers,44,45,56,60,207.0,102.0,205.5,205,0
Washington,Philadelphia,59,65,48,37,186.5,91.5,190.0,209,1
Chicago,Orlando,50,61,55,42,190.5,96.0,195.5,208,1
Toronto,Charlotte,35,43,36,52,199.0,97.5,198.0,166,0
Indiana,NewYork,40,52,46,50,191.0,98.0,190.5,188,0
Atlanta,Brooklyn,57,64,55,49,204.5,106.5,203.0,225,1
Boston,Detroit,46,56,63,51,203.0,106.0,199.0,216,1
Cleveland,Milwaukee,48,48,50,57,198.5,97.0,196.0,203,1
NewOrleans,Memphis,51,40,45,48,184.0,96.0,185.5,184,0
Houston,SanAntonio,65,45,46,52,204.5,102.0,208.5,208,0
Sacramento,Utah,43,49,56,46,190.0,93.5,195.0,194,0
LALakers,Denver,68,44,52,56,205.0,102.5,205.5,220,1
Phoenix,Dallas,57,65,48,41,205.5,103.0,204.5,211,1
Minnesota,Portland,48,43,55,61,207.0,104.5,203.5,207,1
Chicago,Miami,38,45,41,43,192.5,95.5,191.5,167,0
Portland,GoldenState,57,54,57,53,211.0,105.5,208.5,221,1
Toronto,Orlando,48,52,52,48,202.5,100.5,203.5,200,0
Indiana,Detroit,44,54,60,52,192.5,100.0,197.0,210,1
Milwaukee,NewYork,50,51,45,44,189.0,93.0,188.0,190,1
Charlotte,Atlanta,30,65,35,54,191.5,94.5,193.5,184,0
Boston,Cleveland,45,49,62,33,208.5,107.0,203.0,189,0
Washington,Brooklyn,45,47,45,60,198.0,94.5,200.5,197,0
Phoenix,NewOrleans,48,40,42,35,195.5,96.5,196.5,165,0
Sacramento,OklahomaCity,58,48,52,61,218.0,106.0,215.5,219,1
SanAntonio,Houston,53,41,61,52,203.5,103.5,205.0,207,1
Dallas,Denver,62,63,57,60,212.0,106.0,209.5,287,1
Memphis,Utah,52,46,47,32,175.5,90.5,180.5,177,0
Minnesota,LALakers,51,48,52,53,202.0,101.0,204.5,204,0
NewYork,Orlando,54,15,42,48,196.5,97.0,192.5,159,0
Toronto,Miami,56,60,44,51,199.0,99.5,197.0,211,1
Philadelphia,Chicago,54,51,54,62,195.0,97.5,191.0,221,1
Memphis,LAClippers,47,54,36,43,197.0,100.5,196.5,180,0
Utah,Portland,51,51,55,59,183.0,97.5,189.5,216,1
Minnesota,GoldenState,59,56,40,56,214.5,107.5,214.0,211,0
Brooklyn,Milwaukee,50,34,48,37,202.0,98.5,196.0,169,0
Charlotte,Detroit,40,53,43,57,193.0,95.0,188.5,193,1
Sacramento,Denver,65,54,59,55,218.0,107.0,217.5,233,1
Atlanta,Washington,60,51,54,42,194.0,100.0,195.5,207,1
NewOrleans,Houston,50,57,65,63,198.5,103.5,200.0,235,1
Phoenix,SanAntonio,38,52,51,57,199.5,98.5,203.5,198,0
Dallas,LALakers,60,59,52,55,203.0,103.0,205.0,226,1
Houston,Charlotte,47,57,54,32,201.0,100.0,198.0,190,0
Milwaukee,Philadelphia,55,55,48,46,196.0,97.0,188.0,204,1
Detroit,Cleveland,49,50,67,40,205.0,99.0,201.0,206,1
NewYork,Atlanta,60,51,50,59,195.5,97.5,196.0,220,1
Orlando,Miami,55,41,54,43,198.0,96.0,197.5,193,0
NewOrleans,Minnesota,42,43,50,53,198.5,101.0,198.5,188,0
Portland,OklahomaCity,56,35,60,40,217.0,106.5,211.0,191,0
Dallas,Utah,55,59,42,45,187.0,96.0,189.0,201,1
LALakers,Sacramento,48,54,47,45,208.0,103.0,206.0,194,0
Memphis,GoldenState,57,57,45,59,196.5,98.5,197.0,218,1
Denver,LAClippers,62,49,50,52,214.5,106.0,215.5,213,0
Toronto,Boston,45,54,44,45,206.5,103.5,206.5,188,0
Washington,Indiana,32,42,41,47,193.0,96.0,192.5,194,1
LAClippers,Phoenix,58,54,49,52,207.0,102.0,208.5,213,1
Charlotte,Toronto,45,54,46,34,194.0,95.5,195.5,179,0
OklahomaCity,Minnesota,76,54,61,60,211.0,103.0,215.5,251,1
Atlanta,Chicago,39,52,51,34,197.5,100.5,194.5,176,0
Portland,Dallas,48,59,56,49,208.5,104.5,206.0,212,1
Utah,Houston,51,49,53,55,193.5,98.0,194.0,208,1
SanAntonio,NewOrleans,53,57,43,58,193.0,100.5,196.0,211,1
Washington,Cleveland,48,61,44,49,191.0,93.5,194.0,221,1
Orlando,Brooklyn,51,49,50,39,203.5,101.0,203.0,189,0
Boston,Milwaukee,47,47,51,60,198.0,101.5,198.0,205,1
Detroit,NewYork,59,42,53,48,193.0,95.0,195.5,202,1
Indiana,Memphis,46,49,39,44,184.5,95.0,185.0,178,0
Miami,Philadelphia,52,58,36,60,192.0,94.5,194.0,206,1
Denver,GoldenState,58,80,62,59,216.5,107.5,220.0,259,1
Sacramento,LALakers,56,64,53,48,206.5,105.0,205.0,221,1
Washington,Toronto,42,46,33,43,194.5,97.0,192.0,179,0
NewOrleans,GoldenState,41,59,50,55,205.0,105.5,203.0,205,1
Milwaukee,Chicago,59,52,50,33,186.5,95.0,187.0,194,1
Dallas,Houston,51,63,47,65,213.0,107.0,209.0,226,1
Boston,Cleveland,58,58,51,46,204.0,105.5,203.0,213,1
Brooklyn,Atlanta,52,48,36,55,204.5,101.5,201.5,191,0
Portland,Memphis,40,57,51,38,189.5,95.0,191.0,186,0
SanAntonio,LAClippers,48,44,51,56,208.0,107.5,204.0,199,0
Milwaukee,Chicago,27,50,62,34,190.5,95.0,187.5,173,0
NewOrleans,GoldenState,45,62,35,42,206.5,107.0,205.0,184,0
Boston,Cleveland,51,50,42,47,205.0,105.5,207.0,190,0
Washington,Toronto,57,52,63,51,193.0,97.0,190.5,223,1
Dallas,Houston,47,57,57,49,215.0,107.0,214.0,210,0
Brooklyn,Atlanta,53,44,45,45,202.5,101.0,202.0,187,0
Portland,Memphis,40,49,44,46,191.5,96.0,189.0,179,0
SanAntonio,LAClippers,52,47,52,37,206.5,105.5,205.0,218,1
Cleveland,Boston,56,48,56,38,204.5,104.0,204.0,198,0
Chicago,Milwaukee,54,48,43,45,187.5,94.0,188.0,219,1
GoldenState,NewOrleans,51,64,43,58,203.5,104.0,203.0,242,1
Houston,Dallas,78,59,63,58,216.5,110.0,214.0,258,1
Toronto,Washington,68,34,40,63,196.0,97.5,195.0,205,1
LAClippers,SanAntonio,41,43,35,54,204.0,101.5,205.0,173,0
Atlanta,Brooklyn,47,40,42,45,199.0,100.5,200.5,174,0
Chicago,Milwaukee,42,58,44,38,189.5,94.5,188.5,182,0
GoldenState,NewOrleans,55,66,34,52,207.5,105.5,206.0,207,1
Memphis,Portland,43,68,49,64,188.5,96.0,188.5,224,1
Cleveland,Boston,48,45,38,63,201.5,99.5,203.5,194,0
LAClippers,SanAntonio,50,48,59,62,202.5,103.0,202.0,219,1
Toronto,Washington,58,58,56,47,197.5,99.5,198.0,219,1
Houston,Dallas,59,55,55,61,218.5,111.0,220.5,230,1
Atlanta,Brooklyn,49,47,60,52,198.0,100.5,195.5,235,1
Milwaukee,Chicago,45,56,45,36,189.5,95.0,188.0,182,0
Memphis,Portland,49,54,40,48,192.5,98.0,193.0,191,0
Dallas,Houston,53,53,51,40,221.5,110.5,222.0,197,0
SanAntonio,LAClippers,49,58,57,54,202.5,104.5,205.5,218,1
Brooklyn,Atlanta,49,48,55,52,200.0,99.0,200.0,204,1
Portland,Memphis,40,45,49,58,189.5,94.5,191.5,192,1
Chicago,Milwaukee,50,48,45,43,189.0,93.5,187.5,186,0
LAClippers,SanAntonio,52,50,46,50,206.5,105.5,205.5,198,0
Atlanta,Brooklyn,59,37,62,40,198.5,99.5,200.0,198,0
SanAntonio,LAClippers,58,54,45,63,204.0,104.5,204.5,220,1
Memphis,GoldenState,57,56,36,38,196.0,100.5,198.5,187,0
Washington,Atlanta,63,53,48,38,197.5,100.5,197.0,202,1
Chicago,Cleveland,42,51,58,40,195.0,98.0,194.0,191,0
LAClippers,Houston,44,52,64,58,212.0,105.5,212.0,218,1
Washington,Atlanta,48,51,56,41,199.0,100.0,199.0,196,0
Memphis,GoldenState,50,39,47,51,198.0,101.5,194.5,187,0
Chicago,Cleveland,56,53,49,39,194.5,96.5,194.5,197,1
LAClippers,Houston,59,62,47,56,214.5,108.5,213.5,224,1
Cleveland,Chicago,42,54,51,48,194.5,97.5,195.0,195,0
Houston,LAClippers,57,64,54,48,215.0,109.5,217.0,223,1
Atlanta,Washington,46,53,52,53,196.5,100.0,199.0,204,1
GoldenState,Memphis,43,51,49,45,197.0,99.0,196.0,188,0
Cleveland,Chicago,54,40,35,41,194.0,96.5,194.5,170,0
Houston,LAClippers,63,51,68,41,217.5,109.0,217.0,223,1
Atlanta,Washington,55,65,40,47,198.0,101.5,198.5,207,1
GoldenState,Memphis,48,57,41,39,196.0,98.5,196.0,185,0
Chicago,Cleveland,49,49,53,56,190.5,95.0,192.0,207,1
LAClippers,Houston,49,62,55,61,219.0,109.5,219.0,227,1
Washington,Atlanta,42,46,37,38,201.0,100.0,200.0,163,0
Memphis,GoldenState,51,39,41,45,198.0,100.0,195.0,176,0
Cleveland,Chicago,64,38,31,34,192.0,95.5,192.5,167,0
Houston,LAClippers,54,72,45,55,220.0,111.5,219.0,226,1
Atlanta,Washington,39,45,52,49,197.0,99.0,198.0,185,0
GoldenState,Memphis,51,56,37,59,193.0,97.5,195.0,203,1
LAClippers,Houston,49,53,51,60,219.0,110.0,220.0,213,0
Houston,GoldenState,55,58,50,53,220.0,110.0,218.5,216,0
Cleveland,Atlanta,46,56,39,45,199.5,99.5,197.5,186,0
Houston,GoldenState,64,46,42,45,219.0,110.0,220.0,197,0
Cleveland,Atlanta,47,56,47,26,193.0,96.0,198.5,176,0
GoldenState,Houston,48,51,54,42,216.5,106.5,217.0,195,0
Atlanta,Cleveland,45,52,60,51,190.0,95.0,190.0,225,1
GoldenState,Houston,67,61,55,60,214.5,106.5,214.0,243,1
Atlanta,Cleveland,52,49,44,61,195.5,98.0,193.5,206,1
Houston,GoldenState,39,59,44,52,217.0,108.5,215.5,194,0
Cleveland,GoldenState,48,51,47,50,204.0,103.0,203.0,208,1
Cleveland,GoldenState,40,52,29,53,199.0,101.0,201.5,188,0
GoldenState,Cleveland,44,37,46,60,194.5,96.5,196.0,187,0
GoldenState,Cleveland,55,41,50,39,195.0,98.5,192.5,185,0
Cleveland,GoldenState,44,57,39,55,195.0,98.5,195.5,195,0
GoldenState,Cleveland,43,45,46,68,193.5,97.0,195.0,202,1
Detroit,Atlanta,50,41,57,52,196.5,98.0,197.5,200,1
NewOrleans,GoldenState,74,34,61,37,215.0,108.0,214.5,206,0
Washington,Orlando,60,44,28,43,202.5,100.5,204.5,175,0
Philadelphia,Boston,47,44,55,61,198.0,98.5,198.0,207,1
Indiana,Toronto,50,32,58,65,199.5,103.0,198.5,205,1
Chicago,Brooklyn,49,64,44,58,196.5,100.5,194.5,215,1
Charlotte,Miami,50,48,35,65,193.5,94.0,193.0,198,1
SanAntonio,OklahomaCity,56,49,57,56,207.0,108.5,208.0,218,1
NewYork,Milwaukee,50,64,49,56,194.5,98.5,192.5,219,1
Denver,Houston,48,54,37,51,211.5,106.0,212.5,190,0
Cleveland,Memphis,36,49,49,48,189.0,93.5,188.5,182,0
NewOrleans,Portland,61,52,41,52,206.5,102.0,206.0,206,0
Dallas,Phoenix,46,53,55,52,203.0,102.0,204.0,206,1
LAClippers,Sacramento,42,60,57,56,212.0,106.0,210.5,215,1
Minnesota,LALakers,53,58,72,40,202.5,104.5,202.5,223,1
Memphis,Indiana,49,50,49,67,191.0,97.0,185.0,215,1
Atlanta,NewYork,50,56,50,57,199.0,101.5,196.0,213,1
Dallas,LAClippers,39,55,59,39,212.5,105.0,211.5,192,0
Miami,Cleveland,52,37,54,51,200.5,98.0,196.0,194,0
Utah,Philadelphia,47,36,44,43,186.0,95.5,190.0,170,0
OklahomaCity,Orlando,66,54,48,66,205.5,104.0,206.0,275,1
Toronto,Boston,52,56,51,57,200.0,101.0,203.5,216,1
Chicago,Detroit,42,32,54,38,203.5,103.5,200.0,192,0
Washington,Milwaukee,55,71,48,57,200.0,100.5,200.0,231,1
Charlotte,Atlanta,51,54,40,46,194.5,97.0,195.5,191,0
Brooklyn,SanAntonio,46,43,51,37,202.0,100.5,202.0,177,0
Minnesota,Denver,42,46,54,31,204.0,103.0,207.5,173,0
GoldenState,Houston,59,42,45,58,216.5,107.5,216.0,204,0
LALakers,Sacramento,64,60,61,61,212.0,106.0,210.0,246,1
Portland,Phoenix,50,54,48,50,204.5,102.0,207.5,202,0
Utah,Indiana,52,39,40,42,193.0,103.0,191.0,173,0
NewYork,Washington,58,57,62,50,205.0,101.5,202.0,227,1
GoldenState,NewOrleans,59,70,67,58,211.5,105.0,212.0,254,1
Brooklyn,Memphis,57,44,47,44,192.5,96.5,193.0,192,0
Phoenix,Portland,50,54,41,46,204.0,102.0,204.0,191,0
Sacramento,LAClippers,55,59,48,61,216.0,109.0,215.5,223,1
Atlanta,Charlotte,46,39,61,40,195.5,100.0,193.5,186,0
SanAntonio,Boston,36,39,43,64,203.0,106.0,202.0,182,0
Milwaukee,Toronto,43,53,56,41,201.0,99.0,204.5,193,0
Houston,Miami,65,42,43,48,207.5,101.5,204.5,198,0
Orlando,Chicago,55,39,44,41,199.0,99.0,200.0,179,0
Denver,OklahomaCity,51,57,57,45,213.5,107.0,211.0,210,0
Dallas,LALakers,53,46,46,51,213.0,105.0,210.5,196,0
Cleveland,Philadelphia,50,53,51,53,195.0,96.0,196.0,207,1
SanAntonio,NewYork,39,43,53,43,202.0,103.0,204.5,178,0
Milwaukee,Brooklyn,66,41,53,39,194.0,96.0,197.5,199,1
OklahomaCity,Houston,47,72,42,54,217.5,109.0,215.0,215,0
Portland,Minnesota,55,51,57,44,204.0,102.0,202.0,207,1
Memphis,GoldenState,43,44,55,46,204.0,102.5,201.0,188,0
Phoenix,LAClippers,45,42,60,51,207.5,103.0,212.0,198,0
Chicago,Charlotte,57,59,61,58,193.5,99.0,194.0,235,1
Atlanta,Miami,49,42,53,46,197.0,101.0,197.0,190,0
Indiana,Detroit,54,52,46,24,200.5,105.0,199.0,176,0
Orlando,NewOrleans,45,55,47,50,205.5,103.0,204.5,197,0
Toronto,Dallas,56,44,47,46,205.5,102.5,205.5,193,0
Memphis,Sacramento,54,36,60,42,196.5,98.5,198.5,192,0
Denver,LALakers,66,51,59,53,203.0,103.5,208.0,229,1
SanAntonio,Washington,45,53,41,62,201.0,103.0,202.5,201,0
Boston,Indiana,39,53,53,53,207.0,107.5,201.5,198,0
NewYork,Cleveland,50,34,55,43,206.0,103.5,200.0,182,0
Brooklyn,Atlanta,40,44,58,46,197.0,96.0,198.0,188,0
Philadelphia,Milwaukee,50,42,43,43,194.5,96.0,198.0,178,0
Orlando,Houston,69,58,51,42,207.5,103.0,207.0,233,1
Toronto,OklahomaCity,36,43,75,47,213.0,104.5,211.0,201,0
Portland,Utah,53,53,38,56,189.5,95.5,192.0,200,1
Sacramento,Phoenix,46,43,61,65,209.5,103.0,207.0,215,1
LAClippers,GoldenState,56,63,46,55,217.5,109.5,218.5,220,1
OklahomaCity,Chicago,53,54,42,53,212.5,106.0,208.0,202,0
Miami,Minnesota,37,51,46,46,197.5,96.0,201.0,180,0
Charlotte,Dallas,50,57,38,57,200.5,100.0,198.0,202,1
Utah,Denver,43,39,47,51,191.0,100.0,193.5,180,0
Memphis,Portland,41,55,65,50,193.0,99.5,193.0,211,1
Toronto,Orlando,36,45,52,46,196.5,96.5,204.0,179,0
LALakers,Brooklyn,45,54,52,51,207.5,104.0,203.0,202,0
Washington,Boston,65,56,53,42,209.5,105.0,206.0,216,1
Philadelphia,Cleveland,53,46,55,56,196.5,96.5,196.5,210,1
Milwaukee,NewYork,50,59,39,43,196.0,98.5,200.5,191,0
Miami,Indiana,42,56,41,38,194.5,94.5,196.5,177,0
Atlanta,NewOrleans,54,51,63,68,206.0,105.0,202.5,236,1
Detroit,Phoenix,35,47,48,62,198.5,97.5,200.0,192,0
Houston,Sacramento,52,59,52,63,219.5,110.5,215.0,226,1
Denver,GoldenState,63,55,56,49,211.0,105.0,214.5,223,1
Minnesota,Chicago,58,57,38,33,201.5,102.5,198.0,195,0
Orlando,Philadelphia,42,53,59,48,191.0,93.0,193.5,202,1
Washington,Atlanta,38,48,67,60,206.0,100.5,204.5,213,1
Charlotte,SanAntonio,50,48,71,39,193.5,95.5,197.5,208,1
Brooklyn,Milwaukee,42,46,40,52,192.5,93.5,195.0,180,0
NewOrleans,Dallas,47,43,52,63,211.5,105.5,207.5,205,0
Memphis,Utah,40,49,45,34,179.5,90.5,185.0,168,0
GoldenState,Sacramento,34,50,56,57,221.0,108.0,218.0,197,0
Houston,LAClippers,64,50,47,53,212.0,105.0,216.5,214,0
LALakers,NewYork,50,44,47,53,212.0,104.5,207.0,194,0
Indiana,Cleveland,46,43,58,51,197.0,99.5,197.0,198,1
Toronto,Miami,46,45,46,35,190.5,95.0,195.0,172,0
Phoenix,OklahomaCity,58,56,52,61,212.5,107.0,212.0,227,1
Detroit,Portland,55,49,67,52,200.0,101.0,196.0,223,1
Chicago,Philadelphia,53,42,43,61,198.5,100.0,195.5,199,1
Orlando,Indiana,50,47,46,38,195.0,97.5,194.5,181,0
Minnesota,Atlanta,49,65,63,47,204.0,102.5,200.5,224,1
Portland,Denver,62,53,44,53,206.0,103.5,206.0,212,1
SanAntonio,Sacramento,47,45,49,53,202.5,104.0,208.5,194,0
Memphis,LAClippers,51,41,44,50,200.0,102.0,197.0,186,0
Detroit,GoldenState,42,59,55,48,209.5,104.0,208.0,204,0
OklahomaCity,Washington,60,58,50,58,215.5,106.0,217.5,226,1
Utah,Cleveland,49,51,60,72,187.0,98.0,186.0,232,1
LALakers,Miami,52,47,42,48,199.5,99.0,202.0,189,0
NewYork,Toronto,41,71,58,50,196.5,98.5,196.0,220,1
Dallas,NewOrleans,51,47,71,56,211.0,102.5,208.5,225,1
Charlotte,Minnesota,63,59,43,34,201.5,101.0,199.0,199,0
Boston,Milwaukee,48,40,47,47,202.5,104.5,202.0,182,0
LALakers,Orlando,51,42,51,56,201.5,100.5,202.0,200,0
Toronto,Philadelphia,63,57,53,49,196.5,98.5,192.5,222,1
NewYork,Charlotte,45,51,52,40,201.0,100.0,197.0,188,0
Indiana,Boston,54,46,55,38,203.0,106.5,203.5,193,0
LAClippers,Dallas,62,45,55,64,211.5,106.0,213.5,226,1
NewOrleans,Atlanta,50,53,48,53,208.5,104.0,212.0,204,0
GoldenState,Memphis,41,47,49,47,200.0,99.5,200.5,184,0
Brooklyn,Houston,50,54,58,42,208.0,102.5,203.5,204,1
Milwaukee,Denver,57,60,50,38,193.5,95.0,201.5,205,1
Detroit,Sacramento,59,51,46,37,205.5,103.0,204.5,193,0
SanAntonio,Portland,52,52,52,58,205.0,106.5,200.5,214,1
Utah,Miami,50,41,41,51,184.0,97.0,181.0,183,1
GoldenState,Minnesota,67,71,46,61,211.0,105.5,210.0,245,1
LAClippers,Phoenix,55,52,59,56,205.5,102.0,210.0,222,1
Utah,Orlando,48,44,51,52,189.5,99.5,187.5,195,1
Minnesota,Indiana,51,60,52,47,200.0,99.0,196.0,210,1
Cleveland,NewYork,52,47,39,36,203.5,101.5,202.0,174,0
NewOrleans,Toronto,38,42,53,48,205.5,103.5,208.0,181,0
Philadelphia,OklahomaCity,42,49,41,55,206.5,102.0,207.0,187,0
Portland,Memphis,47,58,44,52,193.5,96.0,199.0,201,1
Charlotte,Chicago,46,50,52,51,200.0,97.5,199.0,199,0
LALakers,Dallas,53,35,31,53,210.0,104.5,210.0,172,0
Houston,Denver,53,57,46,49,210.5,103.5,208.5,205,0
Brooklyn,Sacramento,53,61,53,53,204.5,101.5,204.5,220,1
Detroit,LAClippers,53,58,50,36,196.5,98.0,200.0,197,0
Orlando,Washington,56,50,49,52,203.5,101.5,204.0,207,1
Dallas,Houston,52,39,58,59,208.0,102.0,212.0,208,0
Cleveland,Milwaukee,46,48,37,45,194.5,96.5,197.0,213,1
Philadelphia,SanAntonio,32,50,54,39,193.5,95.5,198.0,175,0
Denver,Phoenix,40,48,54,44,205.0,100.5,209.5,186,0
Brooklyn,GoldenState,57,49,41,47,207.0,102.5,209.0,206,0
NewOrleans,NewYork,50,36,47,49,203.5,101.5,205.0,182,0
Memphis,Minnesota,45,59,56,60,192.5,96.0,196.0,220,1
Portland,Charlotte,62,54,39,45,206.0,101.0,205.0,200,0
Boston,OklahomaCity,48,49,49,39,211.5,110.0,209.0,185,0
Toronto,Sacramento,45,59,57,47,208.5,104.0,209.5,208,0
Detroit,LALakers,39,53,40,50,201.0,100.0,200.0,182,0
Dallas,Philadelphia,43,50,40,45,203.0,100.0,201.5,178,0
Indiana,Chicago,52,46,56,37,197.0,101.5,195.0,191,0
Boston,Houston,52,58,45,51,206.0,105.5,209.5,206,0
OklahomaCity,Memphis,52,58,49,77,197.5,97.5,200.0,236,1
Portland,SanAntonio,30,34,61,48,200.5,98.5,204.0,173,0
LALakers,Phoenix,48,62,45,66,205.0,102.0,209.0,221,1
Milwaukee,Washington,56,54,41,50,197.0,95.5,203.0,201,0
Atlanta,Brooklyn,36,55,49,38,198.0,101.5,198.5,178,0
Minnesota,Miami,45,50,36,63,199.5,100.0,195.5,194,0
Cleveland,Detroit,58,53,45,47,195.5,98.0,192.0,203,1
Denver,NewOrleans,52,52,54,55,207.5,102.0,208.0,213,1
Toronto,GoldenState,54,56,63,52,208.5,103.0,208.5,225,1
Indiana,Philadelphia,41,49,56,51,190.5,97.5,191.5,197,1
Minnesota,Orlando,42,48,57,39,204.0,102.0,202.0,205,1
Brooklyn,Charlotte,64,44,64,55,193.5,97.5,196.5,227,1
Dallas,Boston,47,52,49,60,208.0,104.5,204.0,208,1
NewOrleans,OklahomaCity,48,50,56,59,212.5,106.5,216.0,213,0
Portland,Houston,43,38,56,61,210.0,103.0,212.0,211,0
Sacramento,Atlanta,57,57,46,40,209.0,105.0,210.0,200,0
Denver,SanAntonio,55,68,49,35,198.0,98.5,195.5,207,1
Toronto,Utah,43,44,36,59,191.0,96.0,189.0,182,0
Chicago,Phoenix,49,51,42,58,203.0,104.0,200.0,200,0
Sacramento,Miami,46,56,56,67,203.0,100.0,198.0,225,1
Milwaukee,Cleveland,51,60,54,50,192.5,94.0,195.5,215,1
GoldenState,LAClippers,66,56,54,65,213.5,107.0,214.5,241,1
Philadelphia,Charlotte,49,54,52,46,198.0,97.5,195.0,201,1
Brooklyn,Boston,42,66,50,57,204.0,101.5,202.0,215,1
Detroit,Minnesota,48,34,51,49,202.5,99.5,201.5,182,0
NewYork,OklahomaCity,45,47,43,48,206.5,104.0,207.0,183,0
SanAntonio,NewOrleans,42,47,63,42,201.0,106.0,200.0,194,0
Houston,Memphis,42,62,45,31,200.0,98.0,202.0,180,0
Utah,Dallas,47,52,52,44,196.0,101.0,192.0,195,1
Phoenix,Denver,46,66,52,57,206.5,101.5,205.0,221,1
LAClippers,Portland,46,49,53,45,210.0,105.5,212.0,193,0
Chicago,GoldenState,57,40,53,50,208.0,105.5,206.5,200,0
Toronto,LALakers,48,51,45,49,203.5,103.0,203.5,193,0
Sacramento,Orlando,49,51,50,38,209.0,106.0,206.0,188,0
Milwaukee,Indiana,53,53,51,52,192.5,95.5,194.5,209,1
Atlanta,Cleveland,46,53,42,65,198.5,102.0,199.0,206,1
Philadelphia,Miami,44,35,62,46,194.0,97.5,191.0,187,0
NewYork,Houston,50,61,45,53,202.0,99.5,204.5,209,1
Memphis,SanAntonio,43,49,43,39,190.0,95.5,192.0,174,0
Toronto,LAClippers,56,41,29,45,203.5,102.0,206.5,171,0
Phoenix,NewOrleans,48,63,66,61,210.5,106.0,211.0,238,1
Boston,Brooklyn,43,58,63,48,201.0,102.0,205.5,212,1
Dallas,OklahomaCity,56,56,60,59,208.5,104.5,211.5,231,1
GoldenState,Denver,57,65,48,53,210.0,103.0,213.5,223,1
Portland,LALakers,55,53,50,42,204.5,101.5,203.0,200,0
Orlando,Cleveland,56,58,54,52,199.5,100.0,197.0,220,1
Sacramento,Charlotte,63,57,45,59,210.5,107.0,210.0,249,1
NewYork,Miami,45,37,47,44,189.5,92.0,191.5,173,0
Philadelphia,Minnesota,45,53,49,48,200.0,99.5,200.5,195,0
Phoenix,SanAntonio,37,41,49,55,196.5,99.0,197.0,182,0
OklahomaCity,Utah,43,66,47,44,201.0,101.0,197.0,200,1
Indiana,Washington,64,59,52,54,207.0,105.0,205.0,229,1
Boston,Atlanta,61,44,49,64,205.0,106.0,203.0,218,1
Dallas,Memphis,38,44,60,64,196.0,96.5,197.0,206,1
LAClippers,Denver,51,45,59,50,206.0,101.5,208.5,205,0
Chicago,Portland,51,36,47,47,201.5,103.0,201.5,181,0
LALakers,GoldenState,41,51,52,44,215.0,106.0,214.5,188,0
NewYork,Orlando,37,44,54,56,195.0,96.0,195.5,191,0
Washington,Charlotte,52,60,43,33,210.0,102.0,210.0,188,0
Philadelphia,Boston,50,37,32,45,201.0,103.0,199.0,164,0
Miami,Detroit,44,59,42,40,187.5,93.0,186.5,185,0
Cleveland,Toronto,50,48,64,40,200.5,99.5,198.5,202,1
Memphis,Houston,52,57,50,36,198.0,100.0,199.5,195,0
Sacramento,Milwaukee,73,62,53,59,210.0,104.0,208.0,247,1
Brooklyn,OklahomaCity,51,57,51,50,210.5,103.5,211.5,209,0
Atlanta,Minnesota,50,48,46,50,207.0,106.5,204.5,194,0
Dallas,SanAntonio,42,43,38,48,197.0,100.5,195.0,171,0
NewOrleans,Phoenix,64,54,55,61,211.5,107.0,211.0,234,1
Utah,LAClippers,44,46,51,52,197.0,102.5,195.5,193,0
Cleveland,Charlotte,45,57,46,37,203.0,100.5,203.5,185,0
Miami,NewYork,53,46,38,38,187.0,93.0,188.0,175,0
Washington,Boston,47,43,45,54,209.0,104.5,209.0,189,0
Philadelphia,Houston,49,56,66,59,199.0,100.0,198.0,230,1
Detroit,OklahomaCity,60,43,44,43,207.5,104.5,205.5,190,0
Chicago,Indiana,48,45,42,61,199.5,101.0,197.5,196,0
SanAntonio,Denver,32,56,41,42,194.5,100.5,194.5,171,0
GoldenState,Phoenix,71,61,52,67,216.5,108.0,215.0,251,1
Minnesota,Sacramento,57,43,43,49,217.5,106.0,214.0,192,0
NewOrleans,LAClippers,46,59,57,39,212.5,104.5,212.5,201,0
Toronto,Washington,39,45,46,36,200.5,99.0,207.5,166,0
Brooklyn,Cleveland,41,53,43,41,200.0,100.0,203.0,178,0
Atlanta,SanAntonio,48,43,48,57,193.0,99.5,193.5,196,1
Denver,Dallas,47,53,30,43,205.0,102.5,206.0,173,0
NewOrleans,Utah,39,48,49,52,196.5,97.5,197.5,188,0
LALakers,Portland,55,51,54,44,201.0,100.0,203.0,204,1
Sacramento,GoldenState,59,43,61,58,219.5,108.5,221.0,221,0
Minnesota,LAClippers,42,43,47,74,206.0,102.0,207.0,206,0
Phoenix,Toronto,39,63,51,56,202.0,104.0,205.0,209,1
Detroit,Brooklyn,40,36,50,44,194.0,96.5,194.0,170,0
Philadelphia,Memphis,34,34,63,45,193.5,95.5,194.0,176,0
Boston,Orlando,41,57,53,50,201.0,106.0,200.5,201,1
Indiana,LALakers,40,43,62,65,201.5,101.5,201.5,210,1
Boston,Miami,55,53,48,44,192.0,98.5,192.0,200,1
Houston,Detroit,50,55,52,64,198.0,96.0,197.5,221,1
SanAntonio,Chicago,40,57,46,38,189.0,99.0,190.5,181,0
Denver,Milwaukee,51,39,37,39,199.0,97.0,203.0,166,0
OklahomaCity,Atlanta,52,53,48,53,213.5,106.5,210.0,206,0
GoldenState,Utah,46,55,59,49,201.5,99.5,201.0,209,1
Dallas,Sacramento,55,57,35,63,214.5,108.0,213.0,210,0
Portland,LAClippers,47,51,40,51,205.5,102.0,206.5,189,0
Washington,Cleveland,51,46,50,35,204.5,102.0,202.5,182,0
Phoenix,Brooklyn,45,48,50,42,208.0,105.5,207.0,185,0
Orlando,Minnesota,35,60,48,46,203.0,102.0,200.0,189,0
LALakers,Washington,56,52,45,59,203.5,102.0,206.0,212,1
GoldenState,Charlotte,55,56,54,50,208.5,102.5,213.5,215,1
Phoenix,Detroit,56,58,55,55,203.5,103.5,203.0,249,1
Philadelphia,NewYork,48,45,46,47,191.0,94.5,191.5,186,0
Denver,Chicago,49,48,43,49,197.0,97.0,199.0,189,0
NewOrleans,Houston,46,52,68,43,215.5,107.5,212.5,209,0
Toronto,Atlanta,34,44,45,59,196.5,96.5,197.0,182,0
Milwaukee,SanAntonio,49,37,45,34,187.0,92.5,190.5,165,0
Indiana,LAClippers,58,39,44,53,202.0,103.5,202.5,194,0
OklahomaCity,Miami,51,50,49,42,203.5,101.5,200.5,192,0
Denver,Toronto,48,50,54,59,190.0,95.5,196.5,211,1
Orlando,Utah,54,57,44,42,192.5,96.5,189.5,197,1
SanAntonio,Memphis,41,40,50,55,183.0,95.0,186.5,186,0
Boston,Sacramento,49,38,71,53,216.5,110.0,212.5,211,0
Indiana,Portland,59,56,72,47,202.5,106.0,201.5,234,1
Brooklyn,NewYork,63,44,52,40,192.5,96.0,192.0,199,1
Phoenix,Washington,53,58,52,52,214.5,106.0,210.5,215,1
LALakers,Atlanta,42,46,50,49,206.5,102.0,205.0,187,0
Houston,Dallas,54,56,46,40,211.5,104.5,207.0,196,0
Cleveland,NewOrleans,48,57,56,49,208.5,103.5,206.0,222,1
Denver,Philadelphia,54,57,51,51,193.5,95.5,194.0,213,1
GoldenState,Toronto,53,55,54,59,210.0,104.5,209.0,221,1
Portland,Minnesota,54,51,57,50,204.0,100.0,204.0,212,1
Sacramento,Houston,45,57,67,64,218.0,108.5,219.0,233,1
Charlotte,Chicago,48,54,45,51,195.5,95.0,195.5,198,1
NewYork,Milwaukee,53,47,50,47,188.5,94.5,192.0,197,1
Boston,SanAntonio,56,51,50,56,192.0,101.0,189.5,213,1
Indiana,Utah,46,63,59,52,196.0,101.5,196.0,241,1
Phoenix,Memphis,36,48,51,53,203.0,103.5,205.5,188,0
LALakers,Detroit,51,56,48,47,199.5,97.5,198.0,202,1
GoldenState,Brooklyn,46,65,56,45,209.5,103.5,209.0,212,1
Dallas,Washington,57,56,58,49,208.0,104.0,206.0,220,1
Sacramento,OklahomaCity,53,46,41,53,222.0,110.5,221.5,193,0
Detroit,Charlotte,48,65,45,30,198.0,97.5,196.0,188,0
SanAntonio,Philadelphia,50,44,54,39,190.5,98.5,188.0,187,0
LALakers,Toronto,47,47,48,53,198.5,100.0,201.0,195,0
Washington,Miami,48,67,56,46,197.5,97.5,195.5,217,1
Boston,NewOrleans,50,47,51,56,211.0,108.0,216.0,204,0
Phoenix,Chicago,57,45,36,66,204.0,104.0,204.5,204,0
Portland,Milwaukee,41,34,47,56,199.5,98.5,199.5,178,0
LAClippers,Minnesota,54,48,46,68,205.5,103.5,201.5,216,1
GoldenState,Indiana,72,67,55,60,215.0,106.0,213.0,254,1
Portland,Cleveland,42,61,49,53,199.5,102.0,200.0,205,1
Houston,Brooklyn,55,48,49,63,206.5,102.5,206.5,215,1
OklahomaCity,Memphis,53,53,55,52,201.5,100.5,204.5,213,1
Orlando,Denver,52,35,38,34,198.5,99.5,199.0,159,0
Utah,Sacramento,55,47,64,54,205.5,105.0,205.5,220,1
Chicago,Boston,48,57,45,55,200.0,104.5,199.0,205,1
Houston,Washington,47,56,62,47,214.5,105.0,214.5,212,0
SanAntonio,Toronto,48,51,36,56,187.5,100.0,188.0,191,1
Memphis,Detroit,41,49,51,44,194.0,97.5,192.0,185,0
LALakers,Minnesota,67,49,49,63,204.5,101.5,203.0,245,1
LAClippers,Milwaukee,51,44,48,61,200.0,99.0,202.0,204,1
Orlando,Phoenix,45,51,61,54,206.0,103.5,206.5,211,1
NewYork,Utah,40,55,46,50,192.5,95.5,192.5,191,0
Philadelphia,Brooklyn,37,59,48,47,199.5,101.0,194.0,191,0
Atlanta,OklahomaCity,63,46,49,43,210.0,107.5,210.5,201,0
LAClippers,Chicago,47,32,39,45,203.0,101.5,201.0,163,0
NewYork,Sacramento,40,45,56,55,210.0,104.5,208.0,196,0
Detroit,Philadelphia,49,55,51,47,193.0,95.5,193.0,202,1
Miami,Indiana,41,54,50,34,196.5,96.5,195.5,179,0
Cleveland,Orlando,42,48,45,52,198.0,97.0,197.0,187,0
GoldenState,Boston,51,59,47,49,214.5,105.5,216.5,243,1
Milwaukee,Toronto,41,39,50,43,191.5,94.0,194.0,173,0
Washington,NewOrleans,56,53,45,58,211.0,102.5,216.0,212,0
Charlotte,Memphis,64,49,53,56,193.0,96.0,194.0,222,1
LALakers,SanAntonio,58,42,50,46,194.0,98.5,194.0,196,1
Portland,Phoenix,59,59,42,42,209.5,106.0,209.0,202,0
LAClippers,Brooklyn,48,53,39,65,206.0,103.0,203.0,205,1
Boston,Charlotte,33,47,62,49,202.5,104.5,202.5,191,0
Indiana,Detroit,57,63,61,33,204.0,105.5,201.0,214,1
LALakers,Houston,57,52,58,56,212.5,104.5,209.5,223,1
SanAntonio,Atlanta,35,37,62,47,190.5,97.5,193.0,181,0
NewOrleans,Chicago,48,39,47,58,202.0,101.0,204.5,192,0
GoldenState,Milwaukee,58,49,50,46,206.5,101.5,209.0,203,0
Washington,Dallas,54,47,61,63,205.0,100.5,207.5,225,1
NewYork,Portland,50,61,51,60,198.0,100.5,198.5,222,1
Minnesota,Phoenix,52,52,47,58,209.5,105.0,210.0,209,0
Memphis,Miami,48,56,45,48,189.0,94.5,188.5,197,1
Philadelphia,Toronto,56,40,31,45,192.5,96.5,192.0,172,0
Utah,OklahomaCity,37,52,58,45,203.0,106.0,201.0,202,1
Toronto,Indiana,55,38,44,59,199.5,99.5,200.5,196,0
Philadelphia,Chicago,43,64,46,58,195.0,99.0,192.5,211,1
Miami,Atlanta,42,43,50,53,192.5,96.0,191.0,188,0
Washington,Memphis,46,57,41,63,201.0,99.5,199.5,207,1
Phoenix,Dallas,46,43,46,63,208.0,105.5,209.0,198,0
Utah,SanAntonio,44,51,61,43,186.0,96.0,187.0,199,1
Houston,Denver,58,54,58,52,209.5,103.0,209.0,222,1
NewOrleans,Portland,57,41,49,59,211.0,108.0,208.0,206,0
Cleveland,Boston,48,38,44,36,202.0,101.0,201.0,166,0
Denver,Minnesota,51,61,60,40,202.5,99.5,204.0,212,1
Houston,Sacramento,62,45,49,48,222.0,110.5,220.0,204,0
Milwaukee,LALakers,55,46,51,56,198.5,99.5,196.5,208,1
Dallas,Indiana,39,53,47,49,207.5,103.0,205.0,188,0
Minnesota,NewYork,53,47,48,61,199.0,96.5,200.0,209,1
Miami,Brooklyn,52,53,57,40,191.0,96.0,190.5,202,1
Boston,Detroit,43,64,61,67,198.0,102.5,202.0,235,1
Philadelphia,Atlanta,55,66,57,55,199.0,99.0,198.5,233,1
Portland,OklahomaCity,57,40,58,41,208.0,104.0,209.5,196,0
Memphis,Chicago,56,47,37,43,194.5,97.5,195.0,183,0
Washington,SanAntonio,57,50,50,52,197.5,97.5,198.0,209,1
NewOrleans,Utah,51,50,51,46,200.5,101.0,203.0,198,0
Milwaukee,LAClippers,50,47,47,49,198.0,97.5,201.5,193,0
Phoenix,GoldenState,54,51,65,61,219.5,112.0,220.0,231,1
Toronto,Charlotte,45,55,42,38,193.5,95.0,195.0,208,1
OklahomaCity,Cleveland,54,39,59,52,203.5,101.0,206.5,204,0
Houston,LALakers,47,44,55,48,215.5,105.0,213.0,194,0
Portland,Orlando,55,42,45,54,202.0,101.0,199.0,196,0
Brooklyn,Indiana,41,55,53,52,206.5,103.0,203.0,201,0
NewYork,Philadelphia,53,56,48,47,196.5,97.5,198.0,204,1
Atlanta,Boston,44,41,59,66,206.5,106.0,204.0,210,1
Toronto,Miami,52,53,53,44,187.0,93.0,189.5,202,1
Detroit,Chicago,58,49,44,59,197.0,98.0,193.0,291,1
Sacramento,Minnesota,55,57,48,34,213.5,107.0,214.5,194,0
LAClippers,SanAntonio,56,54,63,49,196.0,99.5,195.5,222,1
Memphis,Dallas,51,53,37,44,197.0,98.5,198.0,185,0
Denver,Utah,53,49,48,35,193.5,94.5,195.5,185,0
NewOrleans,Phoenix,45,50,46,51,213.5,107.0,214.0,192,0
Milwaukee,GoldenState,69,59,50,55,211.0,106.0,208.0,233,1
LALakers,OklahomaCity,50,58,39,49,208.0,102.0,210.5,196,0
Charlotte,Washington,55,57,49,49,206.0,100.5,206.0,210,1
Chicago,NewYork,43,45,57,53,194.5,99.0,195.0,198,1
Indiana,Memphis,37,50,49,44,200.0,103.0,202.5,180,0
LAClippers,Houston,55,48,51,50,212.5,108.0,213.0,204,0
Minnesota,Brooklyn,42,53,45,45,202.0,100.5,204.5,185,0
Portland,Miami,55,59,54,57,192.5,97.5,194.0,225,1
Philadelphia,Cleveland,46,47,55,46,198.0,99.5,197.5,194,0
Milwaukee,Phoenix,53,45,43,55,202.0,100.5,205.0,196,0
Atlanta,Orlando,54,40,61,48,201.5,104.0,200.0,203,1
Sacramento,Toronto,55,48,45,50,206.5,105.5,207.0,198,0
NewOrleans,Denver,67,74,54,60,204.5,104.0,207.0,255,1
Sacramento,Washington,69,53,46,44,218.5,108.5,216.5,212,0
Minnesota,Boston,60,53,51,48,209.5,106.0,205.5,212,1
Orlando,NewYork,50,48,53,55,198.5,98.5,196.0,206,1
Brooklyn,Chicago,51,62,50,44,197.0,100.0,197.0,207,1
Portland,Atlanta,43,55,37,68,196.0,97.5,205.0,203,0
Charlotte,Houston,55,34,40,68,208.0,102.0,209.0,197,0
Indiana,SanAntonio,44,54,51,49,199.0,103.5,197.5,198,1
Phoenix,Utah,54,43,43,59,198.0,100.5,200.5,199,0
OklahomaCity,LAClippers,52,50,47,50,209.0,104.0,208.5,199,0
Memphis,Philadelphia,54,46,43,51,193.5,95.5,195.0,194,0
Dallas,Toronto,48,37,54,63,196.0,98.5,196.0,202,1
Detroit,Miami,52,54,41,38,194.5,97.0,193.0,185,0
LALakers,Denver,60,55,48,55,204.5,101.0,203.5,218,1
NewYork,Cleveland,55,50,39,31,194.5,97.5,197.0,175,0
Boston,Charlotte,50,37,49,55,204.0,105.0,202.0,191,0
Houston,Orlando,60,52,49,44,207.5,104.0,208.0,205,0
Sacramento,Indiana,57,56,53,48,215.0,107.0,215.5,214,0
Dallas,Brooklyn,58,59,51,48,199.0,100.0,199.5,237,1
SanAntonio,Minnesota,44,46,48,53,195.0,99.5,198.0,191,0
Portland,NewOrleans,49,40,56,59,203.0,103.0,203.0,204,1
Philadelphia,Milwaukee,53,58,51,51,195.0,97.0,194.5,213,1
Detroit,Atlanta,53,53,43,58,200.5,100.0,202.0,207,1
Denver,Phoenix,54,52,45,49,208.0,103.0,207.5,200,0
Utah,GoldenState,36,49,46,57,208.5,106.5,209.0,188,0
OklahomaCity,LALakers,44,59,50,52,207.0,103.5,207.0,205,0
NewOrleans,Miami,42,38,35,41,200.5,99.0,200.0,182,0
Chicago,OklahomaCity,58,48,48,47,205.5,107.5,203.5,201,0
Cleveland,GoldenState,47,40,36,49,207.5,102.5,210.0,172,0
SanAntonio,Houston,47,34,40,51,204.5,106.0,200.5,172,0
LAClippers,LALakers,54,50,38,36,207.5,104.0,207.0,178,0
Washington,Brooklyn,60,42,54,51,205.0,101.0,206.5,207,1
Toronto,Milwaukee,39,69,47,46,193.0,95.5,193.5,201,1
Houston,NewOrleans,74,51,50,43,209.5,104.5,213.5,218,1
Memphis,Charlotte,58,48,42,42,192.0,95.5,195.5,190,0
Miami,Orlando,44,56,45,64,193.0,95.5,192.5,209,1
Boston,Detroit,49,48,40,55,203.5,106.0,203.0,192,0
NewYork,Atlanta,54,69,39,53,203.0,101.5,201.5,215,1
Indiana,Minnesota,42,45,47,56,206.0,106.0,207.0,190,0
Chicago,Dallas,59,60,60,50,200.0,102.5,200.0,229,1
Denver,SanAntonio,42,56,43,46,194.5,96.0,196.0,187,0
Philadelphia,Phoenix,44,52,64,55,205.5,102.5,204.0,215,1
Cleveland,Portland,46,51,52,32,195.5,96.0,198.5,181,0
LALakers,Memphis,55,50,61,42,195.0,97.0,198.0,208,1
NewYork,Boston,40,52,50,49,202.5,101.0,201.5,191,0
Denver,OklahomaCity,63,51,67,53,207.0,102.5,206.5,234,1
Portland,Sacramento,59,41,60,32,209.0,105.5,208.0,192,0
NewOrleans,Orlando,48,48,43,54,204.5,103.0,205.5,193,0
Atlanta,Indiana,48,44,50,38,204.0,105.5,205.0,180,0
LALakers,Charlotte,57,59,50,40,203.0,101.0,200.0,206,1
LAClippers,Washington,54,51,52,42,208.0,102.5,205.5,199,0
Toronto,Chicago,55,46,50,50,198.0,99.5,196.0,201,1
Minnesota,SanAntonio,53,49,46,48,195.5,98.0,193.0,196,1
Philadelphia,Utah,60,43,53,30,195.0,96.5,194.0,186,0
Cleveland,Phoenix,64,50,40,44,199.0,98.5,200.0,198,0
Sacramento,GoldenState,56,63,46,60,220.0,109.5,223.0,225,1
Detroit,NewYork,51,48,52,53,198.5,98.0,198.0,204,1
Miami,Memphis,56,38,37,35,189.5,95.0,189.0,189,0
Milwaukee,OklahomaCity,61,58,61,74,206.5,103.0,205.0,254,1
Atlanta,Houston,66,61,50,59,208.0,106.5,210.5,236,1
Brooklyn,Orlando,52,45,44,52,199.5,99.0,199.0,193,0
LAClippers,Charlotte,57,64,57,61,200.5,99.5,201.5,239,1
LALakers,Boston,51,63,53,49,206.5,104.0,206.0,216,1
Washington,Toronto,55,38,49,43,203.0,100.0,202.5,185,0
Indiana,Chicago,42,48,38,54,201.5,102.5,201.0,202,1
Utah,Minnesota,32,37,45,60,191.5,98.5,196.5,174,0
GoldenState,Dallas,48,54,53,50,209.0,102.5,213.5,205,0
Phoenix,SanAntonio,44,50,46,51,198.0,101.5,196.0,191,0
Denver,Portland,53,56,46,58,201.0,99.0,201.5,213,1
Philadelphia,Sacramento,61,53,52,49,215.0,108.5,210.0,215,1
Milwaukee,Indiana,57,54,55,70,201.0,100.0,200.5,236,1
Minnesota,Detroit,37,45,66,57,201.5,99.5,201.5,205,1
Phoenix,OklahomaCity,54,53,60,49,212.5,108.5,210.5,216,1
LAClippers,NewOrleans,45,53,36,50,208.0,104.0,208.0,184,0
Portland,Utah,50,46,61,48,188.5,93.0,193.0,205,1
Orlando,Washington,45,46,53,50,203.0,100.0,204.5,194,0
Dallas,Miami,32,71,38,47,196.0,96.0,195.0,188,0
Charlotte,Toronto,57,53,46,42,196.5,98.5,196.5,198,1
NewYork,Chicago,52,54,44,39,199.0,99.0,199.0,189,0
Philadelphia,LALakers,42,39,41,55,208.5,102.5,206.0,177,0
Brooklyn,Boston,60,51,41,45,203.5,102.5,203.5,197,0
Phoenix,Sacramento,49,63,78,71,213.0,108.5,216.0,261,1
Detroit,Indiana,44,39,40,53,204.0,101.0,201.5,176,0
OklahomaCity,Charlotte,56,64,43,36,210.0,103.5,208.5,199,0
Orlando,Cleveland,42,45,47,49,192.0,94.0,194.5,183,0
Milwaukee,Minnesota,43,48,51,38,204.0,100.0,200.5,180,0
NewOrleans,Dallas,51,44,45,63,206.0,104.0,208.0,203,0
Houston,SanAntonio,56,59,53,56,201.5,100.5,200.5,224,1
Memphis,Utah,53,38,44,33,184.0,91.5,186.0,179,0
Denver,GoldenState,50,60,57,37,216.0,105.5,215.0,219,1
Philadelphia,LAClippers,60,61,56,52,203.5,102.0,208.5,229,1
Atlanta,NewYork,43,57,62,46,200.5,103.0,203.5,208,1
Chicago,Toronto,52,56,60,60,195.5,99.5,197.0,228,1
Miami,Washington,49,32,43,48,197.0,96.0,197.0,172,0
Portland,Denver,45,72,43,58,203.5,101.0,202.5,218,1
Phoenix,LALakers,35,30,67,42,209.0,102.5,208.5,174,0
Minnesota,Philadelphia,54,43,62,49,203.5,101.5,206.5,208,1
Toronto,Cleveland,62,52,54,54,194.0,96.5,190.0,222,1
Indiana,Miami,48,43,49,50,193.5,99.0,194.0,203,1
Orlando,Detroit,54,50,58,42,199.0,98.5,199.0,204,1
Boston,Brooklyn,59,39,49,50,201.0,104.0,201.5,197,0
SanAntonio,Milwaukee,59,50,56,56,192.5,99.5,191.0,221,1
Sacramento,OklahomaCity,64,70,38,48,214.5,107.0,219.5,220,1
Houston,Utah,49,57,40,38,198.0,97.0,200.5,184,0
Memphis,Portland,32,40,50,47,195.5,98.5,192.0,169,0
Charlotte,GoldenState,56,60,56,40,212.5,106.0,206.5,212,1
NewYork,Atlanta,49,54,52,53,202.5,101.5,203.0,208,1
Milwaukee,Chicago,64,64,55,40,200.5,99.5,198.5,223,1
Sacramento,Dallas,51,41,56,48,213.0,105.5,214.0,233,1
GoldenState,LALakers,62,47,43,45,211.5,104.0,213.5,197,0
Indiana,Orlando,42,33,50,56,198.5,103.0,198.0,181,0
NewYork,Miami,43,43,44,58,193.0,95.5,192.0,188,0
Cleveland,Washington,50,62,72,52,202.5,98.0,198.0,236,1
Toronto,Brooklyn,41,40,45,39,195.0,96.5,197.5,165,0
Detroit,Boston,57,46,38,52,202.5,101.0,201.5,193,0
Dallas,NewOrleans,46,53,40,52,204.5,102.5,207.0,191,0
Denver,Minnesota,46,40,45,21,201.5,98.0,205.0,152,0
Utah,SanAntonio,54,65,50,52,183.5,95.5,186.0,221,1
Charlotte,Phoenix,66,46,59,42,203.5,101.5,206.0,213,1
LAClippers,Portland,49,54,52,52,205.0,102.0,205.5,207,1
Boston,Chicago,48,47,42,56,204.5,105.0,204.0,193,0
Utah,Houston,47,36,55,59,196.5,102.0,196.5,197,1
LALakers,Sacramento,59,58,71,45,214.5,108.0,214.0,233,1
Toronto,Washington,44,50,40,51,202.5,100.5,200.5,185,0
Orlando,Brooklyn,43,32,47,38,191.5,95.5,194.0,160,0
Indiana,NewOrleans,46,35,57,39,205.0,107.0,206.0,177,0
Cleveland,Minnesota,62,46,63,53,195.0,96.0,197.0,224,1
Denver,Memphis,59,27,47,42,189.0,92.0,194.0,175,0
NewYork,SanAntonio,56,45,52,46,196.0,99.5,195.5,199,1
Miami,Phoenix,41,52,57,48,198.0,97.0,197.5,198,1
OklahomaCity,LALakers,60,53,62,55,212.5,105.0,209.5,230,1
Charlotte,LAClippers,45,44,45,46,202.5,100.5,206.0,180,0
Chicago,Atlanta,49,66,57,53,208.5,107.0,206.5,225,1
Washington,Orlando,44,65,46,49,199.5,99.0,201.0,204,1
Brooklyn,Detroit,56,46,36,54,194.5,96.0,197.5,192,0
Toronto,Philadelphia,51,50,43,59,202.0,99.5,203.5,203,0
Miami,Utah,48,46,46,41,182.5,89.5,185.0,181,0
GoldenState,Sacramento,53,65,62,64,225.0,111.0,222.0,244,1
NewOrleans,LAClippers,43,62,55,42,204.5,101.5,204.5,225,1
Cleveland,Philadelphia,46,49,49,36,206.0,101.0,203.0,180,0
Boston,Memphis,50,41,53,55,191.5,99.5,193.0,199,1
OklahomaCity,Portland,53,45,67,60,215.0,108.5,213.5,225,1
Utah,LALakers,29,44,38,49,190.5,97.0,194.0,160,0
SanAntonio,Brooklyn,42,41,50,52,194.5,100.5,191.0,185,0
Washington,Chicago,53,57,47,57,208.0,102.0,207.5,214,1
Miami,GoldenState,52,58,47,57,209.5,103.0,204.0,214,1
Phoenix,Indiana,44,50,62,57,204.5,104.5,205.5,213,1
Boston,NewYork,63,45,58,68,200.0,104.0,200.0,234,1
SanAntonio,Detroit,49,48,50,61,196.5,101.5,194.0,208,1
Houston,Memphis,46,49,46,57,196.5,97.5,197.0,198,1
Chicago,Milwaukee,49,48,54,56,203.0,103.5,202.0,207,1
OklahomaCity,Minnesota,53,55,38,51,209.0,103.5,211.5,197,0
Cleveland,Dallas,47,52,40,51,199.5,98.5,200.0,217,1
NewOrleans,LALakers,37,42,59,48,203.5,101.0,201.0,186,0
Atlanta,Charlotte,39,42,57,53,206.5,106.0,205.5,191,0
Milwaukee,Washington,47,52,46,62,207.0,101.0,208.5,207,0
NewYork,Brooklyn,49,56,44,65,191.5,96.0,192.5,214,1
Indiana,Boston,52,54,48,43,204.5,105.0,202.5,197,0
Dallas,OklahomaCity,50,57,40,50,207.0,103.0,213.0,197,0
Minnesota,Houston,47,60,51,53,208.0,103.5,206.5,211,1
GoldenState,Denver,57,52,47,66,215.5,107.0,211.0,222,1
NewOrleans,Sacramento,47,56,52,51,218.0,109.0,213.0,206,0
Miami,LAClippers,42,55,51,46,197.5,97.5,197.0,194,0
Toronto,Orlando,49,66,35,42,193.5,97.5,194.0,209,1
Chicago,Philadelphia,56,52,48,52,203.5,105.0,206.5,226,1
Detroit,Memphis,45,46,59,54,192.0,95.5,192.5,204,1
Cleveland,SanAntonio,52,42,51,49,195.0,98.5,195.5,194,0
Sacramento,Utah,38,63,52,51,200.0,100.0,202.0,204,1
LALakers,GoldenState,47,54,57,56,215.5,109.0,214.5,214,0
Washington,Indiana,51,54,55,62,209.5,104.0,206.0,222,1
Minnesota,OklahomaCity,48,52,47,59,209.5,103.5,207.0,206,0
Phoenix,Boston,65,50,59,46,209.5,105.0,209.5,220,1
Portland,Brooklyn,45,60,57,58,205.0,103.0,199.5,220,1
Atlanta,Milwaukee,50,47,52,41,206.0,106.5,207.5,209,1
Charlotte,NewOrleans,66,40,59,51,202.0,101.0,202.5,216,1
Miami,Denver,51,57,46,39,189.0,94.0,193.5,193,0
Cleveland,Houston,44,37,38,49,204.5,101.5,205.0,168,0
Boston,Washington,55,60,54,67,211.5,109.0,208.5,236,1
Milwaukee,Charlotte,48,52,57,40,196.5,97.0,200.5,197,0
Brooklyn,Atlanta,50,53,49,48,206.5,103.5,203.0,200,0
Portland,Philadelphia,46,65,41,51,207.0,103.0,207.5,203,0
GoldenState,Detroit,57,57,45,49,216.5,107.5,214.0,208,0
NewYork,Memphis,59,47,40,52,187.0,94.5,191.0,198,1
LALakers,Utah,50,46,52,43,191.0,93.5,190.5,191,1
Sacramento,LAClippers,60,64,37,52,218.5,109.0,216.5,213,0
Phoenix,Minnesota,47,59,46,52,206.5,103.0,206.0,204,0
Dallas,SanAntonio,30,52,52,61,195.5,96.5,195.0,195,0
Miami,OklahomaCity,42,44,47,40,200.5,99.0,202.0,173,0
Indiana,Denver,60,60,55,80,199.5,102.0,201.0,255,1
Houston,LALakers,68,49,52,38,205.5,102.5,208.0,207,0
Philadelphia,NewYork,58,41,40,53,200.5,99.5,203.5,232,1
Utah,Charlotte,57,38,42,53,185.5,96.0,190.0,243,1
Portland,Washington,49,67,54,36,208.5,103.0,215.0,206,0
NewOrleans,Memphis,50,50,48,52,193.0,97.5,196.5,200,1
Chicago,Detroit,58,51,53,50,200.5,103.0,204.5,212,1
Brooklyn,Toronto,48,53,64,47,195.5,98.5,208.0,212,1
GoldenState,Cleveland,55,59,57,59,209.5,102.0,208.0,230,1
Boston,Dallas,45,46,51,54,203.5,106.0,204.0,231,1
Houston,LAClippers,54,57,63,70,209.5,104.5,208.0,272,1
Milwaukee,Miami,37,51,44,38,191.5,95.0,192.5,170,0
Minnesota,NewOrleans,63,48,46,56,204.0,103.0,203.5,213,1
Indiana,Phoenix,42,37,53,59,207.5,105.5,208.0,191,0
OklahomaCity,Denver,56,54,53,51,213.5,104.0,212.0,214,1
Philadelphia,Orlando,44,49,59,31,196.0,97.0,198.5,183,0
Boston,Toronto,62,56,68,38,202.0,105.0,201.0,224,1
Cleveland,Brooklyn,40,49,39,41,197.5,95.5,199.0,169,0
Utah,NewYork,39,46,59,54,187.0,97.5,188.0,229,1
Detroit,Houston,56,47,61,73,209.0,104.0,206.0,237,1
GoldenState,Chicago,52,55,43,69,216.0,105.0,215.5,219,1
Charlotte,OklahomaCity,52,45,61,46,207.0,100.5,207.5,204,0
Minnesota,Dallas,56,42,33,47,200.0,99.5,197.0,200,1
Sacramento,LALakers,46,63,54,42,215.0,107.5,215.0,205,0
Atlanta,Portland,47,44,55,56,210.5,110.0,207.0,202,0
Detroit,NewOrleans,62,63,42,47,206.0,102.0,202.5,214,1
LAClippers,Cleveland,59,50,51,57,203.0,102.5,201.0,217,1
Memphis,Denver,60,43,53,47,196.5,97.0,195.5,203,1
SanAntonio,Phoenix,43,47,58,58,200.0,103.5,200.5,206,1
Charlotte,Orlando,65,51,57,45,196.5,98.0,191.5,236,1
Utah,Brooklyn,45,43,54,52,188.5,99.0,188.0,194,1
Chicago,Boston,57,56,59,39,209.0,107.5,207.0,211,1
LAClippers,NewYork,55,45,50,54,207.5,101.5,202.5,204,1
Milwaukee,Houston,59,43,43,55,211.0,104.5,206.0,200,0
Miami,Toronto,51,53,43,35,189.5,95.0,187.5,182,0
OklahomaCity,Dallas,52,52,55,56,208.0,104.0,206.0,215,1
Indiana,GoldenState,50,65,48,69,216.5,111.5,215.0,232,1
SanAntonio,LALakers,53,46,59,45,200.0,105.0,196.5,203,1
NewYork,Charlotte,42,46,45,48,200.5,98.5,199.0,181,0
Milwaukee,NewOrleans,45,58,55,57,203.0,100.5,205.5,215,1
Memphis,Minnesota,45,58,55,49,192.5,95.0,195.5,207,1
Chicago,Cleveland,35,48,47,49,202.0,105.0,200.0,179,0
Atlanta,Phoenix,52,35,51,55,203.0,106.5,207.0,193,0
Detroit,Denver,58,41,59,47,205.5,100.5,206.0,205,0
Indiana,Sacramento,56,39,56,54,214.5,111.0,214.5,205,0
LALakers,Portland,59,55,63,47,209.5,104.5,205.5,224,1
Boston,Philadelphia,55,46,62,41,206.0,106.5,205.5,204,0
Dallas,Houston,65,43,61,50,205.0,103.5,208.0,219,1
Oklahoma City,Brooklyn,58,54,50,60,208.5,104.5,208.5,222,1
LA Clippers,Toronto,61,50,43,52,205.5,103.0,204.0,206,1
Minnesota,Cleveland,61,53,42,65,205.0,101.5,198.5,221,1
Boston,Washington,42,60,52,53,214.0,112.0,212.5,207,0
Orlando,Memphis,64,65,32,39,190.0,96.5,190.0,210,1
Miami,Chicago,41,55,33,44,192.0,96.0,190.5,173,0
Houston,NewOrleans,61,57,67,38,216.5,107.0,215.0,223,1
Detroit,Utah,35,49,44,59,193.0,95.0,192.0,187,0
Atlanta,Denver,61,55,50,58,208.0,108.5,204.0,224,1
Charlotte,Sacramento,47,55,70,58,214.0,105.0,212.0,257,1
SanAntonio,GoldenState,52,57,52,49,212.0,109.5,210.0,210,0
Phoenix,Philadelphia,55,44,56,61,204.5,101.0,206.0,216,1
Washington,Toronto,42,61,44,48,206.0,102.0,206.5,195,0
Miami,Brooklyn,53,55,42,50,192.0,95.5,189.0,200,1
OklahomaCity,NewYork,72,52,55,47,208.5,104.5,209.5,250,1
Orlando,Milwaukee,53,56,51,47,197.0,97.5,195.5,207,1
Sacramento,Portland,62,48,52,47,214.0,107.0,215.5,209,0
Dallas,LALakers,57,57,41,27,201.0,101.0,201.5,182,0
Phoenix,Cleveland,49,56,53,50,209.5,103.5,209.0,208,0
Denver,Boston,50,50,57,57,214.5,105.0,209.5,214,1
Philadelphia,Detroit,32,57,64,54,206.5,101.5,202.0,207,1
LAClippers,Atlanta,40,48,42,38,205.5,104.0,209.0,168,0
OklahomaCity,Minnesota,56,70,59,64,213.0,106.0,210.0,249,1
Dallas,GoldenState,54,50,68,62,214.0,106.5,215.0,234,1
Denver,Washington,58,64,48,60,212.0,106.0,210.0,230,1
Atlanta,Indiana,51,44,62,46,202.5,105.0,203.5,203,0
NewYork,Toronto,48,48,40,60,199.0,99.0,201.0,196,0
Sacramento,NewOrleans,56,60,55,48,215.0,107.5,216.0,219,1
Phoenix,NewYork,42,56,48,40,203.5,101.5,205.0,186,0
Orlando,Boston,48,60,55,44,205.5,102.5,204.5,207,1
Houston,OklahomaCity,51,62,59,52,223.0,110.0,223.0,224,1
Brooklyn,Dallas,43,47,36,44,199.5,98.0,199.0,170,0
Minnesota,Utah,56,55,40,42,192.5,96.0,194.0,193,0
Charlotte,Portland,46,49,57,48,207.0,104.0,205.5,200,0
LALakers,LAClippers,57,46,46,49,205.0,102.5,204.5,198,0
GoldenState,Philadelphia,62,65,36,50,218.0,105.0,218.0,213,0
Detroit,Toronto,43,59,51,65,204.5,102.0,203.5,218,1
Denver,Indiana,62,48,53,35,210.0,103.5,207.5,214,1
Brooklyn,NewOrleans,38,57,42,71,205.0,100.5,206.0,208,1
Washington,Houston,60,61,57,67,218.5,106.0,218.5,245,1
Sacramento,Memphis,58,58,53,69,207.0,102.5,204.0,238,1
SanAntonio,Cleveland,67,48,53,52,203.0,104.0,206.0,220,1
Chicago,LAClippers,46,52,59,56,202.5,104.0,204.0,213,1
Boston,Orlando,56,45,61,71,203.0,105.0,205.0,233,1
Atlanta,Miami,44,37,56,55,197.5,103.0,193.0,192,0
Phoenix,Dallas,44,52,41,32,198.0,99.5,201.0,169,0
GoldenState,NewYork,38,66,43,64,219.0,107.0,217.0,211,0
Minnesota,Portland,42,45,41,61,209.0,104.5,206.5,189,0
Charlotte,LALakers,37,64,42,40,201.5,100.0,200.0,183,0
Cleveland,Indiana,59,50,45,38,208.0,103.5,209.5,217,1
Detroit,Brooklyn,54,57,42,52,202.5,102.0,204.0,205,1
Dallas,Atlanta,42,57,60,50,199.0,99.0,200.0,209,1
Memphis,NewOrleans,49,57,46,53,202.5,101.0,201.5,205,1
Washington,OklahomaCity,62,54,52,44,223.5,109.5,221.0,212,0
Orlando,SanAntonio,59,37,49,54,201.0,100.5,201.0,199,0
Chicago,Utah,52,46,37,51,190.5,99.0,192.5,201,1
Toronto,Denver,56,53,36,60,204.5,102.5,208.5,205,0
Milwaukee,Sacramento,57,52,39,67,213.5,107.5,214.0,215,1
Boston,NewYork,43,49,43,51,208.5,108.0,207.0,186,0
Miami,Houston,62,53,52,50,210.5,106.0,204.0,217,1
Toronto,Phoenix,60,37,52,52,198.0,98.5,201.0,201,0
Milwaukee,Portland,46,59,47,50,206.0,103.0,204.5,202,0
Minnesota,LALakers,53,65,55,61,206.0,103.5,202.5,234,1
Cleveland,Charlotte,46,61,50,46,202.0,98.5,206.5,203,0
Atlanta,Philadelphia,44,56,50,60,208.5,108.0,207.0,210,1
Indiana,Brooklyn,49,56,59,50,199.0,103.0,200.5,214,1
Detroit,Boston,43,49,46,59,209.5,103.5,210.0,197,0
Orlando,OklahomaCity,64,67,59,41,211.5,104.5,212.5,231,1
GoldenState,Washington,71,63,61,60,227.0,111.0,224.0,255,1
Miami,Dallas,42,51,46,44,194.5,95.5,194.5,183,0
NewOrleans,SanAntonio,57,41,64,45,206.5,103.0,206.5,207,1
Denver,Utah,44,42,38,42,195.0,95.5,195.0,166,0
Chicago,Sacramento,59,58,38,54,211.5,111.5,213.0,209,0
Minnesota,LAClippers,54,54,42,60,210.0,104.0,207.0,210,1
NewYork,Detroit,42,54,53,67,201.5,99.5,204.0,216,1
LALakers,NewOrleans,54,53,41,47,210.5,105.5,209.0,195,0
Toronto,Portland,62,48,47,56,206.0,104.0,203.0,213,1
Houston,Phoenix,47,68,53,48,217.5,109.0,214.0,216,1
Miami,Charlotte,56,38,46,53,195.0,96.0,194.5,193,0
Indiana,Atlanta,55,46,44,53,209.0,108.0,204.5,198,0
Philadelphia,Washington,56,51,47,46,214.0,105.5,214.5,200,0
LAClippers,Orlando,48,51,51,50,204.5,101.5,204.5,200,0
Boston,Cleveland,52,40,46,69,210.0,109.0,210.0,207,0
Memphis,NewYork,42,48,41,45,193.5,95.5,197.0,176,0
Sacramento,Brooklyn,58,68,62,59,213.5,104.5,212.0,247,1
Milwaukee,Utah,37,47,37,44,188.0,93.5,190.0,165,0
SanAntonio,Dallas,39,49,60,58,197.5,102.5,196.5,206,1
Portland,Houston,52,39,36,48,218.0,109.0,217.5,175,0
Washington,Charlotte,50,56,47,59,210.5,102.0,210.0,212,1
Detroit,Indiana,56,54,58,48,204.0,102.0,205.0,216,1
NewOrleans,Cleveland,48,49,47,39,206.5,102.5,211.5,183,0
Dallas,Memphis,55,51,53,45,192.5,96.5,195.0,224,1
Chicago,Minnesota,47,57,64,49,204.5,107.0,204.0,217,1
LALakers,SanAntonio,49,56,55,48,205.5,103.0,201.0,208,1
Utah,Phoenix,43,45,41,58,187.5,97.5,191.0,187,0
OklahomaCity,GoldenState,67,65,42,50,232.5,115.0,232.0,224,0
Sacramento,Boston,83,49,50,65,216.5,108.0,219.5,247,1
Denver,NewYork,51,58,47,41,202.0,99.0,204.5,197,0
Atlanta,Orlando,49,40,42,59,202.0,105.5,203.0,190,0
Chicago,Charlotte,58,41,53,47,199.0,102.5,204.0,199,0
Sacramento,Cleveland,54,52,55,59,218.5,105.5,215.0,220,1
LAClippers,Philadelphia,47,61,30,38,207.5,104.5,205.5,190,0
LALakers,Indiana,45,39,39,53,206.0,102.0,205.5,176,0
Denver,Brooklyn,48,56,55,50,206.0,100.5,204.0,209,1
Toronto,Detroit,43,49,43,57,206.0,103.0,205.0,192,0
NewOrleans,Minnesota,50,59,56,53,210.5,105.0,210.0,218,1
Orlando,Atlanta,48,47,60,47,203.0,101.5,200.0,227,1
Portland,Memphis,52,48,56,48,199.0,98.5,197.5,218,1
OklahomaCity,Phoenix,47,67,60,54,214.0,106.0,216.0,228,1
SanAntonio,Miami,44,57,59,60,196.0,102.0,193.5,220,1
Washington,NewYork,56,57,53,53,207.5,102.0,207.0,219,1
Boston,Milwaukee,56,51,60,56,208.0,107.5,207.0,223,1
Utah,Dallas,50,59,56,55,187.0,98.0,185.5,240,1
Houston,GoldenState,69,66,51,47,228.0,112.5,230.5,233,1
SanAntonio,Orlando,52,49,45,48,202.5,106.0,202.0,194,0
Sacramento,Philadelphia,54,57,51,62,220.0,108.0,217.0,224,1
Charlotte,Indiana,50,53,56,53,201.0,99.0,201.0,212,1
Denver,Detroit,42,63,41,49,207.5,102.5,210.0,195,0
Memphis,Brooklyn,49,46,57,47,198.0,98.5,196.5,199,1
LAClippers,Boston,70,65,54,55,212.0,106.5,209.0,273,1
LALakers,Cleveland,60,51,56,64,210.0,103.5,208.0,231,1
Atlanta,Chicago,57,44,63,39,205.5,107.0,201.5,203,1
Toronto,Minnesota,58,65,54,52,207.5,102.5,208.0,229,1
GoldenState,Phoenix,57,43,66,50,220.0,108.5,218.5,216,0
Houston,Portland,58,45,70,46,215.0,107.5,216.5,219,1
NewOrleans,OklahomaCity,54,61,54,47,218.5,108.5,220.5,216,0
Washington,Milwaukee,45,56,38,52,214.0,106.0,211.0,191,0
Chicago,Cleveland,45,45,52,59,206.0,105.5,207.0,201,0
SanAntonio,LAClippers,36,40,59,56,206.5,107.5,205.5,191,0
Utah,Washington,51,40,53,48,196.0,103.0,199.0,192,0
Dallas,Orlando,44,63,46,43,201.0,100.0,200.0,214,1
NewYork,Brooklyn,55,47,58,47,199.0,99.0,201.0,207,1
Philadelphia,NewOrleans,63,63,56,53,204.5,101.0,209.5,235,1
Miami,Atlanta,41,63,56,66,197.0,99.0,196.5,226,1
Indiana,OklahomaCity,48,47,48,56,214.5,110.0,215.0,199,0
Minnesota,Memphis,55,44,58,56,205.0,101.5,202.0,213,1
Toronto,Chicago,59,51,60,52,200.5,98.0,202.0,222,1
Houston,Phoenix,45,56,45,70,214.0,105.5,215.0,216,1
Denver,Sacramento,55,72,38,61,218.5,108.5,218.0,226,1
GoldenState,Portland,73,57,53,59,225.0,113.0,220.0,242,1
SanAntonio,LALakers,63,46,51,72,201.0,104.5,205.0,232,1
Washington,Miami,49,54,47,58,201.5,99.0,195.5,208,1
Milwaukee,Atlanta,60,44,39,45,207.0,104.0,205.0,226,1
NewYork,Minnesota,47,60,35,56,207.5,103.5,204.5,198,0
GoldenState,LAClippers,53,63,61,50,228.0,112.0,220.0,227,1
Cleveland,OklahomaCity,55,60,53,39,218.5,107.5,215.0,207,0
NewOrleans,Detroit,53,57,45,62,206.0,104.5,206.0,217,1
SanAntonio,Phoenix,51,59,60,59,204.0,107.5,204.5,229,1
Boston,Denver,52,61,56,53,213.0,109.0,213.0,222,1
Memphis,Toronto,42,47,49,45,201.5,100.0,202.0,183,0
Charlotte,Brooklyn,55,48,56,41,204.0,102.0,204.0,200,0
Philadelphia,Dallas,58,62,55,57,205.0,101.5,203.5,232,1
LALakers,Chicago,61,59,58,63,209.5,104.5,205.0,241,1
Utah,Portland,43,56,63,64,196.5,103.5,196.5,226,1
Detroit,Cleveland,61,44,38,41,207.5,103.5,205.0,184,0
Indiana,Miami,40,45,54,37,202.0,104.5,199.0,194,0
Toronto,NewYork,54,46,54,63,203.0,101.5,200.5,217,1
Boston,Minnesota,54,58,65,69,218.5,114.0,215.5,246,1
LALakers,Milwaukee,48,54,53,54,210.5,103.5,205.5,209,1
GoldenState,Atlanta,45,52,54,43,226.5,109.0,224.0,194,0
Phoenix,LAClippers,53,48,50,57,212.0,108.0,209.0,208,0
Orlando,Philadelphia,64,65,61,49,209.5,102.5,205.0,239,1
NewOrleans,Washington,43,62,45,48,217.5,108.5,213.0,198,0
Houston,Utah,57,50,55,50,203.5,100.0,200.5,231,1
Brooklyn,Portland,55,57,55,49,212.0,109.0,209.5,216,1
NewYork,Indiana,54,52,54,53,201.5,101.0,202.5,213,1
Charlotte,Cleveland,47,68,49,53,208.0,102.5,205.0,217,1
Philadelphia,Detroit,53,54,39,56,210.0,102.0,208.0,202,0
Minnesota,Toronto,65,54,54,46,211.0,106.0,212.0,219,1
GoldenState,Miami,51,55,57,67,218.5,107.5,216.0,230,1
LALakers,Memphis,62,63,56,66,206.5,104.0,206.5,247,1
Washington,Chicago,59,53,56,45,212.0,103.5,211.0,213,1
OklahomaCity,Dallas,57,52,59,51,215.0,105.0,216.0,219,1
Denver,LAClippers,42,50,41,35,214.0,108.0,213.5,168,0
SanAntonio,Sacramento,49,38,59,54,219.0,113.0,216.0,200,0
GoldenState,Orlando,63,59,68,54,223.5,110.5,221.5,244,1
Milwaukee,Boston,60,54,47,58,214.0,105.5,216.0,219,1
OklahomaCity,NewOrleans,67,58,51,66,222.5,110.0,221.5,242,1
Brooklyn,Phoenix,63,48,50,61,208.5,106.5,208.5,222,1
Houston,Portland,62,51,66,45,219.0,107.5,223.0,224,1
SanAntonio,Utah,41,33,48,52,193.5,101.0,195.5,174,0
Washington,Philadelphia,47,53,48,49,217.5,106.5,214.0,197,0
Charlotte,Indiana,55,48,44,44,202.5,101.5,206.0,191,0
Orlando,NewYork,55,51,45,52,209.5,102.0,205.5,203,0
Chicago,Atlanta,47,48,51,45,208.5,105.0,208.0,191,0
Denver,Dallas,48,52,56,60,208.0,102.0,209.0,238,1
LAClippers,Sacramento,60,71,50,43,218.5,110.0,219.5,224,1
Memphis,LALakers,57,60,44,46,212.0,104.5,208.5,207,0
Miami,Boston,44,51,47,48,211.5,105.5,212.0,190,0
Minnesota,NewOrleans,51,50,61,60,217.5,107.0,219.0,222,1
SanAntonio,Houston,37,45,51,65,212.5,110.0,213.5,198,0
Portland,Chicago,42,50,60,46,210.0,102.5,209.5,198,0
Detroit,Milwaukee,58,50,45,40,204.0,100.5,203.0,193,0
GoldenState,OklahomaCity,50,53,58,45,234.0,116.0,234.5,239,1
Brooklyn,Utah,42,49,40,63,197.0,102.0,195.0,194,0
Memphis,Phoenix,43,57,62,55,208.5,104.5,208.0,217,1
Cleveland,Washington,63,54,49,46,205.5,101.5,212.5,212,0
Charlotte,Atlanta,34,44,47,38,202.0,100.0,204.0,163,0
Toronto,Detroit,48,56,57,54,199.0,98.5,204.5,215,1
Portland,Indiana,66,53,45,49,208.0,104.0,211.5,213,1
Philadelphia,Orlando,66,62,61,57,214.5,107.5,212.0,246,1
Minnesota,Dallas,63,56,54,56,211.0,105.0,214.0,229,1
Indiana,Cleveland,37,50,60,49,202.5,105.5,207.5,196,0
Philadelphia,Washington,50,58,53,63,214.5,105.5,214.0,224,1
Utah,Boston,52,37,56,50,205.0,108.5,202.5,195,0
Houston,Milwaukee,58,71,55,65,215.0,106.0,212.5,249,1
Memphis,Denver,41,54,47,57,204.0,98.5,206.5,199,0
OklahomaCity,Sacramento,54,60,64,69,227.5,112.5,228.5,247,1
Brooklyn,LAClippers,56,42,62,40,212.5,110.0,210.0,200,0
Phoenix,Charlotte,53,57,49,59,210.0,108.5,206.5,218,1
Chicago,Miami,66,61,50,63,201.5,102.5,199.0,240,1
Brooklyn,LALakers,43,65,45,55,212.0,111.5,213.5,208,0
Atlanta,GoldenState,58,49,38,49,213.0,111.5,220.0,214,0
Chicago,Orlando,56,54,41,40,216.0,107.0,210.5,191,0
Charlotte,Philadelphia,61,47,49,61,209.0,103.5,209.0,218,1
Portland,Boston,63,53,42,51,220.0,111.0,219.0,209,0
Utah,Toronto,50,51,58,39,193.5,103.0,195.5,198,1
Sacramento,Memphis,59,43,59,41,214.0,106.5,215.0,202,0
NewOrleans,Houston,53,52,47,43,222.0,112.5,219.0,195,0
Indiana,Milwaukee,44,44,48,67,206.0,107.0,204.0,203,0
Detroit,SanAntonio,54,49,41,34,201.0,101.5,201.5,178,0
LALakers,Denver,56,61,48,59,212.5,105.5,213.0,224,1
OklahomaCity,LAClippers,61,35,57,48,218.5,107.0,221.0,201,0
Phoenix,Miami,50,50,52,48,209.5,104.0,210.0,200,0
SanAntonio,NewOrleans,48,43,45,44,208.0,108.5,208.5,180,0
Sacramento,Dallas,43,52,47,63,223.5,110.0,220.0,205,0
OklahomaCity,GoldenState,57,67,41,62,230.0,113.5,233.0,227,0
Miami,Philadelphia,69,39,53,53,208.5,102.0,206.0,214,1
Phoenix,Orlando,58,50,42,36,216.5,110.0,216.0,186,0
Portland,Toronto,61,49,57,65,207.5,104.5,208.0,232,1
NewYork,Boston,58,53,57,41,210.0,105.5,210.0,209,0
Utah,Memphis,47,41,51,43,192.0,100.0,194.0,182,0
Minnesota,Milwaukee,64,54,61,38,214.5,107.0,213.5,217,1
Brooklyn,Denver,56,64,60,44,208.5,108.0,209.0,241,1
Atlanta,LALakers,45,45,43,50,203.5,104.0,209.0,183,0
Boston,Cleveland,57,52,65,49,210.5,110.5,212.0,223,1
Indiana,Washington,68,52,38,41,206.5,104.5,208.0,199,0
Detroit,NewYork,43,56,50,42,201.0,100.5,198.5,191,0
Sacramento,SanAntonio,51,60,42,45,213.0,105.5,211.5,198,0
Houston,Chicago,52,46,60,50,216.5,105.0,216.5,208,0
Atlanta,LAClippers,62,43,54,45,202.0,105.5,206.0,204,0
GoldenState,LALakers,43,66,48,50,222.0,111.5,223.5,207,0
Phoenix,Memphis,48,64,47,50,205.5,102.0,207.5,209,1
Dallas,Denver,41,66,49,56,209.5,103.5,211.5,230,1
Portland,Detroit,46,63,51,66,207.5,104.5,207.5,226,1
Philadelphia,Miami,55,41,42,63,210.5,105.0,213.0,201,0
Houston,Toronto,56,56,50,58,213.5,106.0,214.0,220,1
Minnesota,Charlotte,41,55,61,54,215.0,106.5,213.0,211,0
Memphis,Cleveland,58,49,49,53,199.0,100.5,203.5,209,1
SanAntonio,Indiana,38,39,58,55,195.0,101.5,198.0,190,0
Sacramento,NewOrleans,64,49,59,55,219.5,106.0,223.0,227,1
LAClippers,Dallas,47,55,49,48,208.5,105.0,210.0,199,0
Orlando,GoldenState,49,56,66,61,225.0,111.0,222.5,232,1
Brooklyn,Toronto,51,49,58,45,208.5,108.5,208.0,203,0
SanAntonio,Minnesota,51,55,55,46,206.0,107.5,208.5,207,0
Atlanta,Utah,43,40,40,52,192.0,101.0,191.0,175,0
NewYork,Denver,56,53,41,54,205.5,100.5,205.5,204,0
Washington,Portland,51,58,57,42,213.0,106.5,213.0,225,1
Orlando,LALakers,46,50,65,44,213.0,104.0,213.5,205,0
Miami,Milwaukee,51,60,54,57,199.0,98.5,202.0,222,1
NewOrleans,Charlotte,67,64,58,46,209.0,104.0,208.0,235,1
Houston,Philadelphia,48,65,59,50,222.0,109.0,219.5,222,1
Memphis,Boston,50,57,43,62,210.5,106.0,208.5,212,1
Detroit,Dallas,54,52,44,48,206.0,102.0,206.0,198,0
LAClippers,OklahomaCity,68,58,50,52,215.5,106.5,215.5,228,1
Cleveland,Sacramento,53,61,59,58,218.5,108.5,216.5,231,1
NewYork,Phoenix,48,58,57,62,207.0,104.0,208.0,225,1
Utah,GoldenState,44,49,51,65,209.0,108.0,208.0,209,1
Atlanta,Toronto,41,59,57,43,202.0,106.0,198.5,200,1
Chicago,SanAntonio,54,47,57,52,201.0,101.0,202.0,210,1
Phoenix,Denver,43,53,60,58,214.5,107.0,214.0,214,0
Cleveland,LALakers,64,55,58,51,211.0,104.5,210.0,228,1
Brooklyn,Philadelphia,48,50,41,45,209.0,107.5,212.5,184,0
Detroit,Charlotte,70,52,47,52,202.5,101.0,202.0,221,1
Houston,Boston,42,47,61,50,224.5,111.5,222.5,200,0
NewOrleans,Memphis,44,51,44,59,205.0,104.0,203.5,235,1
Minnesota,OklahomaCity,45,58,39,53,224.0,111.5,224.0,195,0
Miami,Chicago,54,58,53,49,199.5,98.5,202.5,214,1
Washington,Utah,61,43,52,51,196.0,95.5,198.0,207,1
Orlando,Sacramento,48,51,56,52,218.0,108.5,221.5,207,0
NewYork,LAClippers,51,60,39,45,205.5,102.0,204.5,195,0
Portland,GoldenState,67,75,54,44,228.5,112.5,224.0,240,1
Indiana,Dallas,49,57,52,59,203.0,101.5,204.0,217,1
Detroit,Philadelphia,59,50,68,59,206.0,103.5,209.0,236,1
Houston,Charlotte,53,66,58,57,215.0,107.5,215.5,234,1
Miami,Toronto,52,47,42,53,202.5,101.0,200.0,216,1
NewOrleans,Milwaukee,61,46,41,47,211.0,106.5,211.5,195,0
Memphis,Atlanta,40,50,39,49,193.0,97.0,195.0,178,0
OklahomaCity,SanAntonio,47,47,40,44,211.5,106.0,213.0,178,0
Washington,Denver,50,52,56,58,212.5,104.0,213.5,216,1
Orlando,Portland,55,50,50,50,215.0,106.0,215.5,205,0
Phoenix,GoldenState,55,61,65,58,228.5,115.5,226.5,239,1
Cleveland,LAClippers,40,59,60,45,207.0,102.5,206.5,204,0
Indiana,Atlanta,47,43,55,34,198.0,98.0,197.0,179,0
Milwaukee,Brooklyn,52,49,56,52,208.5,104.5,208.0,209,1
Detroit,Washington,49,50,57,49,210.5,104.0,208.5,205,0
Dallas,Charlotte,40,45,51,67,209.0,103.0,211.0,203,0
Denver,Miami,69,57,55,62,209.0,104.0,203.5,243,1
Chicago,Toronto,63,47,51,55,206.0,104.0,206.5,216,1
Memphis,Houston,56,50,47,58,207.5,102.0,209.5,211,1
Portland,OklahomaCity,53,55,66,48,217.0,105.5,221.0,222,1
Cleveland,Utah,54,38,40,47,193.0,96.0,195.0,179,0
Minnesota,Phoenix,52,52,50,57,222.5,112.0,220.0,211,0
NewOrleans,GoldenState,52,57,54,69,231.5,114.0,227.0,232,1
Denver,Orlando,57,50,57,62,215.0,106.0,212.0,226,1
Philadelphia,Brooklyn,47,75,61,62,212.5,108.5,209.0,245,1
Toronto,Milwaukee,50,51,46,49,205.5,100.0,208.0,196,0
LAClippers,SanAntonio,40,52,49,54,201.0,100.0,200.0,195,0
Sacramento,LALakers,47,51,48,58,220.0,108.0,218.0,204,0
Orlando,Charlotte,56,48,59,43,212.0,102.0,211.5,206,0
Dallas,Cleveland,59,49,44,45,207.0,102.5,207.5,197,0
Chicago,Washington,57,58,51,47,213.0,106.0,212.0,213,1
OklahomaCity,Boston,65,56,68,50,220.0,108.0,221.0,239,1
Minnesota,Memphis,67,52,49,54,207.5,105.5,209.5,222,1
LAClippers,Houston,61,61,50,56,217.0,109.0,215.0,228,1
NewOrleans,Sacramento,64,63,54,50,223.5,111.0,224.0,231,1
NewYork,GoldenState,50,58,53,45,220.0,107.0,220.0,206,0
Washington,Philadelphia,52,45,37,59,215.0,103.5,216.5,193,0
Charlotte,Miami,55,51,49,60,208.0,103.5,207.5,215,1
Denver,Atlanta,56,46,61,51,210.0,104.5,206.5,214,1
Memphis,Milwaukee,64,36,41,41,201.0,100.0,203.0,182,0
Portland,SanAntonio,51,59,63,55,205.0,103.0,205.0,228,1
Phoenix,Utah,45,39,41,47,198.5,99.5,198.5,172,0
OklahomaCity,Philadelphia,50,50,53,55,220.0,106.0,220.0,208,0
Cleveland,Orlando,56,61,52,43,211.0,104.0,209.5,212,1
Boston,Toronto,44,52,57,43,207.5,107.0,208.0,196,0
Portland,NewOrleans,66,54,54,55,220.0,109.5,216.5,229,1
Minnesota,Houston,54,52,60,61,222.0,110.5,224.5,227,1
GoldenState,Dallas,78,62,39,63,226.5,114.0,225.5,242,1
Phoenix,LALakers,48,31,43,63,214.0,108.0,212.5,185,0
Denver,Charlotte,50,47,43,54,213.5,104.5,216.5,194,0
OklahomaCity,Indiana,55,63,57,51,210.5,104.0,211.0,226,1
Brooklyn,Detroit,52,54,48,64,210.5,108.5,211.0,218,1
NewYork,Washington,49,47,46,46,207.0,100.5,207.5,188,0
Cleveland,Miami,50,59,59,55,206.0,100.5,209.0,223,1
Houston,Atlanta,46,64,55,41,215.0,107.5,213.0,206,0
Utah,Chicago,44,46,56,31,195.0,101.5,196.0,177,0
LAClippers,Memphis,60,56,44,55,198.5,98.0,201.0,215,1
GoldenState,SanAntonio,35,45,50,36,220.5,107.5,217.5,166,0
Portland,Dallas,61,52,59,54,214.5,108.5,214.5,252,1
Orlando,Toronto,55,53,54,43,209.5,104.5,209.0,205,0
Boston,Philadelphia,44,55,68,58,213.5,110.0,215.5,225,1
LAClippers,NewOrleans,45,65,40,64,209.0,104.0,212.5,214,1
Utah,Milwaukee,45,38,49,47,191.0,101.0,192.0,179,0
Sacramento,NewYork,40,57,37,34,212.5,105.5,215.0,168,0
Philadelphia,Indiana,43,40,39,44,210.5,104.0,207.5,166,0
Denver,Cleveland,61,43,55,56,212.0,103.5,214.5,215,1
SanAntonio,Charlotte,35,52,52,40,196.0,101.5,201.0,179,0
Milwaukee,Detroit,47,46,46,44,207.0,102.0,208.0,183,0
Orlando,Boston,39,66,64,34,217.0,106.5,214.0,203,0
Washington,Atlanta,57,63,55,44,208.5,105.5,205.0,219,1
Sacramento,Chicago,56,54,53,48,220.0,107.0,220.5,211,0
GoldenState,Minnesota,56,63,59,35,232.5,113.0,232.0,213,0
Memphis,Phoenix,45,44,54,57,202.0,104.0,207.0,200,0
Houston,OklahomaCity,55,56,44,63,226.0,112.0,224.0,218,0
Memphis,LALakers,50,45,64,48,202.5,106.5,203.0,207,1
Atlanta,Washington,47,61,48,67,207.5,108.0,209.5,223,1
Toronto,Boston,50,42,39,39,205.5,102.5,210.0,170,0
NewYork,Chicago,53,59,53,57,202.0,99.0,204.5,222,1
Milwaukee,Cleveland,60,64,54,39,207.0,104.0,206.0,217,1
Sacramento,Minnesota,57,41,58,61,221.5,108.0,225.0,217,0
Utah,Houston,46,37,43,50,201.0,104.0,201.0,176,0
Miami,SanAntonio,47,56,48,49,196.0,97.5,197.5,200,1
Philadelphia,Denver,59,39,50,59,213.5,105.0,215.0,207,0
LALakers,Phoenix,38,56,63,69,215.0,107.5,213.5,226,1
LAClippers,GoldenState,51,49,53,59,223.0,110.0,225.5,212,0
Dallas,Portland,54,56,46,56,214.0,107.0,215.5,212,0
NewOrleans,Indiana,46,42,43,45,202.5,100.0,208.5,176,0
Cleveland,Brooklyn,49,59,55,36,209.5,104.0,209.5,199,0
Chicago,NewYork,58,40,47,55,204.0,103.0,201.0,200,0
Utah,OklahomaCity,49,40,52,63,199.0,103.5,199.5,204,1
Portland,LAClippers,39,46,45,60,216.0,107.0,214.0,190,0
Minnesota,Washington,56,68,50,44,218.0,107.5,218.5,261,1
Charlotte,Detroit,60,68,46,43,205.5,101.5,205.5,217,1
Milwaukee,Atlanta,50,47,49,45,201.5,99.0,203.0,191,0
Orlando,Miami,59,52,43,51,209.5,104.0,210.0,205,0
Memphis,SanAntonio,60,55,57,42,190.0,94.5,194.0,214,1
Phoenix,Sacramento,52,54,50,54,223.0,115.5,220.0,210,0
Denver,LALakers,55,49,56,61,214.0,104.0,215.5,221,1
Dallas,GoldenState,73,57,61,57,221.0,108.5,225.0,248,1
Indiana,Brooklyn,55,71,52,52,205.5,103.5,203.5,230,1
Toronto,NewOrleans,35,49,62,60,200.5,99.0,204.5,206,1
Chicago,Orlando,58,60,42,40,209.0,104.0,211.0,200,0
Atlanta,Detroit,42,56,59,50,207.0,107.5,204.5,207,1
Cleveland,NewYork,47,41,73,39,202.0,99.0,204.0,200,0
Utah,Minnesota,28,41,50,58,196.0,102.0,198.0,177,0
SanAntonio,OklahomaCity,50,42,54,57,207.0,107.5,204.0,203,0
Charlotte,Milwaukee,46,47,61,52,201.5,98.0,203.0,206,1
Boston,Phoenix,57,42,57,45,217.0,113.5,216.0,201,0
Philadelphia,Portland,58,48,54,53,219.5,111.5,216.0,213,0
Denver,LAClippers,57,43,37,58,208.5,104.0,211.5,195,0
Dallas,Sacramento,45,64,72,63,217.0,107.5,218.5,244,1
Houston,Indiana,54,50,56,45,210.5,105.0,210.5,205,0
Philadelphia,GoldenState,63,63,49,47,225.0,111.5,226.0,222,0
Washington,LALakers,51,43,42,53,212.0,105.0,213.5,189,0
Brooklyn,Miami,54,55,48,52,213.0,106.5,212.0,209,0
OklahomaCity,Toronto,48,61,62,48,211.5,104.5,212.0,219,1
Phoenix,Minnesota,77,50,56,54,219.5,114.5,217.5,237,1
Atlanta,Chicago,53,44,54,51,206.5,108.0,206.5,202,0
NewYork,NewOrleans,52,51,29,58,202.5,101.5,203.0,190,0
Dallas,Denver,52,44,42,47,212.0,104.5,214.0,185,0
LALakers,Utah,50,51,55,42,189.5,93.5,194.5,198,1
Sacramento,Portland,69,51,34,44,220.0,108.0,220.0,198,0
Boston,LAClippers,54,63,45,42,208.0,108.5,208.5,204,0
Brooklyn,Orlando,55,63,58,68,211.5,109.0,212.0,244,1
Chicago,Indiana,55,63,50,26,204.5,102.0,203.5,194,0
Charlotte,Philadelphia,42,46,51,46,210.0,103.0,210.0,185,0
OklahomaCity,Detroit,46,48,34,42,214.0,105.0,216.5,170,0
Houston,Cleveland,50,49,56,51,212.0,104.5,214.0,206,0
Washington,GoldenState,49,46,56,45,225.5,111.0,227.0,196,0
Atlanta,Toronto,45,50,61,46,201.5,104.5,201.5,202,1
Denver,Memphis,46,60,46,62,204.5,101.5,205.0,214,1
LAClippers,Minnesota,44,37,51,46,212.5,103.0,212.0,178,0
Phoenix,Milwaukee,60,40,55,44,211.0,108.5,209.5,199,0
NewOrleans,SanAntonio,53,32,43,64,196.5,97.0,197.0,192,0
NewYork,Dallas,54,45,42,39,199.5,99.0,202.0,180,0
GoldenState,Utah,47,35,50,46,203.0,101.5,205.0,199,0
Washington,Sacramento,66,49,57,59,218.5,108.0,218.0,231,1
Miami,LALakers,52,37,45,40,208.0,103.0,208.0,202,0
Orlando,Indiana,61,47,60,40,209.5,103.5,207.0,208,1
Brooklyn,Cleveland,51,51,50,42,211.5,107.5,211.5,194,0
Chicago,Houston,48,56,47,52,218.0,109.0,214.5,203,0
Denver,NewOrleans,57,53,45,41,206.5,102.5,210.0,196,0
LAClippers,OklahomaCity,67,67,56,46,209.0,105.0,214.0,236,1
Boston,Portland,61,51,52,61,214.0,112.0,216.5,225,1
Philadelphia,Charlotte,50,59,38,44,209.5,103.5,206.0,191,0
Brooklyn,NewYork,35,58,54,49,201.0,103.5,202.0,196,0
Dallas,Detroit,50,37,45,55,205.0,102.0,208.0,187,0
Cleveland,Atlanta,55,41,52,44,206.5,102.0,206.5,218,1
Toronto,Memphis,50,48,48,48,198.0,99.5,198.0,194,0
Orlando,Milwaukee,53,62,54,54,209.0,101.5,206.5,223,1
Minnesota,Utah,49,51,45,38,192.5,95.0,194.0,183,0
Miami,Sacramento,63,51,54,50,211.5,103.5,212.5,218,1
Boston,GoldenState,44,44,73,54,221.0,114.0,223.5,215,0
Washington,Phoenix,51,51,54,49,214.0,107.5,214.0,205,0
Indiana,Philadelphia,56,54,41,66,201.5,100.5,205.0,217,1
Detroit,Chicago,53,38,44,49,206.5,101.0,205.5,184,0
Toronto,SanAntonio,44,57,36,60,191.5,95.0,197.5,197,0
Sacramento,Denver,50,67,55,49,218.5,107.5,217.5,221,1
Miami,Portland,42,59,53,49,208.5,103.0,208.5,203,0
NewOrleans,Brooklyn,32,63,46,52,200.5,99.5,204.5,193,0
Dallas,Minnesota,49,32,50,35,206.0,103.0,208.0,166,0
Charlotte,Cleveland,48,52,57,58,202.5,100.0,206.0,215,1
OklahomaCity,Houston,57,48,57,66,221.5,109.5,222.5,228,1
Utah,Phoenix,39,40,59,49,192.5,102.0,193.0,187,0
Memphis,Orlando,59,64,59,44,207.0,103.0,206.0,226,1
Chicago,Milwaukee,48,50,54,48,202.5,98.5,204.0,200,0
Portland,GoldenState,68,51,71,57,226.5,111.5,225.0,247,1
Boston,LALakers,57,48,47,55,210.5,108.5,210.0,207,0
NewOrleans,Philadelphia,50,58,53,39,207.0,103.5,202.0,200,0
Detroit,Miami,44,46,55,51,202.0,99.0,204.0,196,0
Charlotte,Toronto,42,56,36,52,201.5,99.0,201.5,186,0
Phoenix,Atlanta,66,34,43,50,205.0,108.0,206.0,193,0
Chicago,Memphis,44,54,50,52,200.5,100.0,201.5,200,0
Cleveland,Milwaukee,52,58,50,29,202.0,96.0,206.0,189,0
SanAntonio,Utah,45,34,41,54,182.0,97.0,187.0,174,0
Portland,Sacramento,63,45,56,58,222.0,111.0,222.0,222,0
Minnesota,GoldenState,47,54,63,48,226.0,111.0,224.0,241,1
LALakers,LAClippers,55,41,48,40,208.0,104.0,208.5,184,0
Brooklyn,Washington,53,53,57,61,209.0,106.5,208.0,224,1
Cleveland,Indiana,69,62,47,54,196.0,98.0,202.5,232,1
Detroit,Orlando,46,49,55,62,208.5,104.0,209.0,212,1
NewOrleans,Boston,40,58,51,52,208.5,103.5,206.0,201,0
Charlotte,NewYork,55,50,48,55,196.0,98.5,195.5,208,1
Houston,Dallas,40,56,45,33,206.5,103.0,209.0,174,0
OklahomaCity,Portland,59,72,51,53,213.5,106.0,221.0,235,1
LAClippers,LALakers,54,42,38,38,203.5,99.5,207.0,172,0
Phoenix,Houston,66,51,62,60,213.0,109.5,214.0,239,1
Toronto,Atlanta,48,42,43,49,199.5,100.5,199.5,182,0
Chicago,Miami,43,43,58,60,205.0,101.5,206.0,204,0
Brooklyn,Charlotte,50,43,55,64,207.0,106.0,203.0,212,1
NewYork,Philadelphia,52,43,61,55,203.0,99.5,200.0,211,1
Miami,Orlando,46,62,51,62,207.5,104.0,208.5,221,1
Washington,Detroit,64,53,53,41,203.0,99.5,206.5,211,1
Indiana,Toronto,35,61,52,61,193.5,96.5,194.5,209,1
Milwaukee,Boston,65,58,58,52,203.0,101.5,204.0,233,1
LALakers,NewOrleans,51,52,51,58,201.5,100.5,201.0,212,1
Memphis,Dallas,39,56,47,54,191.0,95.0,196.0,196,0
SanAntonio,Denver,42,62,45,51,199.5,104.5,193.0,200,1
LAClippers,Utah,51,48,49,40,184.0,90.5,184.0,201,1
Phoenix,NewOrleans,54,48,50,69,208.5,107.5,207.5,221,1
Boston,Atlanta,66,72,46,41,207.5,109.5,201.0,225,1
GoldenState,Memphis,59,44,45,51,213.5,107.5,213.0,199,0
Cleveland,Chicago,58,48,55,46,204.5,100.5,206.0,207,1
Minnesota,Portland,49,53,45,64,215.0,108.0,215.5,211,0
OklahomaCity,Sacramento,52,56,59,59,224.0,111.5,227.0,226,0
Charlotte,Washington,55,48,57,51,205.0,101.5,208.0,211,1
LALakers,Houston,56,52,60,72,212.5,106.5,212.5,240,1
Dallas,LAClippers,44,52,39,54,196.0,99.0,197.0,189,0
Utah,Denver,48,47,49,40,192.0,100.0,193.0,184,0
Milwaukee,Philadelphia,52,55,39,50,205.5,101.0,205.0,217,1
Brooklyn,Indiana,58,52,66,58,204.0,104.5,204.0,234,1
Orlando,Miami,59,46,53,56,211.5,105.0,210.0,214,1
GoldenState,SanAntonio,33,37,53,55,206.5,102.0,207.0,178,0
Toronto,NewYork,45,60,39,38,196.0,99.5,193.5,182,0
Milwaukee,Orlando,54,48,56,47,210.0,102.5,209.0,205,0
Atlanta,Cleveland,48,48,69,38,205.0,107.5,204.0,203,0
Charlotte,Boston,52,52,62,48,210.0,104.5,208.5,214,1
Washington,Brooklyn,62,77,59,33,213.5,107.5,208.5,231,1
LALakers,OklahomaCity,48,58,44,41,216.5,108.0,215.0,191,0
Chicago,NewOrleans,56,59,62,60,204.5,103.5,206.5,237,1
Houston,Minnesota,59,56,62,57,217.5,106.5,216.5,234,1
Dallas,Utah,42,54,39,58,181.5,92.5,182.0,193,1
Sacramento,Phoenix,48,57,54,47,218.5,110.0,219.0,206,0
NewYork,Indiana,65,42,42,43,197.5,98.5,196.0,192,0
Miami,Detroit,36,64,40,52,200.0,97.5,202.0,192,0
Philadelphia,Toronto,55,61,45,59,204.5,103.5,203.5,220,1
OklahomaCity,SanAntonio,53,43,50,40,202.5,102.5,206.0,200,0
Memphis,LAClippers,51,53,44,46,200.0,98.5,199.5,194,0
Sacramento,Houston,52,56,48,41,219.5,108.5,221.0,197,0
SanAntonio,Dallas,47,39,46,55,187.5,95.5,189.5,187,0
Toronto,Brooklyn,42,54,48,55,207.0,102.5,203.5,199,0
Atlanta,Washington,66,50,44,47,209.5,108.5,205.0,207,1
Indiana,Milwaukee,57,51,40,41,201.5,101.0,199.0,189,0
Detroit,Cleveland,53,49,52,52,195.0,96.5,196.0,222,1
Philadelphia,Chicago,48,63,48,61,209.5,106.5,207.0,220,1
Miami,Boston,48,52,30,56,205.0,99.5,205.5,186,0
Orlando,Charlotte,60,56,49,55,211.5,104.0,209.0,220,1
Utah,LALakers,40,59,42,56,196.0,100.0,189.5,197,1
Memphis,GoldenState,60,60,63,46,213.0,105.5,213.5,229,1
Denver,Portland,58,56,52,40,218.0,109.5,214.0,206,0
LAClippers,Phoenix,52,65,43,59,206.0,103.0,205.0,219,1
Indiana,Toronto,43,45,49,53,195.5,98.5,196.0,190,0
Boston,Atlanta,49,36,52,66,206.0,106.5,204.5,203,0
Dallas,OklahomaCity,37,55,52,34,206.0,101.5,209.0,178,0
Detroit,Cleveland,52,59,43,53,200.5,100.5,201.5,207,1
Charlotte,Miami,63,54,54,43,198.5,99.0,202.5,214,1
Memphis,SanAntonio,35,50,47,48,188.5,94.0,190.5,180,0
Portland,LAClippers,47,45,55,63,210.5,105.0,207.5,210,1
Indiana,Toronto,43,58,39,45,195.0,98.0,193.0,185,0
Dallas,OklahomaCity,44,44,33,48,202.5,101.0,203.5,169,0
Houston,GoldenState,63,61,41,56,211.0,105.0,221.5,221,0
Boston,Atlanta,31,40,36,54,206.0,106.0,205.0,161,0
Memphis,SanAntonio,33,51,39,39,186.0,93.0,187.0,162,0
Charlotte,Miami,58,74,37,49,197.5,99.5,203.0,218,1
Detroit,Cleveland,51,57,42,47,201.5,101.5,202.0,197,0
Portland,LAClippers,39,51,38,55,210.5,105.0,206.0,183,0
OklahomaCity,Dallas,48,58,69,58,198.5,98.5,198.0,233,1
GoldenState,Houston,49,54,47,43,215.5,108.0,217.0,193,0
Cleveland,Detroit,51,56,45,40,200.5,98.5,201.0,192,0
Atlanta,Boston,57,45,55,57,203.0,106.0,200.5,214,1
SanAntonio,Memphis,44,43,54,42,184.0,97.0,182.0,183,1
Toronto,Indiana,44,55,32,52,193.5,96.0,193.0,183,0
Miami,Charlotte,57,36,40,43,197.5,99.0,202.0,176,0
OklahomaCity,Dallas,51,54,63,59,204.0,102.5,201.5,227,1
LAClippers,Portland,41,48,48,47,208.5,105.5,207.5,184,0
SanAntonio,Memphis,44,48,58,61,181.5,95.0,183.0,211,1
GoldenState,Houston,58,54,61,42,217.5,107.0,216.0,215,0
Cleveland,Detroit,53,52,54,39,197.5,98.0,198.5,198,0
Miami,Charlotte,45,42,43,44,194.0,96.0,195.5,174,0
Dallas,OklahomaCity,59,70,47,46,205.0,103.5,205.0,222,1
LAClippers,Portland,44,46,40,52,204.0,102.5,206.0,182,0
Boston,Atlanta,35,51,65,42,198.0,103.5,200.0,193,0
Indiana,Toronto,55,58,54,34,194.0,98.0,191.5,201,1
Charlotte,Miami,53,43,40,42,195.5,96.0,192.5,178,0
Portland,LAClippers,36,59,47,64,194.5,97.0,199.5,206,1
Atlanta,Boston,37,37,65,57,198.0,102.5,197.0,196,0
Miami,Charlotte,51,58,36,42,192.0,96.0,192.5,187,0
Toronto,Indiana,42,42,51,49,192.5,95.0,196.0,184,0
LAClippers,Portland,48,50,64,47,198.5,100.0,198.5,209,1
OklahomaCity,SanAntonio,63,50,58,45,199.5,97.5,201.0,216,1
Portland,GoldenState,54,62,50,58,210.5,105.5,212.0,224,1
Indiana,Toronto,51,43,48,31,189.5,95.5,190.5,173,0
Charlotte,Miami,47,49,40,43,191.0,94.0,191.0,179,0
Atlanta,Cleveland,49,43,52,53,199.5,104.0,200.5,197,0
OklahomaCity,SanAntonio,50,59,44,42,200.5,100.5,202.0,195,0
Miami,Toronto,36,48,47,49,192.0,95.5,191.0,198,1
Portland,GoldenState,55,55,53,46,211.5,106.0,213.5,209,0
Atlanta,Cleveland,55,57,64,45,196.0,99.5,199.0,221,1
Cleveland,Atlanta,59,59,58,53,196.5,100.0,199.5,229,1
SanAntonio,OklahomaCity,47,42,52,55,200.0,104.5,199.0,196,0
Toronto,Miami,42,47,47,50,189.0,96.0,187.0,186,0
GoldenState,Portland,50,54,69,55,212.5,106.5,212.5,228,1
Cleveland,Atlanta,63,51,44,41,202.0,102.5,201.0,199,0
SanAntonio,OklahomaCity,44,54,60,50,199.5,105.0,199.0,208,1
Toronto,Miami,46,33,43,44,194.0,98.0,187.5,181,0
GoldenState,Portland,44,80,47,51,215.0,110.0,214.5,257,1
OklahomaCity,SanAntonio,38,53,50,45,199.0,101.0,200.0,186,0
Miami,Toronto,46,54,37,53,189.0,94.5,188.0,190,1
Portland,GoldenState,57,64,63,62,217.5,111.0,216.0,246,1
SanAntonio,OklahomaCity,44,42,70,56,198.0,103.5,194.5,212,1
Toronto,Miami,41,56,57,40,188.0,93.5,190.0,194,1
Toronto,Cleveland,61,49,52,37,197.5,96.5,202.5,199,0
OklahomaCity,GoldenState,47,59,50,53,222.5,109.5,222.0,209,0
Toronto,Cleveland,58,52,45,42,198.0,97.0,197.0,197,0
Cleveland,Toronto,51,56,43,33,199.5,99.0,197.5,183,0
GoldenState,OklahomaCity,62,57,78,41,219.5,110.0,219.0,238,1
Cleveland,Toronto,51,47,49,57,197.5,97.0,197.5,204,1
Toronto,Cleveland,56,43,61,34,196.5,94.5,199.0,194,0
OklahomaCity,GoldenState,46,62,50,73,220.0,110.0,221.0,231,1
Cleveland,Toronto,56,40,64,40,198.0,97.5,197.0,200,1
GoldenState,OklahomaCity,43,58,57,51,221.5,114.0,221.0,209,0
OklahomaCity,GoldenState,43,47,41,53,218.5,112.0,219.5,184,0
Cleveland,GoldenState,52,43,47,51,211.0,104.5,210.5,193,0
Cleveland,GoldenState,40,56,48,43,209.5,102.5,206.5,187,0
GoldenState,Cleveland,49,45,64,52,206.0,103.5,206.0,210,1
GoldenState,Cleveland,57,48,51,49,207.5,105.0,206.5,205,0
Cleveland,GoldenState,61,61,55,32,209.0,106.0,206.5,209,1
GoldenState,Cleveland,42,60,49,65,208.0,104.0,208.0,216,1
NewYork,Cleveland,46,47,53,59,206.0,103.5,205.5,205,0
SanAntonio,GoldenState,51,59,64,55,212.0,110.0,210.5,229,1
Miami,Orlando,50,53,46,55,200.0,99.5,202.0,204,1
Dallas,Indiana,54,57,68,51,204.5,103.5,207.5,251,1
Detroit,Toronto,56,48,53,43,197.0,98.0,195.0,200,1
Brooklyn,Boston,64,58,56,61,212.5,109.0,209.0,239,1
Minnesota,Memphis,61,48,42,49,199.0,100.0,197.0,200,1
Charlotte,Milwaukee,56,41,52,54,195.0,97.0,196.0,203,1
OklahomaCity,Philadelphia,47,55,42,56,209.5,104.0,208.0,200,0
Denver,NewOrleans,54,54,54,47,206.0,101.0,208.5,209,1
Sacramento,Phoenix,49,46,56,56,211.5,107.0,210.0,207,0
Houston,LALakers,76,58,52,48,225.0,115.0,220.0,234,1
Washington,Atlanta,56,57,48,52,201.5,101.0,203.5,213,1
Boston,Chicago,50,56,46,52,208.5,106.5,210.5,204,0
LAClippers,Portland,55,52,57,56,210.0,105.5,208.5,220,1
SanAntonio,Sacramento,56,54,37,49,203.0,107.5,206.0,196,0
Cleveland,Toronto,51,39,48,47,205.5,100.5,204.5,185,0
Orlando,Detroit,46,39,52,53,195.0,96.0,197.0,190,0
Indiana,Brooklyn,47,53,51,46,218.5,109.5,211.5,197,0
Phoenix,OklahomaCity,65,37,58,44,209.0,107.0,211.0,223,1
Charlotte,Miami,44,59,47,38,197.0,97.5,198.0,188,0
Houston,Dallas,48,54,42,60,218.5,107.0,217.0,204,0
LALakers,Utah,55,36,39,55,202.0,100.0,199.0,185,0
GoldenState,NewOrleans,54,55,64,63,223.5,110.5,217.0,236,1
Atlanta,Philadelphia,53,39,40,44,202.0,103.0,204.0,176,0
Orlando,Cleveland,53,54,35,62,204.5,101.0,207.0,204,0
Memphis,NewYork,51,55,53,56,198.5,100.0,200.0,215,1
Brooklyn,Milwaukee,42,45,66,65,205.0,104.0,206.0,218,1
Indiana,Chicago,44,59,56,60,209.5,103.5,210.0,219,1
NewOrleans,SanAntonio,51,49,43,34,204.0,100.0,206.0,177,0
Portland,Denver,61,55,53,39,211.5,104.5,211.0,228,1
Utah,LAClippers,41,36,48,38,189.0,98.5,196.0,163,0
GoldenState,Phoenix,52,60,47,47,227.0,113.0,225.0,206,0
Milwaukee,Detroit,45,44,51,41,197.5,97.0,193.5,181,0
SanAntonio,Miami,43,53,53,56,194.0,102.0,195.0,205,1
LALakers,OklahomaCity,54,50,44,61,216.0,107.0,214.0,209,0
Washington,Memphis,49,63,43,45,204.5,102.5,202.5,215,1
Dallas,Houston,59,57,34,35,213.5,107.5,216.0,185,0
Denver,Toronto,57,54,61,35,206.5,102.0,204.0,207,1
Chicago,Brooklyn,58,51,50,47,209.5,104.0,210.5,206,0
Sacramento,Atlanta,37,60,63,41,203.0,101.5,202.5,201,0
Phoenix,LAClippers,48,36,68,62,204.5,104.5,207.0,214,1
Houston,Cleveland,64,58,47,79,217.0,108.5,218.0,248,1
LALakers,Indiana,45,68,50,60,213.5,105.0,216.0,223,1
Orlando,Philadelphia,53,47,71,33,198.5,99.0,199.0,204,1
NewYork,Detroit,61,58,46,26,203.0,101.0,198.0,191,0
Sacramento,Miami,54,50,36,42,199.5,99.0,201.0,204,1
Memphis,Minnesota,45,53,58,40,197.5,97.0,199.0,196,0
Milwaukee,NewOrleans,61,56,53,60,204.5,101.0,206.0,230,1
Utah,SanAntonio,66,38,40,53,186.0,99.0,189.0,197,1
GoldenState,Portland,59,53,61,58,225.5,113.0,225.0,231,1
Philadelphia,Charlotte,52,47,59,44,197.0,98.5,195.0,202,1
Houston,NewYork,58,61,59,39,219.0,108.0,213.5,217,1
LALakers,Atlanta,65,46,73,55,205.0,102.0,208.0,239,1
Detroit,Brooklyn,68,58,47,37,205.0,101.0,204.5,210,1
NewOrleans,Memphis,34,55,36,25,207.5,104.0,206.0,172,0
Chicago,Boston,61,46,44,56,207.0,102.5,209.5,207,0
Dallas,Utah,29,45,51,53,186.5,93.0,188.0,178,0
Portland,Phoenix,56,54,39,57,216.5,110.0,215.5,233,1
OklahomaCity,LAClippers,47,43,41,37,209.0,105.0,205.0,168,0
Boston,Cleveland,61,58,64,67,207.0,107.0,210.0,250,1
Indiana,Milwaukee,59,61,49,63,210.5,103.5,210.0,232,1
OklahomaCity,GoldenState,63,48,57,50,223.0,107.5,226.5,218,0
Atlanta,Washington,38,45,51,53,205.0,105.5,207.0,187,0
Charlotte,Brooklyn,46,47,50,51,203.0,100.5,206.0,194,0
Miami,Toronto,52,46,49,36,202.0,101.0,199.0,183,0
NewYork,Chicago,55,58,52,56,210.0,105.0,208.0,221,1
Phoenix,NewOrleans,59,60,41,44,210.5,109.5,211.0,223,1
LAClippers,Memphis,43,45,45,54,197.5,97.0,196.5,187,0
Portland,Dallas,52,55,48,45,208.0,103.5,208.0,200,0
SanAntonio,Utah,44,50,54,38,183.5,97.0,186.0,186,0
GoldenState,LALakers,39,75,61,39,228.5,115.0,226.5,214,0
Minnesota,OklahomaCity,57,55,50,42,209.5,103.0,207.0,204,0
Cleveland,Philadelphia,53,50,59,41,210.0,103.5,204.5,203,0
Washington,Orlando,44,46,41,43,201.0,99.0,205.0,174,0
Chicago,Indiana,46,59,47,53,209.5,103.0,215.0,205,0
Sacramento,Milwaukee,58,51,44,55,202.5,98.5,203.0,208,1
LAClippers,SanAntonio,63,65,33,47,197.5,99.5,195.5,208,1
Utah,NewYork,50,53,55,65,193.0,101.5,194.0,223,1
Sacramento,Toronto,43,51,40,53,197.5,101.0,201.0,187,0
Milwaukee,Dallas,46,40,29,33,199.5,97.5,198.0,161,0
Denver,Boston,65,64,57,44,212.5,105.0,212.0,230,1
Phoenix,LALakers,38,59,62,68,216.0,113.0,216.0,227,1
Indiana,Charlotte,77,53,47,45,205.0,101.0,206.0,222,1
Utah,Philadelphia,54,41,43,55,189.5,98.5,193.5,193,0
Miami,OklahomaCity,67,35,42,38,203.0,99.0,203.0,182,0
Orlando,Chicago,61,52,38,41,198.5,98.0,205.0,192,0
Detroit,LAClippers,48,46,50,52,196.5,96.5,196.0,196,0
NewOrleans,GoldenState,52,60,50,60,220.5,107.5,224.0,222,0
Atlanta,Cleveland,40,55,68,53,208.0,108.5,205.0,216,1
Minnesota,Brooklyn,66,65,41,57,208.0,103.5,204.0,229,1
Denver,Memphis,52,60,43,60,202.0,98.0,201.0,215,1
Phoenix,Portland,67,51,53,74,220.0,115.5,215.5,245,1
NewOrleans,Sacramento,59,40,47,50,205.0,101.5,203.0,196,0
Dallas,LALakers,52,60,48,46,203.5,101.0,205.5,206,1
Brooklyn,NewYork,48,57,38,63,215.0,106.0,211.0,206,0
Boston,Washington,42,59,57,53,213.0,110.0,214.0,211,0
Utah,Charlotte,56,53,45,48,193.0,100.5,192.0,202,1
Philadelphia,Indiana,57,57,54,50,213.0,103.5,209.0,237,1
Toronto,OklahomaCity,47,70,46,51,203.5,101.0,199.5,214,1
Detroit,Phoenix,47,58,52,50,206.0,103.5,203.0,207,1
Houston,SanAntonio,57,66,42,35,211.5,103.5,212.5,200,0
Portland,LAClippers,52,41,50,48,210.0,102.0,207.0,191,0
Dallas,GoldenState,49,54,49,59,206.0,99.0,209.5,211,1
NewOrleans,Milwaukee,53,62,54,49,207.0,101.0,205.5,218,1
GoldenState,Denver,57,59,58,52,223.0,107.0,221.5,226,1
LALakers,Sacramento,46,54,43,49,211.0,104.5,210.0,192,0
Indiana,Philadelphia,48,55,45,52,213.5,104.5,213.0,214,1
Utah,Orlando,40,40,44,37,191.0,99.0,192.0,161,0
Cleveland,Washington,57,57,45,40,210.5,104.5,208.5,199,0
LAClippers,OklahomaCity,40,60,56,62,206.0,103.5,202.5,218,1
Detroit,SanAntonio,54,47,41,40,194.0,97.0,195.0,182,0
Sacramento,Portland,64,55,48,45,208.0,104.0,211.0,242,1
NewYork,Toronto,52,57,63,53,208.5,102.5,207.0,225,1
Philadelphia,Atlanta,50,57,58,48,207.5,102.5,205.0,213,1
SanAntonio,Houston,48,41,63,54,208.0,110.0,209.5,206,0
LAClippers,Minnesota,55,56,50,63,207.0,102.5,204.0,224,1
Washington,Chicago,55,54,42,50,199.5,99.0,203.5,201,0
Utah,Miami,44,55,36,58,186.0,99.5,187.5,193,1
Brooklyn,Phoenix,44,59,70,53,218.5,114.5,217.5,226,1
Detroit,Denver,57,49,45,50,202.0,99.5,202.5,201,0
Charlotte,Cleveland,54,52,37,50,207.5,103.5,209.0,193,0
Orlando,OklahomaCity,40,64,62,70,203.0,100.5,204.0,236,1
Phoenix,GoldenState,60,61,70,62,227.0,118.5,230.0,253,1
Denver,Portland,48,59,51,59,216.0,106.5,217.0,217,0
Orlando,Indiana,35,43,50,29,206.5,102.0,207.0,157,0
OklahomaCity,Detroit,53,53,40,46,203.5,100.0,200.0,192,0
Dallas,NewYork,38,37,43,52,202.5,99.5,204.0,170,0
Boston,NewOrleans,53,54,51,53,212.0,112.5,211.5,211,0
Philadelphia,Houston,64,53,44,42,216.0,104.5,215.0,203,0
Miami,SanAntonio,44,51,36,53,193.5,93.5,191.0,184,0
Memphis,Utah,59,45,39,55,190.0,94.0,187.0,198,1
Brooklyn,LAClippers,53,65,46,58,211.5,109.5,211.0,222,1
Toronto,Cleveland,55,63,57,63,210.0,103.5,207.0,238,1
Atlanta,Miami,47,45,47,44,198.5,104.0,198.0,183,0
Charlotte,Minnesota,61,43,53,66,205.0,100.0,206.0,223,1
Chicago,Portland,49,44,53,55,209.5,104.5,212.0,201,0
Brooklyn,LALakers,56,51,71,65,219.0,113.0,219.0,243,1
Cleveland,Indiana,49,46,53,48,208.5,100.5,213.0,196,0
Washington,Philadelphia,44,63,57,47,203.5,100.0,208.0,211,1
Milwaukee,Atlanta,47,40,67,53,210.5,104.0,207.0,207,0
Dallas,Boston,46,24,41,62,199.5,98.0,204.5,173,0
Detroit,NewYork,56,47,52,52,201.0,99.0,203.0,207,1
Houston,OklahomaCity,70,58,47,33,219.5,107.0,218.5,208,0
Phoenix,Denver,45,59,61,59,220.0,114.0,218.5,224,1
SanAntonio,Sacramento,49,54,52,60,197.5,104.0,194.0,215,1
Memphis,LAClippers,54,53,52,59,201.0,101.5,202.5,218,1
NewYork,Washington,42,52,58,79,208.5,102.5,205.5,231,1
Milwaukee,Miami,48,48,33,40,202.5,100.0,198.0,169,0
Portland,Houston,70,54,59,52,220.0,108.0,220.0,235,1
Philadelphia,Minnesota,45,49,49,53,211.0,101.0,214.0,196,0
Chicago,Utah,51,33,40,38,192.5,96.5,1955.5,162,0
Phoenix,Indiana,45,61,65,41,216.0,114.0,219.0,212,0
Detroit,Cleveland,49,46,43,47,202.5,98.0,205.0,185,0
Brooklyn,OklahomaCity,74,51,53,51,216.5,108.5,218.0,229,1
GoldenState,Boston,56,47,40,49,226.0,109.0,225.0,192,0
Memphis,Dallas,38,27,32,47,186.0,91.0,191.5,144,0
Toronto,Denver,48,61,50,45,213.0,104.5,216.0,224,1
SanAntonio,LALakers,42,62,63,56,210.0,109.0,208.0,223,1
Boston,Detroit,53,44,47,42,199.0,106.0,201.0,186,0
Dallas,Orlando,33,56,46,47,179.5,91.0,184.0,182,0
Miami,Washington,68,51,54,52,198.5,98.5,198.5,225,1
Charlotte,NewOrleans,44,49,66,57,205.5,101.0,206.0,237,1
Phoenix,Philadelphia,51,55,61,58,211.0,111.5,215.0,225,1
GoldenState,Milwaukee,65,70,60,50,218.0,108.5,223.0,245,1
Chicago,LAClippers,56,43,50,48,203.5,101.5,205.5,197,0
Atlanta,NewYork,44,43,54,57,208.5,109.5,210.0,198,0
Portland,Brooklyn,61,73,49,55,219.0,106.5,221.0,238,1
Indiana,OklahomaCity,51,61,37,57,210.5,104.0,211.5,226,1
Utah,Denver,38,56,45,57,197.5,102.5,198.0,196,0
Toronto,Sacramento,64,57,46,34,211.5,104.5,208.0,201,0
Chicago,LALakers,60,63,52,53,209.5,104.5,211.5,228,1
Phoenix,Washington,46,50,59,52,220.0,116.0,219.0,207,0
GoldenState,Indiana,55,48,68,32,219.0,108.5,222.5,203,0
Miami,Philadelphia,54,37,63,41,201.5,99.0,198.0,195,0
Memphis,Charlotte,54,60,41,40,197.5,98.0,196.5,195,0
Orlando,Milwaukee,47,46,50,39,200.5,99.0,200.0,182,0
Boston,Minnesota,44,50,55,43,207.5,110.0,210.0,192,0
Dallas,SanAntonio,52,45,49,41,186.5,93.0,180.0,187,1
Toronto,LAClippers,42,57,68,71,207.0,102.5,210.5,238,1
NewOrleans,Atlanta,48,62,56,40,209.0,103.5,208.0,206,0
Portland,NewYork,61,57,44,48,217.0,107.0,215.5,210,0
Chicago,Denver,50,70,59,38,207.5,102.5,207.5,217,1
OklahomaCity,LALakers,45,52,57,66,220.5,108.5,220.0,220,0
Phoenix,Orlando,46,44,44,45,209.5,109.5,206.5,179,0
Portland,Cleveland,77,64,63,58,219.0,105.5,218.5,262,1
Atlanta,Indiana,55,38,47,41,204.5,106.5,208.0,181,0
SanAntonio,Charlotte,58,61,49,65,201.0,106.0,198.5,233,1
Memphis,Philadelphia,46,48,40,38,195.5,97.5,197.5,203,1
Miami,Detroit,44,54,52,41,188.5,92.5,190.0,191,1
Boston,Brooklyn,46,54,45,58,215.0,112.0,213.0,203,0
Toronto,Houston,44,49,71,53,216.5,105.5,219.0,217,0
LAClippers,Dallas,58,55,50,65,193.0,96.0,191.5,228,1
Denver,Utah,63,37,45,46,199.0,98.5,196.5,191,0
LALakers,GoldenState,67,62,55,71,230.0,112.5,231.0,255,1
SanAntonio,Boston,54,40,55,63,201.0,107.0,203.5,212,1
Washington,Orlando,40,46,54,45,198.5,96.0,201.0,185,0
LAClippers,Detroit,58,47,57,43,200.0,98.5,199.0,205,1
Chicago,Philadelphia,42,62,50,40,205.0,100.5,203.5,194,0
Atlanta,Utah,47,35,27,54,195.5,104.0,194.0,163,0
Toronto,Milwaukee,51,38,51,64,207.5,102.5,211.0,204,0
Miami,Memphis,47,37,44,43,185.0,91.0,185.5,171,0
Brooklyn,Indiana,51,50,56,58,213.5,109.0,214.0,215,1
Minnesota,Phoenix,56,43,43,41,214.5,107.5,216.0,183,0
OklahomaCity,Denver,61,64,48,71,215.0,104.5,213.5,261,1
NewOrleans,Portland,66,57,60,40,217.5,108.5,219.0,223,1
Houston,Sacramento,57,61,46,57,217.0,103.5,216.0,221,1
GoldenState,LALakers,50,46,48,50,230.5,113.0,233.0,194,0
NewYork,Charlotte,60,45,41,63,207.0,101.5,209.0,209,0
Detroit,OklahomaCity,48,54,43,49,203.0,99.5,203.0,194,0
Minnesota,GoldenState,63,41,59,54,222.5,110.0,223.0,217,0
Cleveland,Philadelphia,54,56,48,62,209.5,104.0,209.5,220,1
Denver,Phoenix,57,49,59,69,213.0,106.5,215.5,234,1
Sacramento,Brooklyn,66,51,52,58,219.5,108.0,218.0,227,1
Milwaukee,Orlando,65,45,41,49,196.5,98.0,194.0,200,1
LAClippers,Indiana,43,47,44,27,206.0,103.0,207.5,161,0
NewOrleans,Dallas,46,40,34,52,197.0,98.0,200.5,172,0
Houston,Portland,70,57,62,55,227.0,113.0,225.0,244,1
Atlanta,LALakers,53,51,57,42,209.0,110.5,212.0,203,0
Sacramento,Washington,44,59,43,38,209.5,103.5,210.0,196,0
Philadelphia,Toronto,59,50,53,55,206.5,101.5,213.5,217,1
Boston,Miami,40,39,77,60,201.5,105.0,196.0,216,1
Utah,Minnesota,49,46,48,72,193.0,101.0,196.0,215,1
Charlotte,Memphis,50,45,46,48,198.0,98.0,196.0,189,0
Atlanta,GoldenState,56,47,58,44,219.0,114.0,218.0,205,0
Detroit,Charlotte,58,53,47,43,199.5,99.0,196.0,201,1
LAClippers,Brooklyn,52,66,41,55,212.5,102.5,219.0,249,1
Cleveland,Milwaukee,62,50,54,53,213.5,105.5,211.0,219,1
LALakers,NewOrleans,55,51,46,41,218.5,107.0,217.0,193,0
Orlando,SanAntonio,36,52,51,39,194.5,95.5,197.0,178,0
Houston,Utah,67,45,46,63,204.5,100.0,204.0,221,1
Memphis,Toronto,53,59,59,54,195.0,95.0,195.5,225,1
Detroit,Boston,59,53,64,59,201.0,98.0,197.5,235,1
Washington,OklahomaCity,51,62,55,42,216.0,106.0,212.0,241,1
NewYork,Minnesota,59,48,48,55,211.5,103.0,211.5,210,0
LALakers,Chicago,45,49,49,43,209.5,103.5,212.0,186,0
SanAntonio,Dallas,38,45,44,54,186.5,97.5,192.0,181,0
Miami,Denver,58,41,56,49,208.0,103.5,205.0,204,0
Atlanta,Phoenix,63,35,54,64,211.0,111.0,209.5,216,1
Indiana,Portland,54,77,61,48,209.0,104.0,215.0,240,1
Dallas,Charlotte,37,48,43,56,192.5,96.0,194.0,184,0
Milwaukee,Brooklyn,53,50,65,36,215.0,105.5,216.5,204,0
LAClippers,Cleveland,52,56,42,57,215.0,106.0,215.5,207,0
Orlando,Memphis,58,41,34,56,191.0,95.0,181.5,189,1
Miami,Utah,53,47,60,61,186.5,91.5,189.0,221,1
Houston,GoldenState,62,61,45,58,232.5,113.0,230.0,259,1
LALakers,Toronto,50,67,29,47,214.0,104.5,216.0,193,0
Sacramento,Boston,58,35,48,48,210.5,103.5,208.0,189,0
Minnesota,NewYork,51,63,72,46,210.5,104.5,210.0,232,1
Detroit,Atlanta,51,46,50,59,199.5,98.0,194.0,206,1
Cleveland,Chicago,63,56,49,48,209.0,102.5,210.0,216,1
LAClippers,NewOrleans,55,62,48,45,205.5,101.5,207.0,210,1
Washington,SanAntonio,52,65,37,58,204.0,100.5,203.0,212,1
Houston,Denver,75,61,47,55,221.5,107.0,222.0,238,1
Brooklyn,Milwaukee,47,43,57,68,214.5,113.0,217.0,215,0
Minnesota,Charlotte,48,53,57,54,211.0,103.5,206.5,245,1
Boston,Philadelphia,52,46,50,65,207.5,110.5,205.0,213,1
Chicago,Dallas,47,55,46,41,190.5,93.5,189.0,189,0
Denver,Utah,45,51,49,58,200.5,99.0,197.5,203,1
Miami,Portland,50,54,40,47,216.0,106.0,214.5,191,0
Phoenix,GoldenState,67,56,69,55,228.0,120.0,228.5,247,1
Orlando,Detroit,50,58,43,39,195.5,96.0,192.0,190,0
NewOrleans,OklahomaCity,55,35,54,49,214.5,107.0,213.0,193,0
Sacramento,NewYork,47,49,62,46,209.5,103.0,210.0,204,0
Indiana,LAClippers,45,55,52,61,207.0,103.0,204.0,213,1
Denver,Philadelphia,45,59,40,60,210.0,103.5,211.0,204,0
Cleveland,Toronto,57,66,48,57,214.5,105.5,216.0,228,1
Washington,Brooklyn,61,56,47,67,218.0,106.0,217.0,231,1
Memphis,NewOrleans,38,52,53,45,196.5,97.0,200.0,218,1
Portland,Chicago,61,61,51,49,212.5,105.0,216.5,222,1
SanAntonio,Milwaukee,50,33,61,49,203.0,107.0,203.5,193,0
Charlotte,Dallas,46,52,55,57,193.5,96.0,190.0,210,1
Utah,LALakers,52,58,53,45,198.0,105.0,197.5,208,1
Indiana,GoldenState,65,65,69,49,224.0,110.0,221.0,248,1
Orlando,Washington,49,68,60,63,200.5,98.0,195.0,240,1
Chicago,Detroit,53,42,48,50,201.5,96.5,198.0,193,0
NewYork,Miami,51,56,54,56,205.5,101.0,202.5,217,1
Philadelphia,Memphis,48,42,63,34,194.5,94.5,195.0,187,0
SanAntonio,Minnesota,41,48,47,60,205.5,108.5,206.0,196,0
Phoenix,Utah,52,58,59,48,204.0,107.5,204.0,217,1
Detroit,Charlotte,47,30,42,45,202.5,101.0,204.0,164,0
Boston,Orlando,53,46,59,46,195.5,103.0,200.5,204,1
Denver,Brooklyn,59,61,55,52,221.5,107.0,221.0,227,1
Miami,Atlanta,54,45,42,57,203.5,100.5,198.0,198,0
LALakers,Houston,70,52,61,46,222.5,106.5,222.0,229,1
Portland,Milwaukee,56,53,52,61,214.5,105.0,218.0,222,1
Sacramento,Dallas,49,59,41,60,196.0,97.5,190.0,209,1
Indiana,Phoenix,45,57,60,41,215.0,106.5,217.0,203,0
GoldenState,LAClippers,56,55,55,47,224.5,113.5,223.0,213,0
Denver,Washington,47,52,49,29,217.5,107.5,218.0,177,0
Minnesota,Toronto,54,64,59,57,214.0,103.0,215.5,234,1
Philadelphia,NewOrleans,57,52,31,47,205.0,100.5,205.0,187,0
GoldenState,Utah,52,59,41,53,208.0,103.0,214.0,205,0
SanAntonio,Chicago,38,39,58,51,200.5,106.5,199.0,186,0
Orlando,Charlotte,41,57,63,36,203.5,100.5,199.5,197,0
Miami,Cleveland,58,45,53,42,208.0,101.0,210.5,198,0
Toronto,Boston,53,39,51,52,207.5,103.0,208.5,195,0
Atlanta,Milwaukee,53,55,68,48,205.5,107.5,205.5,224,1
Houston,OklahomaCity,48,56,59,38,224.0,107.5,224.0,201,0
Indiana,Dallas,52,54,56,52,199.5,98.5,198.5,214,1
NewYork,Sacramento,62,45,48,48,210.0,103.5,211.0,203,0
Phoenix,LALakers,58,56,55,65,221.5,117.0,217.0,234,1
Denver,Orlando,61,62,64,47,205.5,100.0,203.5,234,1
Milwaukee,Washington,55,49,50,61,209.5,104.0,208.0,215,1
Portland,Indiana,75,60,53,41,217.0,106.5,216.0,229,1
Dallas,Houston,63,46,46,41,208.0,102.5,207.0,196,0
Miami,Chicago,56,54,48,47,201.0,98.5,198.0,205,1
GoldenState,Memphis,47,52,53,47,211.5,104.5,209.0,199,0
Brooklyn,SanAntonio,67,52,54,58,211.5,110.5,212.0,231,1
Sacramento,Utah,54,48,52,34,196.5,96.5,198.5,188,0
NewOrleans,LAClippers,66,50,62,60,200.0,99.0,203.5,238,1
Philadelphia,Detroit,44,49,51,32,198.0,95.0,199.5,176,0
Boston,OklahomaCity,45,37,56,57,207.5,108.0,209.0,195,0
GoldenState,Minnesota,57,61,48,58,226.5,111.5,223.0,224,1
NewOrleans,Phoenix,56,53,49,62,216.0,107.5,208.0,239,1
NewYork,LALakers,62,51,46,71,217.0,107.5,217.5,230,1
Milwaukee,Toronto,56,62,56,48,213.0,102.5,211.5,222,1
Washington,Miami,57,55,51,50,208.5,101.5,205.0,213,1
Brooklyn,Houston,53,43,79,65,229.5,119.5,227.5,240,1
Denver,Dallas,46,62,51,45,203.5,99.0,203.5,204,1
LALakers,Sacramento,55,52,52,49,217.0,103.5,214.0,208,0
Portland,LAClippers,65,51,59,66,219.0,107.0,218.5,241,1
Memphis,Cleveland,52,49,30,58,201.0,98.0,203.0,189,0
Orlando,Atlanta,69,65,61,56,201.5,100.5,197.5,251,1
Minnesota,Chicago,60,48,45,40,207.5,100.0,208.0,193,0
GoldenState,NewOrleans,64,59,66,33,225.5,111.5,224.5,222,0
NewYork,Phoenix,56,44,58,44,218.5,108.5,221.0,224,1
OklahomaCity,Portland,63,57,43,46,219.0,107.5,219.5,209,0
Indiana,Miami,41,64,52,27,203.5,100.5,206.0,184,0
Toronto,Philadelphia,47,67,52,71,205.0,101.5,208.0,237,1
LAClippers,Orlando,55,56,63,47,210.5,102.0,206.0,221,1
Cleveland,Memphis,44,39,44,51,190.0,91.5,203.0,178,0
Sacramento,Houston,61,46,62,61,213.0,102.5,216.0,230,1
Detroit,Dallas,37,49,38,56,190.5,94.5,192.0,180,0
OklahomaCity,Utah,47,49,52,50,199.0,97.5,199.0,198,0
Indiana,NewOrleans,44,52,49,52,208.5,103.0,211.0,197,0
Chicago,Milwaukee,48,61,45,51,206.5,101.0,206.5,205,0
SanAntonio,Phoenix,43,51,51,54,211.5,110.5,210.0,199,0
Portland,Denver,66,64,55,67,221.5,107.0,224.0,252,1
NewYork,GoldenState,57,47,50,39,222.0,111.0,226.5,193,0
Brooklyn,Orlando,53,52,60,64,217.5,113.5,219.5,229,1
Atlanta,Toronto,62,59,56,69,214.0,113.0,213.0,246,1
Charlotte,Boston,45,46,47,46,207.5,102.5,206.0,184,0
Milwaukee,Chicago,49,44,33,38,204.0,100.0,206.5,164,0
Sacramento,Memphis,43,51,47,47,193.0,100.0,194.5,188,0
NewOrleans,Houston,59,63,54,46,224.5,108.0,220.0,222,1
LALakers,Philadelphia,48,45,45,51,211.0,103.5,207.5,189,0
LAClippers,Miami,58,48,42,52,206.5,99.5,206.5,200,0
Dallas,Utah,62,60,45,36,185.5,94.0,188.0,203,1
Phoenix,OklahomaCity,50,43,65,57,215.5,113.5,214.5,215,1
Indiana,Detroit,53,46,53,43,200.5,98.0,200.0,195,0
LALakers,Cleveland,57,64,51,55,219.5,106.5,218.5,227,1
Charlotte,Atlanta,44,51,59,52,208.5,101.5,206.5,206,0
Houston,Minnesota,52,49,46,43,221.0,106.0,221.0,220,0
NewYork,Denver,55,61,60,65,215.0,106.0,217.5,241,1
Portland,GoldenState,60,55,65,45,234.0,112.0,232.0,225,0
LAClippers,Washington,55,52,65,55,213.0,105.5,216.0,227,1
Brooklyn,Philadelphia,62,49,58,46,216.0,113.5,217.5,215,0
Boston,Miami,56,43,49,52,202.5,107.5,203.0,200,0
Toronto,Orlando,53,53,42,40,212.0,105.5,218.5,188,0
Utah,Memphis,36,33,50,36,185.5,97.5,185.0,155,0
Sacramento,Dallas,49,50,35,44,193.5,97.0,195.5,178,0
NewOrleans,SanAntonio,56,54,53,50,208.0,100.5,200.0,213,1
Washington,Indiana,65,49,53,45,211.0,104.0,211.5,212,1
Atlanta,OklahomaCity,38,63,58,59,211.5,112.5,211.0,218,1
Detroit,Chicago,54,49,57,35,196.5,95.0,195.0,195,0
Phoenix,Minnesota,52,64,62,45,212.5,113.0,216.0,223,1
Dallas,Denver,59,59,60,46,207.5,102.5,205.5,224,1
NewOrleans,Philadelphia,38,63,52,48,205.5,102.0,207.0,201,0
LALakers,Charlotte,76,56,58,40,212.5,104.0,213.5,230,1
Brooklyn,Toronto,52,58,53,57,224.0,119.5,225.0,220,0
Indiana,NewYork,44,69,58,58,210.5,104.5,210.5,229,1
Boston,Memphis,37,39,57,61,194.5,104.0,192.0,221,1
Cleveland,Milwaukee,62,48,52,38,212.0,103.5,213.5,222,1
Portland,Sacramento,62,70,60,55,217.5,104.5,215.0,247,1
Denver,LAClippers,62,59,46,54,218.0,106.5,214.0,221,1
Utah,GoldenState,34,54,48,42,210.5,111.5,211.0,178,0
Milwaukee,Cleveland,53,60,56,46,207.5,102.0,210.5,215,1
Memphis,Detroit,48,49,45,42,189.0,93.5,185.0,184,0
Minnesota,Atlanta,54,39,43,40,216.0,104.5,212.0,176,0
Washington,Chicago,55,56,43,50,209.5,101.0,208.0,204,0
OklahomaCity,NewOrleans,62,59,50,60,209.0,102.5,210.0,231,1
Houston,Phoenix,56,60,59,61,228.0,111.5,223.0,236,1
Sacramento,Utah,41,45,49,52,194.0,93.0,192.5,187,0
Dallas,Portland,50,50,52,39,210.0,103.0,209.0,191,0
Orlando,NewYork,46,58,49,48,211.0,103.0,210.5,201,0
LALakers,Miami,42,71,49,60,211.5,103.5,208.0,222,1
GoldenState,Brooklyn,67,47,58,46,231.0,113.0,231.0,218,0
Boston,Indiana,53,38,53,67,209.5,110.0,208.5,211,1
SanAntonio,LAClippers,49,53,52,53,205.5,108.0,207.0,207,0
LALakers,Orlando,44,53,58,44,209.5,103.0,213.0,199,0
GoldenState,Detroit,65,51,56,60,214.5,105.5,212.5,232,1
Brooklyn,Cleveland,44,62,49,63,225.5,117.0,221.0,218,0
OklahomaCity,Boston,53,59,55,62,211.5,105.0,209.0,229,1
Washington,Milwaukee,66,65,47,41,214.5,104.5,211.0,219,1
Miami,NewOrleans,53,40,39,46,206.0,100.0,203.0,178,0
Houston,Memphis,56,47,49,72,205.5,100.0,207.0,224,1
Sacramento,Minnesota,51,55,57,51,206.5,101.0,208.5,214,1
Philadelphia,Phoenix,55,64,47,73,213.0,106.5,210.0,239,1
Atlanta,Denver,58,48,58,53,217.0,114.5,220.5,217,0
Toronto,Utah,57,50,39,56,198.5,99.5,201.0,202,1
SanAntonio,Portland,54,48,57,41,211.5,111.5,211.5,200,0
Dallas,LAClippers,45,56,39,38,195.0,97.0,195.5,178,0
Boston,NewYork,50,54,66,63,209.5,109.5,212.0,233,1
GoldenState,Cleveland,52,55,60,50,219.5,110.0,224.5,217,0
Chicago,SanAntonio,61,44,58,56,199.0,103.0,200.0,219,1
Minnesota,OklahomaCity,50,60,51,51,212.0,104.0,212.0,212,0
LAClippers,LALakers,58,55,50,50,209.5,104.0,215.0,213,0
Memphis,Orlando,54,57,56,47,193.0,94.0,193.5,214,1
Milwaukee,Washington,55,55,56,43,213.5,105.5,213.0,209,0
Cleveland,Detroit,41,53,46,56,203.5,100.0,207.5,196,0
Charlotte,Brooklyn,71,46,54,67,217.0,106.5,216.0,238,1
Dallas,NewOrleans,45,63,54,53,199.5,99.0,199.0,215,1
Phoenix,Houston,62,50,75,59,230.5,120.5,230.0,246,1
Atlanta,Minnesota,48,51,55,40,209.0,109.0,213.0,194,0
Indiana,Chicago,47,45,32,51,206.5,99.0,204.0,175,0
Toronto,Portland,45,40,56,45,215.5,105.0,217.5,186,0
Philadelphia,Sacramento,47,51,49,55,204.0,101.5,204.5,202,0
Denver,LAClippers,46,63,47,52,209.5,101.5,211.5,208,0
Memphis,Boston,52,52,57,55,198.0,98.5,197.0,216,1
OklahomaCity,Miami,52,57,47,44,203.5,98.5,206.0,200,0
Houston,Dallas,62,51,59,58,209.0,101.5,209.0,230,1
Utah,LALakers,53,47,46,56,204.0,107.5,205.0,202,0
Indiana,Washington,48,58,53,57,214.5,105.5,211.5,216,1
Charlotte,Orlando,60,57,48,56,204.5,100.0,205.0,221,1
Milwaukee,Detroit,59,57,49,48,203.0,99.5,197.5,213,1
NewYork,Atlanta,47,45,39,39,211.0,103.5,211.0,200,0
Brooklyn,Chicago,43,52,59,46,213.5,113.5,213.5,200,0
LAClippers,NewOrleans,46,59,48,47,209.5,102.5,203.5,200,0
Phoenix,SanAntonio,57,65,49,46,214.0,114.0,213.5,217,1
Minnesota,Denver,53,45,56,54,217.0,105.0,217.5,208,0
Sacramento,Portland,51,53,34,53,207.0,101.0,211.0,191,0
Toronto,GoldenState,59,68,64,41,227.5,112.0,226.5,232,1
Miami,Charlotte,40,51,48,34,204.5,100.0,199.0,173,0
Boston,Cleveland,57,68,59,58,216.5,113.0,215.0,242,1
OklahomaCity,Memphis,48,46,45,55,197.5,95.5,199.5,194,0
Philadelphia,Utah,46,54,44,39,196.5,96.0,194.5,183,0
Toronto,Phoenix,34,48,56,52,223.0,110.0,219.5,190,0
Chicago,Indiana,50,62,45,55,202.5,106.0,201.0,212,1
Brooklyn,Washington,54,62,52,45,219.5,114.5,220.5,213,0
Miami,Boston,50,50,60,71,203.5,99.0,204.5,231,1
Detroit,Atlanta,38,54,44,67,199.5,97.5,203.0,203,0
Milwaukee,Minnesota,55,48,53,59,209.5,103.0,209.0,215,1
NewYork,NewOrleans,52,54,42,48,215.5,105.5,212.0,196,0
LAClippers,Houston,60,71,75,50,217.0,104.0,218.5,256,1
Portland,SanAntonio,54,45,54,51,202.0,97.5,207.5,204,0
Philadelphia,Denver,58,62,58,68,213.5,106.0,211.5,246,1
Dallas,GoldenState,58,49,53,47,215.0,106.0,212.0,207,0
Memphis,Sacramento,41,54,54,61,195.5,94.0,194.0,210,1
Cleveland,Charlotte,63,67,51,49,210.5,103.0,214.5,230,1
Milwaukee,Chicago,49,51,56,56,204.0,99.0,201.0,212,1
NewYork,Houston,59,65,67,60,224.0,110.0,221.5,251,1
Phoenix,Utah,58,48,41,30,207.5,107.5,206.5,177,0
LAClippers,OklahomaCity,45,64,55,38,209.5,100.5,206.0,202,0
Orlando,Indiana,44,69,49,59,209.5,102.5,207.0,221,1
Detroit,Miami,70,54,42,39,198.0,99.5,196.0,205,1
SanAntonio,Atlanta,52,38,53,57,199.5,104.0,204.0,226,1
Portland,Minnesota,47,39,47,51,208.0,100.5,211.0,184,0
Toronto,LALakers,60,55,53,69,218.0,108.5,217.5,237,1
NewOrleans,Cleveland,37,50,49,36,218.0,105.5,216.0,172,0
OklahomaCity,Milwaukee,52,54,45,41,213.5,103.5,212.0,192,0
Utah,Brooklyn,50,52,38,50,206.0,107.5,204.5,190,0
Orlando,NewYork,65,61,46,46,210.5,104.0,208.5,218,1
Washington,Houston,43,51,54,44,231.0,113.0,229.0,192,0
Charlotte,Chicago,48,67,52,62,200.0,98.0,203.0,229,1
Denver,GoldenState,68,64,47,67,232.0,114.0,227.5,246,1
Phoenix,LAClippers,53,69,43,42,214.0,111.0,209.0,207,0
Minnesota,Philadelphia,45,54,48,37,205.5,102.5,203.5,184,0
Indiana,Detroit,64,62,58,53,205.0,101.5,203.0,237,1
Toronto,SanAntonio,47,54,45,46,206.5,100.5,212.0,192,0
Miami,Phoenix,57,51,41,40,212.5,106.0,209.5,189,0
Memphis,LALakers,42,63,63,50,207.0,101.5,203.5,218,1
OklahomaCity,Charlotte,49,66,60,60,208.5,102.0,210.0,235,1
Chicago,Cleveland,39,59,59,43,204.0,105.0,208.5,200,0
Portland,GoldenState,74,66,51,51,222.5,109.0,225.0,242,1
Miami,Sacramento,55,68,45,41,204.0,99.5,200.0,209,1
Brooklyn,Indiana,61,50,70,49,218.5,113.0,219.0,230,1
Utah,Toronto,45,55,44,50,197.0,102.5,203.0,194,0
Charlotte,Detroit,63,43,49,74,208.5,101.5,204.5,229,1
OklahomaCity,Houston,71,52,57,54,227.5,110.5,224.0,234,1
Atlanta,NewOrleans,51,38,58,46,208.5,107.5,206.0,193,0
Phoenix,Dallas,41,45,56,55,206.0,107.0,204.5,197,0
LALakers,Portland,53,62,53,59,221.0,109.5,214.0,227,1
SanAntonio,Denver,62,49,56,59,213.5,110.5,213.0,226,1
Houston,Orlando,41,55,58,39,224.0,107.0,223.0,193,0
Cleveland,Brooklyn,44,45,65,70,221.0,105.0,222.0,224,1
Philadelphia,Boston,48,65,45,58,213.0,104.5,214.0,216,1
NewYork,Milwaukee,65,53,61,48,213.5,104.5,213.5,227,1
Miami,LALakers,55,59,55,58,213.5,105.5,210.0,227,1
Memphis,GoldenState,61,61,55,45,216.0,106.0,214.5,247,1
LAClippers,Sacramento,48,46,54,56,212.5,103.5,206.0,204,0
NewYork,Indiana,62,43,61,66,216.0,105.0,215.0,232,1
NewOrleans,Boston,59,51,56,59,212.5,104.0,214.5,225,1
Utah,Minnesota,49,46,54,37,193.0,99.5,195.0,186,0
Denver,OklahomaCity,46,74,48,59,221.5,108.0,219.5,227,1
Toronto,Chicago,57,52,51,54,207.0,101.0,208.5,241,1
Atlanta,Dallas,42,45,38,54,197.0,102.5,196.0,179,0
Charlotte,SanAntonio,48,49,40,50,208.5,102.5,208.0,187,0
Philadelphia,Brooklyn,51,52,48,49,216.0,106.5,214.0,200,0
Miami,LAClippers,39,52,55,38,207.0,101.5,207.5,184,0
Washington,Milwaukee,55,51,54,48,211.5,103.0,213.0,208,0
Utah,Memphis,37,40,37,53,187.0,97.5,187.0,167,0
GoldenState,Sacramento,57,52,61,53,226.0,112.0,222.5,223,1
Orlando,LALakers,74,48,28,56,217.0,106.5,217.0,206,0
Detroit,Portland,61,48,58,45,213.0,105.0,215.0,249,1
NewOrleans,NewYork,55,56,46,49,215.0,104.0,214.0,206,0
OklahomaCity,Chicago,46,61,49,47,210.0,100.5,207.0,203,0
Chicago,Washington,62,48,48,42,203.5,105.5,203.0,200,0
Boston,Toronto,41,60,63,56,218.0,114.0,218.0,220,1
Atlanta,Brooklyn,64,40,52,58,216.5,113.5,214.0,214,0
Charlotte,Houston,58,56,61,60,227.0,109.5,224.5,235,1
Milwaukee,SanAntonio,46,66,60,44,203.5,97.5,205.5,216,1
Cleveland,Utah,58,39,44,51,203.0,99.5,202.5,192,0
Portland,LALakers,51,61,35,48,228.5,110.5,224.0,195,0
Miami,GoldenState,56,51,40,55,218.0,106.5,217.0,202,0
Detroit,Sacramento,50,49,46,49,206.0,100.5,207.0,194,0
Washington,Boston,71,43,54,57,218.0,107.5,217.0,225,1
Memphis,OklahomaCity,50,49,43,56,204.0,98.5,205.0,198,0
Houston,Minnesota,53,56,57,58,218.5,104.0,219.0,224,1
Cleveland,Portland,47,43,44,54,222.0,109.0,221.0,188,0
Orlando,LAClippers,61,46,41,53,209.0,103.5,209.0,201,0
Indiana,Denver,59,64,59,70,226.0,112.0,223.0,252,1
NewOrleans,Brooklyn,66,42,44,47,214.5,104.0,214.0,199,0
Chicago,NewYork,46,59,36,52,207.5,107.5,204.5,193,0
LALakers,SanAntonio,60,66,55,47,212.5,102.5,212.0,228,1
Dallas,Phoenix,61,55,48,57,207.5,105.0,203.0,221,1
Detroit,GoldenState,67,51,60,56,218.5,107.0,219.5,234,1
Charlotte,Philadelphia,47,50,50,48,208.0,102.0,209.5,195,0
Brooklyn,Toronto,57,50,72,66,225.0,116.5,221.5,245,1
Boston,Atlanta,46,46,51,61,211.5,111.5,213.0,204,0
Miami,Milwaukee,72,41,52,59,205.0,98.5,203.0,224,1
Orlando,Portland,59,44,57,64,213.5,104.5,213.5,224,1
Detroit,Utah,33,55,53,46,191.0,93.0,192.0,187,0
Cleveland,Sacramento,47,57,54,70,214.5,104.5,210.0,228,1
LALakers,LAClippers,41,56,55,58,219.5,107.0,217.0,210,0
NewOrleans,Chicago,43,57,48,58,206.5,100.0,202.0,206,1
SanAntonio,Phoenix,50,59,56,48,213.0,111.5,213.0,213,0
Philadelphia,Washington,51,61,45,45,210.0,105.0,207.0,202,0
Orlando,Utah,71,58,38,54,194.5,97.0,194.0,221,1
NewYork,Toronto,53,70,35,59,219.5,106.5,217.5,217,0
Houston,Brooklyn,73,67,54,55,234.5,113.0,232.0,249,1
Chicago,Memphis,33,65,57,57,193.5,99.5,191.5,212,1
OklahomaCity,Sacramento,51,54,62,73,213.5,104.0,212.0,240,1
Detroit,LALakers,54,62,31,52,213.5,104.0,213.5,199,0
Atlanta,NewYork,53,54,64,44,210.0,110.0,208.0,215,1
Portland,Washington,58,67,53,43,219.5,104.0,220.0,221,1
Philadelphia,Milwaukee,48,52,59,58,207.0,102.5,206.5,217,1
NewOrleans,Indiana,50,56,40,47,214.5,105.5,214.0,193,0
Orlando,Denver,75,55,53,54,223.5,108.5,221.5,237,1
Charlotte,Boston,64,48,39,55,217.0,107.5,217.0,206,0
Cleveland,GoldenState,59,68,39,51,227.5,109.0,224.0,217,0
Utah,Phoenix,52,48,59,48,204.5,107.5,202.0,207,1
OklahomaCity,LAClippers,59,52,60,47,217.5,106.0,210.5,218,1
Toronto,Brooklyn,55,64,58,51,223.5,108.5,228.0,228,0
Houston,Miami,59,47,52,54,222.0,106.5,220.0,212,0
Dallas,Chicago,52,49,49,47,197.5,98.0,197.0,197,0
Minnesota,SanAntonio,60,78,44,54,202.5,98.0,203.0,236,1
Denver,LALakers,66,54,65,63,230.5,110.5,227.0,248,1
Memphis,Washington,54,63,43,45,207.5,101.5,203.0,205,1
Toronto,Philadelphia,46,44,43,50,215.5,106.5,210.0,183,0
NewYork,Boston,65,52,54,52,218.5,107.0,220.0,223,1
Orlando,NewOrleans,61,56,48,51,211.5,102.0,209.5,216,1
Milwaukee,Houston,49,42,53,59,226.0,109.0,227.0,203,0
Indiana,Sacramento,55,46,49,56,214.0,103.5,215.0,206,0
OklahomaCity,GoldenState,61,51,59,50,231.0,113.5,227.0,221,0
Dallas,Miami,51,46,46,51,200.0,97.0,195.5,194,0
Denver,SanAntonio,51,66,56,49,216.5,104.0,220.0,222,1
Minnesota,LAClippers,47,48,61,49,208.0,103.0,203.5,205,1
Milwaukee,Orlando,48,66,48,46,211.5,102.5,210.0,208,0
Brooklyn,NewOrleans,61,59,73,64,221.5,115.0,218.5,257,1
Chicago,Atlanta,48,53,43,51,204.0,105.5,204.0,195,0
Sacramento,Memphis,38,53,56,51,200.0,102.0,203.0,198,0
GoldenState,Houston,61,58,59,55,242.0,118.5,237.5,233,0
Utah,Dallas,41,46,53,56,188.5,98.0,187.5,219,1
Indiana,LALakers,51,53,57,43,221.0,108.5,220.0,204,0
Portland,Boston,54,67,53,52,217.0,105.5,219.0,250,1
Washington,Detroit,56,60,64,45,207.0,100.5,212.0,225,1
Brooklyn,Charlotte,42,64,56,55,222.0,114.0,220.0,217,0
Philadelphia,Atlanta,50,66,51,36,199.5,96.5,201.0,203,1
Phoenix,NewYork,63,53,64,32,224.0,116.5,221.0,212,0
SanAntonio,Cleveland,55,60,58,41,211.5,110.0,211.5,233,1
Sacramento,Chicago,45,62,41,53,205.0,100.5,206.0,201,0
LAClippers,Denver,45,59,62,55,222.5,107.0,218.5,221,1
GoldenState,Orlando,50,50,66,50,225.0,111.0,224.5,216,0
LALakers,Dallas,51,49,45,50,206.5,100.5,206.5,195,0
Phoenix,Toronto,59,58,50,51,219.5,114.0,221.5,218,0
Denver,Minnesota,57,63,48,51,221.0,108.0,221.0,219,0
Washington,Charlotte,52,56,46,54,213.0,103.0,214.5,208,0
Sacramento,Detroit,66,61,44,42,205.5,107.0,203.5,213,1
SanAntonio,Brooklyn,53,41,66,38,214.5,111.5,217.0,198,0
GoldenState,Miami,58,36,56,57,218.5,107.5,216.0,207,0
LAClippers,Atlanta,51,47,62,60,206.5,100.0,206.0,220,1
Houston,Milwaukee,66,66,52,57,226.5,111.0,223.0,241,1
Cleveland,NewOrleans,61,59,60,66,216.0,104.5,213.5,246,1
NewYork,Indiana,56,64,41,51,217.5,107.5,220.0,212,0
OklahomaCity,Utah,53,56,30,53,203.0,99.5,203.0,192,0
Chicago,Orlando,42,59,50,41,204.5,104.0,205.0,192,0
SanAntonio,Toronto,54,61,43,56,203.0,105.5,209.0,214,1
Minnesota,Phoenix,50,65,51,57,215.5,107.0,211.0,223,1
Utah,Denver,40,50,57,49,210.5,108.5,212.0,196,0
Sacramento,Cleveland,48,52,61,47,216.5,113.0,215.0,228,1
Miami,Brooklyn,64,57,39,55,217.0,107.0,213.5,215,1
Philadelphia,Milwaukee,72,58,40,53,207.5,100.5,208.0,223,1
Toronto,Memphis,66,47,51,36,201.0,98.5,200.0,200,0
GoldenState,Charlotte,57,43,55,61,223.5,109.0,221.5,216,0
OklahomaCity,NewOrleans,53,56,65,45,217.5,104.5,215.5,219,1
NewYork,Dallas,55,48,48,47,201.0,97.0,203.0,198,0
LALakers,Portland,61,56,41,45,220.5,108.5,220.0,203,0
Indiana,Minnesota,45,53,48,66,213.0,103.5,211.5,212,1
Dallas,OklahomaCity,49,59,52,47,197.0,96.5,199.5,207,1
Phoenix,Denver,64,54,70,59,232.0,119.5,229.5,247,1
LALakers,Utah,39,46,45,54,203.5,99.5,202.0,184,0
Houston,Philadelphia,59,63,54,65,220.5,107.5,218.0,241,1
Sacramento,Indiana,57,62,49,40,211.5,109.5,212.0,226,1
Milwaukee,Toronto,55,37,55,41,213.5,102.5,215.0,188,0
Brooklyn,Cleveland,52,50,65,73,226.0,117.5,226.0,240,1
Orlando,Boston,63,53,53,57,214.0,102.0,214.5,226,1
Charlotte,NewYork,52,53,64,48,211.5,104.0,212.5,217,1
Washington,Atlanta,62,50,49,37,214.5,102.0,213.0,198,0
Miami,Chicago,57,49,38,44,204.5,100.5,202.5,188,0
SanAntonio,NewOrleans,43,62,64,53,214.0,112.0,208.0,222,1
Sacramento,Charlotte,46,50,66,53,204.5,105.5,208.5,215,1
Detroit,Miami,68,56,57,38,202.0,99.0,201.5,219,1
Boston,Milwaukee,69,48,37,50,217.0,113.0,217.5,220,1
LAClippers,GoldenState,53,70,68,51,224.5,108.5,223.5,242,1
Brooklyn,Minnesota,59,59,52,68,221.0,115.0,217.5,238,1
Denver,Phoenix,54,66,58,57,227.5,111.5,234.0,235,1
Memphis,Utah,53,42,59,43,191.0,94.5,187.0,197,1
NewYork,Atlanta,67,59,38,44,209.5,103.5,212.0,281,1
OklahomaCity,Cleveland,45,58,42,53,217.0,105.5,220.5,198,0
Washington,NewOrleans,52,45,50,54,221.5,105.0,218.0,201,0
Orlando,Toronto,63,48,49,67,211.5,102.5,210.5,227,1
Houston,Indiana,53,47,60,61,228.5,112.0,225.5,221,0
Dallas,SanAntonio,55,53,50,48,195.5,94.0,196.0,206,1
GoldenState,Portland,57,46,55,66,224.5,111.5,228.0,224,0
Brooklyn,Miami,60,48,53,39,218.5,114.0,218.5,200,0
Orlando,Minnesota,49,54,56,37,212.5,104.5,209.5,216,1
Cleveland,Dallas,55,50,46,50,208.0,104.0,205.0,201,0
Memphis,Phoenix,59,48,51,53,207.5,102.5,210.0,211,1
Sacramento,Philadelphia,56,47,72,66,207.5,105.5,206.0,241,1
NewYork,Washington,56,57,54,51,215.0,105.0,217.5,218,1
NewOrleans,Toronto,48,58,46,40,212.5,103.5,214.5,214,0
Sacramento,Houston,53,36,50,49,225.5,117.0,226.5,188,0
OklahomaCity,SanAntonio,48,46,60,48,210.0,102.0,210.0,202,0
Minnesota,Cleveland,68,55,49,50,216.5,107.0,213.0,222,1
Indiana,Orlando,51,52,51,32,212.5,105.0,212.0,186,0
Atlanta,Miami,51,58,56,44,205.5,105.5,204.0,209,1
NewYork,Brooklyn,42,41,50,52,224.5,109.5,223.0,185,0
NewOrleans,Detroit,64,50,50,52,211.0,103.0,213.0,216,1
Toronto,Boston,58,55,49,51,214.0,106.5,217.5,213,0
Philadelphia,Dallas,43,54,53,58,206.0,100.0,202.0,208,1
Milwaukee,Utah,57,47,37,51,197.5,97.0,197.0,192,0
Memphis,Denver,45,66,45,62,212.0,105.5,216.0,218,1
LAClippers,Phoenix,69,52,59,58,219.0,108.5,219.5,238,1
Chicago,OklahomaCity,41,61,65,61,206.5,106.0,208.0,228,1
Charlotte,GoldenState,62,71,58,46,227.0,110.0,223.0,237,1
LALakers,Washington,60,42,67,55,220.5,108.0,218.5,224,1
Atlanta,Houston,58,39,62,62,226.0,118.0,222.0,221,0
Philadelphia,SanAntonio,45,56,51,36,214.5,106.0,209.5,188,0
GoldenState,LAClippers,55,65,71,62,230.0,111.5,225.0,253,1
Toronto,Orlando,52,54,33,57,207.5,100.0,211.0,196,0
Minnesota,Detroit,42,63,54,65,209.0,102.0,211.0,224,1
Indiana,Brooklyn,43,59,52,49,218.5,106.0,222.0,203,0
Memphis,OklahomaCity,44,62,56,54,205.0,101.5,204.5,216,1
Chicago,Houston,50,59,51,56,222.0,113.5,223.0,238,1
LALakers,Boston,59,54,43,64,223.5,109.0,221.0,220,0
Milwaukee,Denver,62,61,64,51,224.0,109.0,223.0,238,1
Dallas,Portland,57,50,53,52,206.0,102.0,207.0,212,1
Phoenix,Sacramento,36,62,60,50,218.5,114.5,218.0,208,0
Orlando,Atlanta,59,45,52,43,210.0,103.0,206.5,199,0
Detroit,Indiana,62,52,40,35,209.5,103.0,211.0,189,0
NewOrleans,Washington,42,60,61,33,216.5,106.5,217.0,196,0
Philadelphia,Miami,49,67,59,52,209.0,101.5,208.0,227,1
Cleveland,NewYork,59,50,43,63,213.5,103.0,219.5,215,0
Memphis,Minnesota,46,50,40,70,203.0,101.0,202.5,206,1
Denver,SanAntonio,57,49,57,55,224.0,108.0,219.5,218,0
Charlotte,Utah,51,45,59,48,197.5,99.0,197.0,203,1
GoldenState,Sacramento,58,54,52,32,225.0,112.0,225.0,215,0
Toronto,Brooklyn,50,48,40,60,216.0,106.0,216.5,198,0
LAClippers,Boston,48,55,45,61,221.5,109.0,222.0,209,0
Portland,OklahomaCity,40,58,46,60,218.0,106.0,215.5,204,0
LALakers,NewYork,48,58,64,58,222.5,109.5,220.0,228,1
OklahomaCity,Indiana,45,48,50,40,211.5,104.0,210.5,183,0
Philadelphia,Detroit,51,50,55,53,210.5,102.5,213.0,209,0
Miami,Minnesota,73,55,53,47,205.5,100.5,207.0,228,1
Phoenix,NewOrleans,50,39,62,66,221.0,116.0,221.0,217,0
Dallas,Denver,53,43,53,48,213.5,102.0,214.0,197,0
Chicago,Sacramento,38,67,49,65,205.5,106.0,206.5,219,1
Orlando,Houston,63,61,54,54,224.0,108.0,223.0,232,1
Cleveland,Indiana,61,59,58,71,216.0,106.0,214.0,249,1
SanAntonio,Philadelphia,52,57,48,57,208.0,108.0,212.0,214,1
Denver,Atlanta,69,58,58,38,224.0,107.5,222.0,223,1
LALakers,Detroit,50,56,56,61,218.5,107.5,216.0,223,1
Washington,Brooklyn,53,55,43,49,222.5,107.5,220.0,224,1
Miami,Milwaukee,43,56,45,50,208.5,100.5,208.5,194,0
Phoenix,Memphis,39,45,60,57,211.5,110.0,211.0,201,0
Utah,NewOrleans,57,58,44,62,199.5,104.5,202.0,221,1
Toronto,Minnesota,58,58,55,50,211.5,103.5,212.5,221,1
Chicago,GoldenState,47,49,60,59,222.5,114.0,222.0,215,0
Boston,Sacramento,47,51,50,52,212.0,111.5,211.5,200,0
Philadelphia,Orlando,45,58,66,54,209.0,103.5,211.5,223,1
Houston,Charlotte,52,52,58,40,224.5,110.5,223.5,202,0
Cleveland,OklahomaCity,50,62,56,59,219.0,109.5,213.5,227,1
Utah,Dallas,43,53,50,54,193.5,100.0,193.0,217,1
Boston,Portland,54,50,49,78,223.5,116.5,219.5,231,1
Miami,Brooklyn,42,60,44,61,214.0,106.0,212.0,207,0
SanAntonio,Detroit,46,55,48,46,208.5,108.0,208.0,195,0
Denver,NewYork,66,64,58,66,229.0,112.0,228.5,254,1
LALakers,Milwaukee,77,54,56,49,218.0,107.5,219.0,236,1
NewOrleans,Minnesota,68,58,61,41,210.5,103.0,214.0,228,1
Indiana,Washington,60,58,49,52,215.0,106.5,214.5,219,1
GoldenState,Memphis,51,60,64,54,216.5,107.0,215.5,229,1
Atlanta,Sacramento,45,57,56,57,209.5,109.0,208.5,215,1
Chicago,Phoenix,54,45,63,50,219.5,114.0,217.0,212,0
LAClippers,Charlotte,56,48,43,62,218.0,108.0,216.5,209,0
Milwaukee,Indiana,51,63,48,54,210.5,102.5,212.0,216,1
Miami,Philadelphia,54,48,58,66,208.0,103.0,206.5,226,1
Denver,Cleveland,61,53,56,64,232.0,114.0,228.5,234,1
GoldenState,OklahomaCity,54,69,70,51,226.5,108.0,226.0,244,1
Phoenix,Houston,62,68,58,47,233.5,120.0,231.0,235,1
Orlando,Dallas,52,44,40,56,204.0,99.0,203.0,192,0
Boston,Utah,56,46,40,74,204.5,108.0,203.5,216,1
SanAntonio,NewYork,39,51,44,50,211.0,108.5,213.0,184,0
Detroit,Toronto,52,44,52,55,213.0,105.5,212.5,203,0
NewOrleans,Sacramento,52,57,40,55,213.5,106.5,210.0,204,0
Philadelphia,Charlotte,53,42,57,52,213.5,104.5,212.0,204,0
OklahomaCity,Washington,70,51,53,44,218.0,106.0,218.5,218,0
Orlando,Miami,64,53,57,49,207.5,100.0,208.5,223,1
Memphis,Brooklyn,46,48,57,64,211.0,103.0,208.0,215,1
SanAntonio,Indiana,57,41,64,54,208.0,109.0,208.5,216,1
Detroit,Milwaukee,42,43,53,53,209.5,102.0,212.0,191,0
Boston,Dallas,58,53,54,44,210.5,108.5,209.0,209,0
NewOrleans,Phoenix,57,54,46,61,222.0,109.5,220.0,218,0
GoldenState,Denver,72,61,59,50,236.0,116.0,238.0,242,1
LAClippers,Utah,37,42,46,35,207.0,100.5,207.5,160,0
Atlanta,Portland,49,41,59,45,218.5,114.0,217.0,213,0
Toronto,Chicago,42,55,45,57,211.0,104.5,205.0,199,0
Cleveland,Minnesota,56,74,56,38,219.5,107.0,219.0,224,1
Indiana,Cleveland,60,51,52,54,219.0,107.5,219.0,217,0
SanAntonio,Orlando,46,45,58,37,207.0,107.0,206.0,186,0
Dallas,Detroit,44,53,44,48,200.5,98.0,200.5,189,0
Milwaukee,Brooklyn,72,50,55,77,219.0,107.5,219.0,254,1
Philadelphia,Boston,58,64,44,58,219.0,109.0,219.0,224,1
Charlotte,Toronto,51,34,48,42,213.0,104.0,213.0,175,0
Miami,Houston,62,41,58,65,224.0,110.0,224.0,226,1
NewOrleans,Memphis,50,43,45,48,205.0,102.0,205.0,186,0
Minnesota,Denver,63,59,42,47,226.0,109.0,225.5,211,0
LALakers,Phoenix,47,69,62,60,226.5,111.0,226.0,238,1
Portland,Utah,35,42,59,63,204.5,99.5,204.5,199,0
NewYork,OklahomaCity,66,56,46,53,218.0,107.0,218.0,221,1
Atlanta,LAClippers,43,51,53,36,213.0,111.5,212.5,183,0
Sacramento,GoldenState,53,44,57,41,225.5,117.0,225.0,195,0
Washington,Indiana,61,53,53,42,215.5,104.5,216.5,209,0
Boston,Chicago,47,63,49,48,214.0,110.5,212.0,207,0
Portland,Orlando,48,53,61,53,217.5,111.0,213.0,215,1
Charlotte,Detroit,51,61,43,45,208.0,104.0,208.0,222,1
Houston,NewOrleans,58,58,51,61,230.0,113.0,227.0,228,1
NewYork,Cleveland,67,53,46,57,223.5,108.0,223.0,223,0
Denver,Sacramento,55,50,52,59,222.0,109.5,222.0,216,0
LAClippers,GoldenState,55,55,76,50,230.5,114.0,229.0,236,1
Washington,Philadelphia,54,56,66,56,217.5,107.0,217.0,232,1
Boston,Toronto,47,53,51,53,213.5,111.0,216.0,204,0
Miami,Atlanta,49,63,41,45,206.5,100.5,207.0,198,0
Utah,Milwaukee,63,42,57,42,202.5,105.0,200.5,204,1
LALakers,OklahomaCity,52,57,47,47,221.0,108.0,221.0,203,0
Phoenix,Chicago,49,57,53,57,219.5,114.5,215.5,249,1
Dallas,Minnesota,48,41,45,47,204.5,99.0,203.0,181,0
Brooklyn,Denver,55,62,59,62,234.5,122.5,231.0,238,1
Charlotte,Sacramento,43,48,46,47,208.0,103.0,207.0,184,0
Atlanta,Orlando,41,54,50,46,210.5,110.0,207.0,191,0
Philadelphia,NewYork,56,54,51,58,220.0,108.0,215.5,219,1
Indiana,Miami,41,66,55,46,209.0,101.5,209.5,208,0
NewOrleans,Dallas,54,42,34,49,204.5,101.0,205.0,179,0
Chicago,Cleveland,45,66,54,51,210.0,110.0,216.5,216,0
Minnesota,Houston,63,61,70,78,229.5,112.0,228.0,272,1
Brooklyn,GoldenState,60,53,54,40,235.5,120.5,233.0,207,0
SanAntonio,LALakers,56,46,64,51,210.0,108.5,212.0,217,1
Phoenix,Milwaukee,44,45,61,46,223.5,116.5,222.0,196,0
Utah,Washington,48,40,45,61,204.0,106.5,205.5,194,0
Memphis,Denver,41,56,39,67,216.5,106.5,215.0,203,0
Portland,Toronto,53,52,57,56,208.0,107.0,212.5,218,1
NewOrleans,OklahomaCity,67,51,53,57,217.5,109.0,214.0,228,1
Charlotte,LAClippers,56,54,54,62,212.5,106.5,213.0,245,1
Toronto,NewYork,46,47,37,53,211.0,103.0,212.5,183,0
Milwaukee,Cleveland,52,50,48,47,219.0,106.5,217.0,197,0
GoldenState,Philadelphia,63,52,58,54,228.0,113.0,230.0,227,0
Atlanta,Boston,48,50,57,57,212.5,112.0,214.0,212,0
Indiana,Houston,51,66,51,57,230.5,113.5,229.0,225,0
Miami,Dallas,53,56,38,38,201.5,97.5,199.0,185,0
Minnesota,Sacramento,45,59,38,48,210.0,104.0,210.0,190,0
GoldenState,Washington,66,44,60,50,231.5,113.5,229.5,220,0
Portland,Detroit,46,47,61,64,213.5,111.5,213.0,233,1
Denver,Chicago,47,68,59,58,222.5,109.0,222.5,232,1
Phoenix,Memphis,52,59,67,64,212.0,110.5,211.0,242,1
Charlotte,LALakers,58,55,49,51,215.5,106.5,215.0,213,0
NewYork,Orlando,55,56,35,45,216.0,106.5,215.0,191,0
Washington,Toronto,50,58,34,59,208.5,100.5,213.0,201,0
Philadelphia,Miami,64,44,54,61,213.0,102.0,212.0,223,1
Dallas,Atlanta,49,66,42,38,195.5,95.5,194.0,195,1
Denver,Milwaukee,47,53,52,56,223.5,107.0,226.5,208,0
Detroit,NewOrleans,49,54,45,47,209.0,103.0,209.0,195,0
Indiana,SanAntonio,57,39,53,50,206.5,100.0,210.0,199,0
Minnesota,Utah,37,49,48,53,199.5,97.5,201.0,187,0
Houston,LAClippers,71,57,58,39,235.5,115.0,232.0,225,0
Brooklyn,Sacramento,66,45,42,56,216.0,111.0,213.5,209,0
GoldenState,Chicago,45,53,54,29,217.0,107.5,219.5,181,0
Charlotte,Phoenix,60,59,66,38,219.5,109.0,218.0,223,1
OklahomaCity,Portland,50,67,49,57,222.5,110.5,220.0,223,1
Toronto,Washington,62,53,42,63,207.5,100.5,209.0,220,1
NewYork,Philadelphia,64,52,44,47,217.0,106.5,218.5,207,0
Miami,Orlando,58,55,45,51,210.0,102.0,210.5,209,0
Cleveland,Atlanta,72,65,57,71,214.5,104.0,214.0,265,1
LAClippers,Milwaukee,53,60,48,52,210.5,100.0,216.0,213,0
Memphis,Dallas,42,59,50,53,190.0,94.5,190.0,204,1
Brooklyn,Utah,64,47,47,51,206.5,107.5,206.5,209,1
OklahomaCity,Phoenix,51,62,53,63,225.5,111.5,225.0,229,1
SanAntonio,NewOrleans,57,40,36,45,208.0,109.0,206.0,199,0
Boston,LALakers,61,54,56,39,218.5,112.0,221.5,210,0
Detroit,Philadelphia,58,61,69,54,213.0,102.5,210.0,242,1
Toronto,Milwaukee,31,64,52,48,203.5,99.0,206.0,195,0
LAClippers,Chicago,52,64,39,37,210.5,104.0,213.0,192,0
Minnesota,SanAntonio,40,58,34,34,205.5,100.5,206.5,187,0
Memphis,Houston,51,55,65,60,222.0,110.0,218.0,231,1
Charlotte,Denver,54,59,56,45,222.0,109.0,222.0,214,0
Brooklyn,Portland,64,51,57,74,224.5,116.0,227.0,246,1
Indiana,Atlanta,49,51,55,38,209.5,102.0,208.0,193,0
GoldenState,NewYork,47,52,61,57,219.5,108.5,221.0,217,0
Orlando,Washington,53,53,63,60,216.5,106.5,215.0,229,1
Boston,Phoenix,41,50,67,57,228.5,118.5,225.0,215,0
Utah,Sacramento,56,48,46,44,191.5,100.0,196.0,219,1
OklahomaCity,Dallas,55,55,49,34,206.5,102.0,204.0,193,0
NewOrleans,LALakers,46,68,42,46,217.0,107.5,213.0,202,0
Miami,Cleveland,51,63,46,44,214.5,105.0,217.0,204,0
Milwaukee,Philadelphia,46,57,56,51,212.0,104.5,214.0,210,0
Chicago,Detroit,40,66,52,46,204.0,105.0,204.5,204,0
GoldenState,Atlanta,77,50,57,46,216.5,107.0,216.0,230,1
Indiana,Charlotte,43,52,45,48,205.0,100.5,209.0,188,0
Brooklyn,Memphis,70,43,66,52,213.0,110.5,214.0,231,1
Houston,SanAntonio,62,39,62,59,222.0,108.5,219.0,222,1
NewOrleans,Utah,43,34,36,58,197.0,95.0,197.0,171,0
Sacramento,Denver,49,58,56,41,215.5,111.0,219.0,204,0
Boston,LAClippers,47,42,57,72,218.0,114.5,216.5,218,1
Portland,OklahomaCity,69,59,63,56,222.0,114.5,223.5,247,1
LALakers,Dallas,67,55,55,56,206.5,100.0,206.5,233,1
Washington,Phoenix,63,66,57,72,229.5,114.0,225.5,258,1
Charlotte,Miami,40,68,59,42,204.0,100.0,207.0,209,1
Brooklyn,Atlanta,50,46,65,54,220.0,114.0,219.0,215,0
NewYork,Milwaukee,62,49,38,48,208.5,102.5,213.0,197,0
LAClippers,Minnesota,50,63,37,48,211.5,103.5,211.0,198,0
Toronto,NewOrleans,48,43,41,49,204.0,99.5,201.5,181,0
Detroit,Indiana,53,55,55,50,208.5,102.0,205.0,213,1
Utah,Houston,52,65,44,62,215.5,112.0,216.0,223,1
Sacramento,SanAntonio,52,59,57,50,195.0,97.0,200.0,218,1
Washington,Denver,63,54,65,54,223.5,107.5,227.0,236,1
Boston,GoldenState,53,43,50,39,225.0,118.5,224.0,185,0
Cleveland,Detroit,51,56,46,54,215.5,106.5,216.0,207,0
SanAntonio,OklahomaCity,57,48,48,41,209.5,108.0,212.5,194,0
LAClippers,Memphis,47,52,51,62,206.5,102.0,208.0,212,1
Philadelphia,Portland,44,65,45,40,221.0,108.0,223.0,222,0
LALakers,Phoenix,65,59,47,61,232.5,115.0,229.0,232,1
Orlando,Charlotte,61,37,52,52,204.0,98.5,205.0,202,0
GoldenState,Minnesota,58,57,49,41,212.5,104.0,217.5,205,0
Houston,Chicago,56,49,50,54,223.5,109.0,224.5,209,0
Toronto,Atlanta,37,60,52,55,203.5,100.0,199.5,204,1
Indiana,Milwaukee,50,45,47,42,204.0,98.5,209.5,184,0
Boston,Denver,60,59,55,44,223.0,115.5,225.0,218,0
Brooklyn,Dallas,49,46,52,54,211.5,109.0,214.0,201,0
Washington,Sacramento,60,64,55,53,215.0,105.0,214.5,252,1
Utah,OklahomaCity,52,58,57,49,207.0,106.5,205.0,216,1
Philadelphia,LAClippers,62,51,41,58,214.0,105.5,217.5,212,0
NewYork,Detroit,58,61,51,34,212.5,103.0,212.0,204,0
NewOrleans,Charlotte,59,58,44,63,204.0,100.0,201.5,247,1
Cleveland,Orlando,49,61,56,54,215.5,105.5,215.0,220,1
Toronto,Miami,58,42,48,45,202.5,98.5,203.0,193,0
Minnesota,Milwaukee,42,54,55,46,203.0,99.0,203.0,197,0
GoldenState,SanAntonio,55,53,41,43,198.5,97.0,203.0,192,0
Phoenix,Dallas,49,43,49,57,217.5,112.5,215.0,198,0
Atlanta,Memphis,48,34,52,63,206.5,107.0,201.5,197,0
Chicago,Boston,31,41,61,47,207.5,106.5,208.0,180,0
Miami,Indiana,54,59,45,42,201.5,99.0,207.0,200,0
NewYork,Brooklyn,65,51,55,61,221.0,109.0,221.5,232,1
Cleveland,Houston,59,66,51,53,236.5,115.5,231.0,229,0
Portland,Phoenix,51,65,45,50,228.0,116.5,232.0,211,0
Philadelphia,LALakers,59,71,48,56,223.0,109.0,221.0,234,1
Chicago,Charlotte,60,46,58,60,199.5,103.0,200.0,224,1
Dallas,Toronto,51,45,49,33,196.5,96.5,198.5,178,0
Atlanta,SanAntonio,46,51,57,52,204.0,106.0,200.0,206,1
Milwaukee,Memphis,54,58,47,47,199.0,97.0,203.0,206,1
Washington,Minnesota,64,56,49,54,214.5,103.5,216.0,223,1
LAClippers,Utah,51,54,70,47,203.0,98.0,201.0,222,1
LALakers,Denver,58,52,59,61,227.0,108.0,231.0,230,0
Detroit,Cleveland,70,52,52,50,216.0,104.0,215.0,224,1
Indiana,NewYork,42,52,32,42,210.5,102.0,211.5,168,0
OklahomaCity,Brooklyn,64,60,50,52,226.0,110.0,225.0,226,1
Portland,NewOrleans,39,47,45,46,214.0,110.0,217.0,177,0
Philadelphia,GoldenState,69,48,51,42,221.0,110.0,223.0,210,0
Charlotte,Indiana,46,38,49,42,203.0,100.0,203.0,175,0
Dallas,Washington,71,39,43,66,207.0,100.0,208.0,219,1
Minnesota,Boston,62,56,44,59,211.0,104.5,210.5,221,1
NewOrleans,Miami,49,57,58,68,203.0,98.0,208.0,232,1
Utah,Detroit,47,42,50,41,199.5,102.5,199.0,180,0
Portland,SanAntonio,57,52,53,54,209.0,107.5,212.5,216,1
LALakers,Houston,63,55,50,71,235.0,115.0,236.0,239,1
Sacramento,Phoenix,51,44,54,59,218.0,111.5,218.5,208,0
Milwaukee,LAClippers,48,44,44,57,206.5,101.0,212.0,193,0
Utah,Cleveland,49,37,48,40,208.5,108.0,210.0,174,0
OklahomaCity,Toronto,53,53,61,58,207.0,102.0,208.5,225,1
Memphis,Atlanta,54,53,36,51,202.5,100.0,205.0,194,0
LAClippers,Denver,46,59,78,60,222.5,109.0,222.0,243,1
Orlando,GoldenState,54,63,57,40,220.0,106.5,218.0,214,0
Dallas,Philadelphia,44,47,52,47,205.5,100.0,206.0,190,0
Chicago,Washington,52,47,57,63,212.0,108.5,208.5,219,1
Toronto,Detroit,29,49,48,36,202.0,99.5,199.5,162,0
Boston,Brooklyn,37,45,54,57,213.5,110.5,220.5,193,0
Minnesota,Miami,50,63,58,57,205.0,98.5,208.5,228,1
Houston,NewOrleans,59,59,62,60,228.5,111.5,227.5,240,1
Orlando,Phoenix,52,66,51,43,220.5,109.0,221.0,212,0
Milwaukee,LALakers,55,52,54,49,213.0,103.5,215.5,210,0
Sacramento,OklahomaCity,48,56,46,54,212.5,108.5,215.0,204,0
Portland,Atlanta,58,51,49,52,214.5,111.5,214.0,210,0
Washington,Charlotte,39,40,46,66,215.5,104.0,213.5,191,0
Cleveland,LAClippers,30,48,56,52,213.5,103.5,219.5,186,0
Utah,Chicago,39,45,41,56,192.5,99.5,193.0,181,0
SanAntonio,Memphis,47,40,61,52,196.0,102.0,198.0,200,1
Houston,Denver,52,55,47,60,241.0,118.0,238.0,214,0
Milwaukee,GoldenState,56,51,57,45,215.0,103.5,217.0,209,0
Dallas,Brooklyn,58,42,54,61,207.5,101.0,208.5,215,1
Boston,Philadelphia,48,49,58,49,202.5,105.5,208.0,204,0
Phoenix,Detroit,47,49,56,55,209.5,109.0,214.5,207,0
Portland,Miami,57,46,61,55,213.5,111.0,214.0,219,1
Indiana,Toronto,56,51,57,43,197.0,96.5,201.0,207,1
Minnesota,NewOrleans,62,40,70,60,208.0,102.0,206.5,232,1
Sacramento,SanAntonio,48,59,66,47,201.5,98.5,201.0,220,1
Cleveland,LALakers,59,55,60,71,222.5,109.0,224.0,245,1
Philadelphia,Orlando,51,46,60,39,218.5,108.0,211.0,221,1
Atlanta,Charlotte,38,55,58,44,205.5,106.5,203.0,195,0
Utah,Indiana,51,46,53,57,193.0,101.0,192.0,207,1
Washington,Boston,58,47,62,45,217.0,106.5,215.5,212,0
Denver,Houston,63,64,64,58,238.0,117.5,238.5,249,1
GoldenState,OklahomaCity,47,51,60,48,223.5,108.5,222.0,206,0
NewYork,LAClippers,52,64,53,50,216.0,104.0,215.5,219,1
Chicago,Toronto,58,55,60,53,197.5,102.5,202.0,242,1
Detroit,Brooklyn,53,41,45,55,215.0,104.5,216.5,194,0
Phoenix,Miami,49,56,42,62,215.0,111.0,215.5,209,0
Memphis,NewOrleans,44,31,45,57,208.0,103.0,205.0,177,0
GoldenState,Dallas,58,54,50,37,208.0,102.0,209.0,199,0
SanAntonio,Minnesota,48,45,47,53,205.5,107.0,205.5,193,0
Milwaukee,Portland,39,44,47,53,207.5,99.5,214.0,183,0
LAClippers,LALakers,57,53,72,60,222.5,107.5,221.0,242,1
Charlotte,Orlando,48,54,57,52,206.5,101.5,205.0,211,1
Indiana,Boston,40,51,71,47,209.0,102.0,208.5,209,1
Detroit,Chicago,55,57,52,48,201.0,99.0,199.0,212,1
Atlanta,Washington,36,50,48,70,215.5,112.0,214.5,204,0
Philadelphia,OklahomaCity,51,62,52,54,219.5,106.5,219.5,219,0
Cleveland,Denver,65,67,59,48,228.0,110.5,230.0,239,1
Milwaukee,Sacramento,49,70,46,49,202.5,98.0,205.5,214,1
NewYork,Utah,60,46,41,62,202.0,99.0,202.0,209,1
Toronto,Miami,56,36,51,42,200.0,99.5,203.0,185,0
Phoenix,Brooklyn,54,48,47,75,226.5,117.0,220.0,224,1
LAClippers,Dallas,53,49,50,40,204.5,101.5,206.5,192,0
Memphis,SanAntonio,49,44,50,44,197.5,97.5,199.0,187,0
NewYork,Portland,60,53,40,52,210.5,101.5,218.5,205,0
Brooklyn,Washington,53,52,73,59,221.0,114.0,224.0,237,1
Denver,Indiana,60,57,52,73,216.5,104.5,221.0,242,1
Cleveland,Charlotte,64,48,63,42,210.5,104.0,215.5,217,1
Detroit,Orlando,40,56,58,48,208.5,100.5,207.0,202,0
Phoenix,Boston,45,64,68,73,218.0,113.0,219.0,250,1
Atlanta,Milwaukee,50,38,58,51,201.5,106.0,202.0,197,0
NewOrleans,Houston,61,38,60,65,232.5,114.0,228.5,224,0
Philadelphia,Chicago,52,53,59,60,211.5,103.5,210.0,224,1
Minnesota,LALakers,53,68,47,50,219.5,106.0,219.5,249,1
Sacramento,GoldenState,47,60,57,50,214.0,111.0,214.0,214,0
Washington,Cleveland,66,66,55,55,225.0,110.0,215.0,242,1
NewYork,SanAntonio,56,48,48,52,204.0,99.0,203.5,204,1
Toronto,Dallas,52,46,40,42,196.0,95.5,195.0,180,0
Minnesota,Portland,48,58,62,44,212.5,102.5,217.0,212,0
Brooklyn,Atlanta,52,51,43,53,216.5,114.0,214.0,199,0
Phoenix,Charlotte,56,60,62,48,212.0,108.5,215.0,226,1
Sacramento,LAClippers,48,38,55,54,210.0,108.5,211.0,195,0
OklahomaCity,Houston,68,70,63,61,230.0,112.5,233.0,262,1
Chicago,Milwaukee,60,51,59,33,202.0,104.0,200.0,203,1
Miami,Boston,49,62,49,60,211.0,105.0,209.0,220,1
Philadelphia,Indiana,45,51,54,51,213.5,106.0,211.0,201,0
Memphis,GoldenState,53,57,54,36,209.0,101.0,209.0,200,0
NewOrleans,Denver,55,40,51,59,226.0,110.5,228.0,205,0
Portland,LALakers,39,33,61,45,220.5,114.0,223.0,178,0
Orlando,Toronto,69,61,58,55,208.5,101.5,206.0,243,1
Cleveland,SanAntonio,46,58,35,38,211.5,102.5,213.0,177,0
OklahomaCity,Dallas,51,34,41,57,203.0,98.5,207.0,183,0
NewOrleans,Utah,49,58,45,56,196.0,95.5,200.0,208,1
Memphis,Sacramento,55,45,42,39,198.5,98.0,199.0,181,0
Minnesota,Indiana,51,65,61,52,208.5,101.0,208.0,229,1
Milwaukee,Charlotte,59,63,48,56,199.5,98.0,204.0,226,1
Phoenix,Atlanta,39,52,48,47,217.5,112.0,215.0,186,0
Philadelphia,Brooklyn,55,60,42,50,224.5,111.0,221.5,207,0
GoldenState,Houston,57,55,49,58,235.0,117.5,234.0,219,0
Denver,Portland,67,63,50,55,222.0,110.0,226.5,235,1
Washington,LALakers,54,59,64,50,224.5,108.5,226.0,227,1
Atlanta,Philadelphia,43,52,54,42,212.5,111.0,208.0,191,0
OklahomaCity,Orlando,38,55,61,50,221.0,107.5,218.0,220,1
Charlotte,Toronto,41,56,43,76,202.5,100.5,205.0,216,1
Miami,NewYork,46,44,55,48,207.0,98.5,210.0,193,0
Milwaukee,Boston,48,56,53,46,209.5,104.5,208.0,203,0
Indiana,Memphis,62,63,50,32,196.5,96.5,197.5,207,1
Dallas,NewOrleans,50,64,58,67,201.5,100.5,200.5,239,1
GoldenState,SanAntonio,50,61,50,47,207.5,103.5,209.5,208,0
Utah,Sacramento,48,45,52,49,195.5,101.5,195.5,194,0
Brooklyn,Detroit,34,40,48,57,213.5,111.0,213.0,179,0
Cleveland,Chicago,50,41,58,43,212.0,102.5,210.5,192,0
LALakers,Minnesota,74,53,51,45,217.5,106.0,221.5,223,1
LAClippers,Phoenix,66,60,59,57,222.5,110.0,218.5,242,1
Denver,Charlotte,56,56,68,56,219.0,107.0,221.5,236,1
Indiana,Toronto,53,41,54,63,203.5,99.5,207.0,211,1
Philadelphia,Cleveland,61,61,59,46,215.0,105.0,219.0,227,1
Orlando,Boston,60,61,61,51,216.0,108.5,217.5,233,1
NewYork,Miami,62,52,38,40,203.0,99.0,208.0,192,0
Detroit,Milwaukee,57,47,40,46,197.0,96.0,200.0,213,1
Dallas,Memphis,40,49,46,54,192.0,93.0,192.0,189,0
Sacramento,NewOrleans,51,45,52,58,208.0,107.0,205.5,206,1
Washington,Utah,43,38,44,58,208.5,101.5,206.5,183,0
SanAntonio,OklahomaCity,41,54,52,48,208.0,108.0,209.0,195,0
Houston,GoldenState,48,69,51,37,232.5,116.0,231.0,205,0
LALakers,LAClippers,50,55,60,54,220.0,109.5,225.5,219,0
Atlanta,Chicago,44,54,65,47,202.0,105.0,202.5,210,1
Orlando,Brooklyn,66,47,65,54,222.0,108.5,222.0,232,1
Sacramento,Minnesota,49,65,62,64,207.5,107.5,210.0,240,1
Phoenix,Portland,58,58,68,63,224.0,117.0,220.5,247,1
Charlotte,OklahomaCity,53,60,41,60,211.5,106.5,216.0,214,0
Dallas,Milwaukee,59,47,47,61,195.0,94.0,196.0,214,1
Utah,SanAntonio,61,45,60,46,189.0,99.0,191.5,212,1
Memphis,LALakers,49,50,60,52,205.5,102.0,208.0,211,1
Denver,Miami,67,59,54,49,219.5,108.0,220.0,229,1
Indiana,Cleveland,53,60,47,48,214.0,102.0,214.0,265,1
Atlanta,Brooklyn,53,36,42,42,216.5,112.5,215.5,173,0
Chicago,NewOrleans,49,61,56,61,210.5,110.0,209.0,227,1
Philadelphia,Toronto,57,51,54,56,211.5,103.0,212.0,218,1
Washington,GoldenState,65,59,70,60,223.5,107.5,224.0,254,1
Houston,Phoenix,52,61,60,66,226.5,111.5,234.0,239,1
Brooklyn,Philadelphia,67,67,54,71,221.5,115.0,219.0,259,1
Orlando,Cleveland,59,49,63,53,223.0,110.5,221.5,224,1
Charlotte,Washington,46,68,54,61,219.5,108.5,217.5,229,1
Chicago,NewYork,53,41,50,47,203.5,106.5,207.0,191,0
Milwaukee,OklahomaCity,48,54,46,41,209.5,102.0,211.0,189,0
Memphis,SanAntonio,30,38,43,57,195.0,95.0,193.0,184,0
Dallas,Sacramento,39,35,63,48,197.0,96.5,196.0,185,0
Minnesota,GoldenState,64,64,62,38,218.5,107.0,220.5,228,1
Portland,Utah,41,47,51,54,201.5,104.0,205.0,193,0
Miami,Charlotte,50,53,56,52,203.5,99.0,207.0,211,1
Toronto,Detroit,48,54,46,59,201.5,99.0,198.0,207,1
Cleveland,Boston,39,60,57,49,222.0,109.5,218.5,205,0
Denver,Houston,61,48,55,50,241.5,118.5,241.0,214,0
OklahomaCity,Memphis,61,46,46,50,198.5,99.0,203.0,203,0
LALakers,SanAntonio,45,49,52,51,207.0,101.5,204.0,197,0
GoldenState,Phoenix,59,51,59,62,228.5,113.5,217.5,231,1
Dallas,LAClippers,59,52,52,50,205.0,101.0,203.5,213,1
Brooklyn,Orlando,47,53,57,65,222.0,115.5,227.5,222,0
Chicago,Philadelphia,44,56,47,45,209.0,107.5,211.0,192,0
Milwaukee,Indiana,46,60,52,35,203.5,101.0,200.5,193,0
Washington,NewYork,60,50,47,52,217.5,105.0,217.0,209,0
Boston,Atlanta,56,70,62,51,209.0,107.5,209.0,239,1
Minnesota,Portland,54,60,53,36,217.0,108.0,219.5,203,0
Miami,Toronto,45,51,39,55,207.5,101.5,207.5,190,0
Atlanta,Cleveland,40,62,59,53,212.5,109.5,214.0,214,0
Detroit,Houston,54,52,56,61,224.0,111.5,223.0,223,0
NewYork,Memphis,48,52,42,47,196.0,96.5,200.0,189,0
SanAntonio,Dallas,47,64,33,47,189.0,100.0,186.5,191,1
Minnesota,Utah,60,55,68,50,197.5,96.5,204.5,233,1
NewOrleans,Denver,55,46,65,62,229.5,112.5,231.5,228,0
OklahomaCity,Phoenix,51,68,48,52,229.0,113.0,226.0,219,0
Sacramento,LALakers,49,40,50,53,216.5,113.0,213.0,192,0
Chicago,Brooklyn,57,39,61,56,215.5,111.5,215.5,213,0
Indiana,Orlando,77,50,54,58,211.5,104.0,210.5,239,1
Miami,Washington,57,47,48,57,216.5,107.0,216.0,209,0
Milwaukee,Philadelphia,44,46,37,45,209.0,103.5,207.0,172,0
LAClippers,SanAntonio,45,50,57,33,208.5,102.0,206.5,185,0
Utah,Portland,54,36,47,50,201.5,105.0,202.0,187,0
NewOrleans,GoldenState,40,60,61,63,216.0,106.0,219.0,224,1
Toronto,NewYork,52,55,44,56,201.0,99.5,203.0,207,1
Cleveland,Atlanta,59,52,49,62,214.5,103.0,214.0,251,1
OklahomaCity,Denver,53,52,67,39,229.5,113.5,229.0,211,0
Houston,Sacramento,69,71,56,67,225.5,109.5,222.5,263,1
Dallas,Phoenix,69,64,56,46,210.5,104.5,212.5,235,1
Minnesota,LALakers,50,54,53,62,222.0,109.0,221.0,219,0
Indiana,Philadelphia,55,63,51,62,211.5,104.5,211.0,231,1
Cleveland,Miami,61,55,55,45,204.0,103.0,211.5,245,1
Washington,Detroit,55,42,55,54,208.0,102.0,212.0,206,0
Orlando,Chicago,47,54,50,46,215.0,102.5,212.0,197,0
Charlotte,Milwaukee,42,47,38,41,197.5,98.5,201.0,168,0
SanAntonio,Portland,59,31,57,50,192.5,101.5,204.5,197,0
Utah,GoldenState,65,35,48,56,206.0,106.0,209.5,204,0
Houston,LAClippers,70,48,48,55,231.5,115.5,228.5,221,0
Charlotte,Atlanta,64,43,38,34,203.5,100.0,206.0,179,0
OklahomaCity,Minnesota,49,50,44,55,208.5,102.0,217.0,198,0
Denver,Dallas,49,52,57,42,213.5,104.5,213.5,200,0
Phoenix,Sacramento,53,44,77,59,219.5,111.5,218.0,233,1
Minnesota,Houston,65,55,56,65,226.5,112.5,227.0,241,1
Dallas,Memphis,49,52,43,49,188.0,94.0,194.0,193,0
Denver,OklahomaCity,51,69,51,45,224.0,108.5,220.0,216,0
Toronto,Cleveland,47,40,46,48,200.5,99.0,206.0,181,0
Atlanta,Indiana,37,56,59,38,200.5,102.0,207.0,190,0
Milwaukee,Boston,61,52,45,48,205.0,102.5,207.0,206,0
Philadelphia,NewYork,47,68,50,62,209.5,103.0,202.0,227,1
Washington,Miami,50,56,62,44,205.5,100.5,207.5,212,1
Brooklyn,Chicago,40,42,49,54,212.5,109.0,214.0,185,0
SanAntonio,Utah,55,44,55,44,192.0,100.5,189.5,198,1
NewOrleans,Portland,52,54,57,40,202.0,98.5,211.0,203,0
LALakers,GoldenState,71,43,49,40,222.5,106.5,221.5,203,0
Sacramento,LAClippers,53,47,60,50,209.0,107.0,211.5,210,0
Indiana,Cleveland,63,62,51,41,208.0,101.5,212.5,217,1
Milwaukee,Toronto,52,45,48,35,197.5,96.0,202.0,180,0
Memphis,SanAntonio,55,46,47,45,190.5,94.5,191.5,193,1
Utah,LAClippers,46,58,40,48,198.5,103.5,201.0,192,0
Atlanta,Washington,54,39,66,62,209.0,109.0,212.0,221,1
Portland,GoldenState,58,54,64,54,220.0,113.5,222.0,230,1
Chicago,Boston,51,43,54,60,207.0,103.0,207.5,208,1
OklahomaCity,Houston,56,57,50,42,227.5,112.5,228.0,205,0
Indiana,Cleveland,61,60,53,54,209.5,102.5,212.0,228,1
Memphis,SanAntonio,45,48,47,38,188.5,92.0,191.0,178,0
Milwaukee,Toronto,53,54,60,39,194.5,95.0,193.5,206,1
Chicago,Boston,57,43,61,47,206.5,103.0,207.5,208,1
Utah,LAClippers,47,46,56,41,200.0,103.5,196.5,190,0
Atlanta,Washington,47,47,58,58,211.0,110.0,212.0,210,0
OklahomaCity,Houston,61,69,45,51,225.5,111.0,224.0,226,1
Portland,GoldenState,50,51,40,50,218.5,113.5,221.5,191,0
Cleveland,Indiana,64,59,52,58,210.0,102.0,211.5,233,1
Toronto,Milwaukee,44,43,37,57,197.0,96.0,196.5,181,0
SanAntonio,Memphis,42,54,48,55,188.0,99.0,185.5,199,1
Boston,Chicago,48,37,54,52,205.5,105.0,207.0,191,0
Houston,OklahomaCity,59,64,53,52,224.0,109.0,224.5,228,1
LAClippers,Utah,55,52,59,51,197.5,98.5,197.0,217,1
Toronto,Milwaukee,38,44,40,41,194.0,96.0,194.5,163,0
Washington,Atlanta,58,52,47,57,211.0,104.0,210.0,214,1
SanAntonio,Memphis,49,57,39,47,187.0,98.5,190.0,218,1
GoldenState,Portland,67,54,54,57,217.5,108.5,219.0,232,1
Cleveland,Indiana,46,64,55,43,214.0,103.5,212.0,208,0
Boston,Chicago,48,55,46,50,204.0,105.0,204.0,199,0
Washington,Atlanta,63,46,45,58,213.0,104.5,211.5,212,1
GoldenState,Portland,67,53,66,45,222.0,106.5,219.0,231,1
Memphis,SanAntonio,46,58,59,56,188.0,93.0,186.5,219,1
OklahomaCity,Houston,38,57,54,55,223.5,109.5,223.5,204,0
Utah,LAClippers,40,49,33,66,195.5,101.5,196.5,188,0
Atlanta,Washington,48,51,63,40,210.5,110.5,212.0,202,0
Chicago,Boston,43,59,58,45,205.0,103.0,202.0,205,1
Toronto,Milwaukee,52,37,46,46,196.5,97.0,195.0,181,0
SanAntonio,Memphis,46,49,54,50,191.0,100.0,190.0,199,1
LAClippers,Utah,42,50,56,43,195.5,98.5,191.5,191,0
Washington,Atlanta,53,58,60,43,208.5,102.0,210.0,214,1
Utah,LAClippers,48,37,57,53,190.5,98.5,192.0,195,1
Washington,Boston,62,61,52,59,216.0,107.5,214.0,234,1
Toronto,Cleveland,48,62,60,51,211.0,104.0,208.5,221,1
Houston,SanAntonio,57,51,55,62,215.5,104.0,215.5,225,1
Washington,Boston,71,60,42,55,217.5,108.0,219.0,248,1
Utah,GoldenState,48,56,53,43,205.5,105.5,208.0,200,0
Toronto,Cleveland,56,54,62,56,214.5,105.5,214.0,228,1
Houston,SanAntonio,63,57,51,46,214.5,106.0,216.5,217,1
Boston,Washington,56,47,61,41,217.0,111.5,219.5,205,0
Utah,GoldenState,48,59,67,45,206.0,106.5,204.5,219,1
Cleveland,Toronto,52,49,55,53,215.0,107.5,214.5,209,0
SanAntonio,Houston,40,42,56,57,214.5,112.0,216.0,195,0
GoldenState,Utah,44,55,43,51,213.5,111.0,211.5,193,0
Cleveland,Toronto,56,54,55,46,209.0,105.0,209.0,211,1
Boston,Washington,44,52,62,65,209.5,103.5,214.5,223,1
SanAntonio,Houston,56,54,57,62,213.5,110.5,215.0,229,1
GoldenState,Utah,56,56,60,44,207.5,103.0,206.5,216,1
Houston,SanAntonio,61,57,53,31,216.0,108.0,215.0,217,1
Washington,Boston,54,64,51,55,218.0,107.0,215.0,224,1
SanAntonio,Houston,55,48,48,38,211.5,109.0,215.0,189,0
Boston,Washington,39,44,52,48,214.5,110.5,216.5,183,0
SanAntonio,GoldenState,46,58,67,53,209.5,108.0,211.0,224,1
Washington,Boston,50,58,56,56,210.5,106.5,211.5,220,1
SanAntonio,GoldenState,49,67,65,55,209.5,106.0,211.0,236,1
Cleveland,Boston,49,51,67,54,218.5,108.0,219.5,221,1
Cleveland,Boston,50,53,57,56,219.0,108.0,219.5,216,0
GoldenState,SanAntonio,62,57,69,40,215.0,106.0,212.0,228,1
Boston,Cleveland,59,57,53,50,214.0,110.5,220.0,219,0
GoldenState,SanAntonio,50,66,58,70,218.0,109.5,216.0,244,1
Boston,Cleveland,48,56,63,44,214.5,112.5,216.0,211,0
Cleveland,Boston,70,62,51,54,213.5,109.5,214.5,237,1
Cleveland,GoldenState,65,47,53,39,224.5,113.5,225.5,204,0
Cleveland,GoldenState,74,57,59,55,221.5,110.5,221.5,245,1
GoldenState,Cleveland,71,57,55,48,226.5,113.0,225.5,231,1
GoldenState,Cleveland,82,72,57,42,227.0,113.0,228.5,253,1
Cleveland,GoldenState,70,61,60,58,231.0,111.5,230.5,249,1
Boston,Cleveland,48,44,51,58,216.0,110.0,214.5,201,0
Houston,GoldenState,69,64,56,54,231.5,115.5,232.0,243,1
Brooklyn,Indiana,59,69,76,67,216.5,112.5,212.0,271,1
Philadelphia,Washington,55,60,57,63,217.5,108.5,215.5,235,1
Miami,Orlando,69,44,53,59,205.5,100.0,207.0,225,1
Charlotte,Detroit,56,45,51,40,202.0,100.0,204.0,192,0
Milwaukee,Boston,50,61,45,52,203.0,101.0,208.5,208,0
NewOrleans,Memphis,61,45,43,45,204.5,100.5,205.0,194,0
Atlanta,Dallas,51,54,59,64,199.0,103.5,199.5,228,1
Denver,Utah,51,56,54,41,205.0,101.5,209.0,202,0
Minnesota,SanAntonio,57,45,62,42,203.5,100.0,207.0,206,0
Houston,Sacramento,51,49,47,58,216.5,105.0,218.5,205,0
Portland,Phoenix,50,45,58,47,219.5,113.0,220.0,200,0
Chicago,Toronto,48,47,53,70,206.5,101.0,206.0,218,1
NewYork,OklahomaCity,51,44,43,51,215.5,103.5,213.0,189,0
Boston,Philadelphia,45,51,45,53,217.0,112.0,216.5,194,0
Atlanta,Charlotte,46,59,52,43,205.5,107.5,202.5,200,0
Detroit,Washington,60,63,49,54,211.5,104.0,210.5,226,1
Cleveland,Milwaukee,50,54,55,54,209.5,103.0,210.0,213,1
Portland,Indiana,56,58,50,46,218.5,112.5,219.0,210,0
Utah,Minnesota,35,53,47,62,197.0,101.5,200.0,197,0
Sacramento,Dallas,42,50,39,50,201.5,98.5,203.0,181,0
GoldenState,NewOrleans,65,60,63,60,221.0,109.5,222.5,248,1
LALakers,Phoenix,76,67,62,57,220.5,110.5,222.0,262,1
Orlando,Cleveland,54,47,52,54,216.0,105.5,212.5,207,0
Dallas,Houston,53,48,49,48,216.0,106.5,214.5,198,0
Detroit,NewYork,47,68,44,59,204.5,100.0,206.5,218,1
Indiana,Miami,57,56,54,53,213.5,104.5,211.0,220,1
SanAntonio,Chicago,40,39,41,44,200.5,104.5,202.0,164,0
GoldenState,Memphis,57,50,52,53,212.5,105.5,213.0,212,0
Portland,Milwaukee,50,65,49,59,208.5,108.0,213.5,223,1
Sacramento,Denver,35,41,42,57,212.5,103.0,216.0,175,0
OklahomaCity,Utah,35,43,52,53,200.0,96.5,200.5,183,0
Phoenix,LAClippers,41,61,52,64,220.0,113.0,220.0,218,0
Atlanta,Brooklyn,44,65,59,52,220.0,116.0,219.5,220,1
Minnesota,OklahomaCity,51,64,48,65,212.0,104.0,211.5,228,1
NewOrleans,LALakers,56,67,54,54,222.5,110.5,217.0,231,1
Philadelphia,Detroit,53,46,43,41,213.5,104.0,213.0,183,0
Atlanta,Miami,49,57,44,47,205.0,106.0,206.0,197,0
Memphis,Houston,50,57,39,42,213.5,105.0,210.5,188,0
Charlotte,Milwaukee,43,64,53,37,203.5,101.0,205.0,197,0
GoldenState,Dallas,64,63,56,53,217.5,107.5,214.0,236,1
Toronto,SanAntonio,44,56,49,49,202.0,99.0,206.0,198,0
Washington,Denver,58,53,44,58,224.0,108.5,223.0,213,0
Sacramento,Phoenix,53,57,53,69,206.5,102.0,211.0,232,1
Brooklyn,Orlando,60,62,61,63,228.5,118.0,229.0,246,1
Chicago,Cleveland,66,67,50,48,205.5,102.0,207.5,231,1
NewYork,Boston,47,40,50,62,208.0,100.5,210.0,199,0
Indiana,Minnesota,53,69,60,55,218.0,106.5,217.0,237,1
NewOrleans,Portland,48,47,49,52,216.5,104.5,219.0,196,0
Utah,LAClippers,47,36,48,55,196.0,102.5,200.5,186,0
Houston,Philadelphia,64,46,49,50,221.0,107.5,223.0,209,0
Cleveland,Brooklyn,49,58,50,62,223.5,110.5,227.0,219,0
SanAntonio,Miami,60,47,54,56,196.5,102.5,195.0,217,1
Indiana,OklahomaCity,57,45,58,50,218.0,106.5,218.0,210,0
Memphis,Dallas,50,56,45,46,197.0,97.0,196.0,197,1
Utah,Phoenix,36,53,41,55,205.0,106.0,203.0,185,0
Washington,LALakers,41,53,54,36,229.0,110.0,230.0,201,0
Toronto,GoldenState,55,59,63,52,230.0,113.5,224.0,229,1
Dallas,Memphis,42,47,55,43,194.5,95.0,196.5,187,0
Boston,Milwaukee,51,36,54,44,206.5,106.5,207.0,185,0
Atlanta,Chicago,38,38,48,53,200.0,102.5,199.5,177,0
LAClippers,Portland,54,61,44,48,216.0,107.5,210.5,207,0
NewOrleans,Sacramento,67,59,49,45,204.5,102.0,204.0,220,1
SanAntonio,Orlando,50,45,64,42,207.0,106.5,204.5,201,0
Houston,Charlotte,57,45,50,50,214.5,105.5,213.0,202,0
Brooklyn,NewYork,51,38,60,44,222.5,115.0,219.5,193,0
Denver,Atlanta,49,56,41,59,210.5,103.0,206.0,205,0
OklahomaCity,Minnesota,59,59,61,56,218.0,106.5,214.5,235,1
Toronto,LALakers,45,51,47,50,221.0,107.5,224.0,193,0
Washington,GoldenState,61,59,64,53,231.0,114.0,231.5,237,1
Cleveland,NewOrleans,57,60,55,52,220.5,108.5,215.0,224,1
Houston,Memphis,62,41,50,39,202.0,100.5,206.0,192,0
OklahomaCity,Chicago,49,32,54,35,203.5,97.0,204.5,170,0
LALakers,Utah,47,54,38,38,202.0,100.0,204.5,177,0
Phoenix,Portland,53,65,63,40,218.0,112.5,217.0,221,1
Detroit,LAClippers,51,49,39,43,206.0,101.0,210.0,182,0
Milwaukee,Atlanta,44,65,56,58,199.0,97.0,203.0,223,1
SanAntonio,Indiana,50,51,31,59,209.0,108.5,204.0,191,0
Orlando,Charlotte,51,59,69,54,210.5,102.0,210.0,233,1
Washington,Sacramento,51,44,53,45,208.0,101.0,211.0,193,0
Denver,Brooklyn,65,58,61,51,223.0,111.0,223.5,235,1
NewYork,Cleveland,48,68,51,42,212.5,103.5,209.0,209,0
Detroit,GoldenState,62,47,54,59,221.0,107.5,222.0,222,0
Denver,NewYork,60,48,57,61,211.0,102.5,207.0,226,1
Minnesota,Miami,55,67,39,59,216.5,105.5,216.5,247,1
Charlotte,Memphis,62,46,47,48,195.0,97.5,192.5,203,1
Orlando,NewOrleans,57,67,47,43,222.5,110.5,224.0,214,0
Philadelphia,Houston,64,50,58,50,215.0,110.0,218.0,222,1
Dallas,Utah,48,49,47,49,190.5,94.0,190.0,193,1
Toronto,Portland,58,31,53,42,211.5,102.5,215.5,184,0
GoldenState,LAClippers,62,69,62,61,223.5,111.0,221.0,254,1
Sacramento,Indiana,37,48,32,67,206.0,99.0,209.0,184,0
Phoenix,Brooklyn,54,58,63,61,229.5,119.0,231.0,236,1
OklahomaCity,Milwaukee,54,48,47,52,210.5,103.0,210.0,201,0
Detroit,LALakers,47,56,56,47,207.5,102.0,209.0,206,0
Phoenix,Washington,47,69,61,61,228.0,118.0,225.5,238,1
Milwaukee,Charlotte,57,60,59,71,203.0,101.0,203.0,247,1
Atlanta,Philadelphia,59,57,70,42,209.0,109.0,210.0,228,1
Indiana,Cleveland,58,65,54,54,217.5,107.0,218.5,231,1
Sacramento,Boston,51,52,46,50,195.5,96.5,198.0,199,1
Chicago,Miami,44,52,35,57,196.0,96.0,202.0,188,0
Orlando,Memphis,49,59,48,44,205.5,102.0,205.0,200,0
Houston,NewYork,51,57,66,42,213.5,105.5,212.0,216,1
Minnesota,NewOrleans,59,60,41,42,224.0,109.5,224.0,202,0
Toronto,Denver,53,53,68,66,217.0,107.0,213.5,240,1
Portland,Utah,42,36,55,55,191.5,99.5,197.0,215,1
Dallas,LAClippers,61,53,58,45,207.5,102.0,204.5,217,1
GoldenState,SanAntonio,57,48,57,42,220.0,108.0,219.0,204,0
LALakers,Portland,66,62,44,51,212.0,107.5,210.5,223,1
Cleveland,Washington,78,62,57,55,224.5,111.5,220.0,252,1
Chicago,Orlando,54,35,44,55,204.5,99.5,207.0,188,0
Milwaukee,Detroit,54,53,47,47,204.0,99.5,205.0,201,0
Indiana,Philadelphia,58,61,62,50,217.0,107.5,220.0,231,1
Phoenix,NewYork,51,64,53,59,221.0,114.0,222.5,227,1
Charlotte,SanAntonio,44,50,57,58,200.5,99.5,198.0,209,1
NewOrleans,Dallas,53,48,37,55,211.0,103.5,213.0,193,0
Toronto,Utah,55,52,64,38,195.0,97.5,195.0,209,1
Miami,Denver,65,44,38,42,216.5,106.0,214.0,189,0
Boston,OklahomaCity,49,43,46,57,207.0,107.0,205.0,195,0
Brooklyn,LALakers,59,60,60,57,228.0,117.5,224.0,236,1
Memphis,LAClippers,52,64,51,50,199.5,98.0,199.0,217,1
Sacramento,Detroit,55,46,58,48,195.5,96.0,197.0,207,1
NewOrleans,Chicago,36,40,45,45,199.5,96.5,203.0,186,0
Dallas,Minnesota,45,63,54,49,214.0,104.5,215.0,211,0
GoldenState,Denver,59,56,64,56,232.5,115.0,229.0,235,1
Atlanta,Cleveland,65,34,70,63,220.5,114.5,218.0,232,1
Miami,LAClippers,54,57,44,50,205.5,100.5,209.5,205,0
Washington,Toronto,49,59,52,43,213.5,103.5,218.0,203,0
Boston,Orlando,42,45,59,46,209.5,108.5,205.0,192,0
Utah,Houston,67,49,84,47,205.0,108.0,200.0,247,1
Phoenix,SanAntonio,48,58,47,54,211.5,109.0,214.0,207,0
Charlotte,Minnesota,56,63,57,30,218.0,106.5,216.5,206,0
OklahomaCity,Portland,48,48,49,57,211.5,104.5,206.5,202,0
Memphis,LALakers,51,65,42,51,206.5,103.5,205.5,209,1
Boston,Atlanta,51,57,49,60,204.0,106.5,206.0,217,1
Miami,GoldenState,43,44,45,45,223.0,108.5,226.0,177,0
Milwaukee,Cleveland,67,65,52,59,221.5,108.5,217.5,243,1
Dallas,Washington,70,47,49,46,213.5,106.5,213.5,212,0
Chicago,Toronto,55,55,69,54,201.0,97.5,198.5,233,1
Charlotte,NewYork,73,54,50,54,209.0,103.0,209.5,231,1
LAClippers,SanAntonio,58,49,61,59,204.0,102.0,201.0,227,1
Philadelphia,Utah,53,37,61,50,203.5,104.5,201.5,201,0
Brooklyn,Denver,49,54,63,50,230.0,117.5,233.0,216,0
Memphis,Portland,44,53,48,50,200.0,98.5,204.0,195,0
OklahomaCity,Sacramento,35,48,41,56,202.5,99.5,203.5,180,0
NewYork,Orlando,55,49,56,51,215.0,104.5,213.5,211,0
Indiana,Detroit,52,59,46,54,210.5,102.5,210.5,211,1
LALakers,Boston,49,64,55,35,214.5,106.5,208.0,203,0
Miami,Phoenix,63,60,57,61,216.5,107.0,215.5,241,1
Minnesota,GoldenState,44,57,70,55,227.5,111.5,230.5,226,0
LALakers,Washington,71,54,43,38,224.0,108.5,220.0,206,0
NewOrleans,Toronto,66,60,58,56,215.0,105.5,217.5,240,1
Cleveland,Houston,61,71,61,37,228.5,111.5,227.5,230,1
Philadelphia,Sacramento,52,69,44,52,208.0,109.5,204.5,217,1
OklahomaCity,Denver,50,54,46,46,215.5,107.0,213.5,196,0
Atlanta,Detroit,48,50,47,70,209.0,108.0,208.0,215,1
Charlotte,Boston,37,61,42,37,205.0,99.5,205.5,177,0
Indiana,Chicago,43,37,61,51,202.0,98.5,206.5,192,0
Milwaukee,SanAntonio,52,41,53,35,204.5,100.0,206.5,181,0
Orlando,Phoenix,68,59,53,60,227.0,111.0,226.0,240,1
Miami,Utah,47,39,28,44,194.0,95.0,196.5,158,0
LAClippers,OklahomaCity,61,57,62,51,210.0,102.5,209.5,231,1
Brooklyn,Portland,49,49,49,51,218.0,114.5,224.0,198,0
Atlanta,Washington,39,52,52,64,216.5,110.0,222.0,207,0
LAClippers,NewOrleans,57,64,49,44,218.0,106.0,213.5,214,1
Memphis,Houston,55,57,51,44,210.0,102.5,208.0,207,0
Cleveland,Dallas,52,49,56,58,214.5,104.5,217.5,215,0
LALakers,Milwaukee,41,59,44,44,217.0,104.0,214.0,188,0
Philadelphia,GoldenState,60,69,57,63,230.5,120.0,230.0,249,1
Chicago,SanAntonio,52,58,57,60,189.5,93.0,192.5,227,1
Orlando,Denver,62,55,58,57,216.5,105.5,222.0,232,1
Brooklyn,Utah,50,56,54,60,208.5,107.5,210.0,220,1
Minnesota,Phoenix,47,69,57,55,231.5,113.5,227.0,228,1
Toronto,Boston,48,45,60,36,201.5,98.5,199.5,189,0
Miami,Detroit,60,53,51,51,201.0,98.5,202.5,215,1
Houston,Indiana,53,61,44,55,226.5,109.5,220.5,213,0
Dallas,OklahomaCity,38,48,64,61,203.0,99.0,209.0,211,1
Sacramento,Washington,57,51,49,45,208.0,102.0,207.0,202,0
Cleveland,NewYork,47,42,48,68,221.0,108.5,220.5,205,0
Memphis,Milwaukee,63,62,36,52,199.5,98.0,200.5,213,1
Atlanta,NewOrleans,55,40,63,53,217.0,113.0,217.0,211,0
Minnesota,Utah,47,52,54,54,210.0,103.0,206.5,207,1
Philadelphia,LAClippers,64,44,48,58,224.0,115.5,218.5,214,0
Orlando,GoldenState,56,56,51,47,223.5,108.0,233.0,210,0
Boston,Brooklyn,51,53,47,60,209.5,108.5,211.5,211,0
Toronto,Houston,64,76,57,45,218.5,108.0,220.5,242,1
SanAntonio,Dallas,33,50,39,66,200.0,104.0,200.5,188,0
Washington,Miami,49,61,35,50,211.0,103.0,209.5,195,0
Utah,NewYork,57,53,49,48,202.0,105.5,202.5,207,1
Sacramento,Atlanta,40,59,54,53,205.5,101.0,205.0,206,1
SanAntonio,Minnesota,42,58,40,44,208.5,108.0,209.5,184,0
Toronto,NewOrleans,63,64,57,57,218.5,107.0,217.0,241,1
Indiana,Memphis,59,61,61,48,203.0,100.5,209.0,229,1
Detroit,Milwaukee,49,33,55,57,205.0,99.5,208.0,194,0
Orlando,Portland,57,41,48,47,213.5,105.5,212.0,193,0
Philadelphia,LALakers,55,57,55,57,221.0,113.5,219.5,224,1
GoldenState,Boston,46,43,47,44,219.0,108.0,217.5,180,0
Detroit,Indiana,55,50,47,55,211.5,103.5,211.5,207,0
Miami,Washington,43,36,44,56,205.5,100.0,208.5,179,0
NewYork,Toronto,48,42,52,49,217.0,104.5,218.5,191,0
LAClippers,Cleveland,51,61,47,51,223.0,109.0,224.0,231,1
Utah,Brooklyn,64,50,55,56,209.5,108.5,211.5,225,1
Charlotte,Chicago,53,67,55,68,198.5,99.5,196.5,243,1
Minnesota,Dallas,53,45,48,52,212.0,103.5,211.0,198,0
Portland,Sacramento,39,44,37,48,199.0,100.5,197.5,168,0
NewOrleans,Denver,56,64,66,74,222.0,108.5,216.0,260,1
Phoenix,LALakers,57,61,53,64,229.0,117.5,225.5,235,1
LAClippers,Charlotte,49,52,43,45,213.0,103.0,212.0,189,0
Utah,Orlando,55,56,53,46,208.0,108.0,211.5,210,0
GoldenState,Philadelphia,75,51,62,52,233.0,114.0,232.5,240,1
Boston,Atlanta,55,39,63,52,202.5,106.0,205.0,209,1
Houston,Memphis,58,51,40,39,214.0,105.0,212.0,188,0
Milwaukee,Dallas,57,43,43,47,203.5,99.5,205.0,190,0
Sacramento,Portland,41,53,49,49,194.5,96.5,199.0,192,0
Indiana,Miami,56,57,45,57,208.5,102.0,207.0,215,1
Washington,Toronto,56,59,40,36,208.5,102.5,214.0,191,0
GoldenState,Brooklyn,52,54,76,47,230.5,111.5,234.0,229,0
Detroit,Minnesota,46,56,49,46,208.5,102.5,208.5,197,0
Chicago,Phoenix,67,50,52,49,215.5,106.5,213.5,218,1
Denver,LALakers,58,60,65,53,223.0,108.0,220.0,236,1
Utah,Philadelphia,40,43,55,55,210.0,107.5,213.0,193,0
Cleveland,Detroit,59,60,44,41,216.0,105.0,215.5,204,0
Minnesota,Charlotte,50,57,57,56,211.5,104.0,214.0,220,1
Indiana,Orlando,65,40,45,52,220.0,107.0,222.5,202,0
LAClippers,NewYork,40,60,51,41,208.5,102.0,211.0,192,0
Portland,Memphis,47,54,42,49,197.0,102.0,193.0,192,0
Washington,Milwaukee,46,47,46,48,208.0,100.0,208.5,187,0
OklahomaCity,NewOrleans,57,65,51,48,213.5,105.0,214.5,221,1
Atlanta,SanAntonio,46,38,51,46,203.5,105.0,204.5,181,0
Boston,Dallas,56,46,44,46,200.0,104.0,196.5,212,1
Denver,Sacramento,44,50,57,61,210.5,102.5,208.0,212,1
Chicago,LALakers,50,48,49,50,212.0,105.5,209.0,197,0
Washington,Charlotte,51,63,58,56,208.0,102.5,210.5,253,1
Brooklyn,Cleveland,37,54,63,74,228.0,117.5,229.0,228,0
Portland,Philadelphia,40,47,40,55,210.5,110.5,211.0,182,0
LAClippers,Atlanta,59,66,47,47,209.0,103.0,210.5,219,1
Toronto,NewYork,60,47,51,50,210.0,104.0,213.0,208,0
Boston,Miami,43,52,47,60,195.5,103.0,195.0,202,1
Orlando,Minnesota,65,62,59,56,217.0,107.0,216.5,242,1
GoldenState,OklahomaCity,59,54,52,34,221.5,110.0,225.0,199,0
Denver,Houston,53,62,53,52,223.5,107.0,227.5,220,0
Dallas,Memphis,39,56,51,43,199.5,99.0,196.0,189,0
SanAntonio,NewOrleans,48,44,54,51,207.0,106.5,208.0,197,0
Chicago,Utah,49,52,55,34,195.5,97.0,196.5,190,0
Milwaukee,Phoenix,56,42,61,51,218.5,106.0,221.0,220,0
LALakers,Sacramento,50,45,48,72,205.0,100.0,209.0,215,1
Portland,Brooklyn,55,49,80,68,210.5,109.5,210.0,252,1
NewYork,Atlanta,63,63,49,45,206.5,102.0,209.5,220,1
Orlando,Boston,66,54,48,53,208.5,102.0,208.0,221,1
Detroit,OklahomaCity,54,54,42,47,201.5,98.0,204.0,197,0
Miami,Minnesota,52,54,45,55,207.5,101.0,207.5,206,0
Toronto,Indiana,54,56,51,50,217.0,105.0,216.5,211,0
Charlotte,Cleveland,55,56,54,34,217.0,106.5,220.5,199,0
Memphis,Denver,45,61,44,46,210.0,102.5,208.5,196,0
NewOrleans,Phoenix,54,60,42,50,225.5,110.0,230.0,206,0
Chicago,GoldenState,61,66,49,61,211.5,102.5,215.0,237,1
Orlando,Philadelphia,59,66,61,55,221.0,106.5,220.0,241,1
SanAntonio,Charlotte,29,40,61,62,201.0,104.0,202.0,192,0
Portland,Washington,57,36,63,57,201.5,105.0,201.5,213,1
Toronto,Atlanta,53,53,51,33,209.0,101.0,211.5,190,0
Boston,Indiana,59,40,53,54,204.5,106.0,207.0,206,0
NewYork,Houston,68,51,50,50,213.5,105.0,219.0,219,0
NewOrleans,GoldenState,48,58,53,46,227.5,111.0,229.5,205,0
OklahomaCity,Dallas,49,40,44,45,204.0,100.0,200.0,178,0
Milwaukee,Utah,61,60,59,49,197.0,96.0,199.5,229,1
LAClippers,Sacramento,56,52,39,45,202.5,99.5,205.0,192,0
Miami,Chicago,20,67,38,68,193.5,96.5,195.0,193,0
Phoenix,Minnesota,60,61,52,54,220.5,114.0,227.0,227,0
Brooklyn,Memphis,41,53,50,42,212.0,110.0,212.0,186,0
Orlando,Indiana,58,49,62,61,219.0,106.0,218.5,230,1
Cleveland,Philadelphia,51,47,61,45,224.0,108.0,225.0,204,0
Portland,NewYork,53,37,64,40,203.5,105.0,202.0,194,0
Detroit,Boston,54,63,55,54,199.0,99.5,198.5,226,1
Brooklyn,Houston,69,52,55,44,224.0,115.5,228.5,220,0
Dallas,SanAntonio,44,55,53,71,194.0,96.5,194.5,223,1
Sacramento,GoldenState,54,54,57,51,204.0,102.0,211.0,216,1
LALakers,LAClippers,66,56,54,59,217.0,107.0,215.0,235,1
Miami,Cleveland,59,65,43,38,209.5,102.0,210.0,205,0
Washington,Minnesota,53,41,45,42,209.0,99.0,212.5,181,0
Denver,Utah,50,47,45,41,205.5,99.0,207.5,183,0
Milwaukee,Sacramento,58,40,53,48,197.0,95.0,198.5,199,1
Washington,Philadelphia,46,52,51,82,211.0,101.0,213.0,231,1
Phoenix,Detroit,55,55,64,64,216.0,110.0,218.0,238,1
OklahomaCity,Orlando,56,60,51,62,212.5,104.5,211.0,229,1
Charlotte,Toronto,57,66,55,61,204.5,99.5,204.5,239,1
Indiana,Houston,49,54,57,55,224.5,109.0,224.5,215,0
Minnesota,NewOrleans,57,54,58,53,214.5,104.0,218.0,222,1
Memphis,SanAntonio,49,58,45,47,194.5,96.5,195.0,199,1
Brooklyn,Dallas,48,47,61,57,211.0,109.5,213.0,213,0
GoldenState,LALakers,50,54,64,50,228.5,113.0,225.0,250,1
Philadelphia,Boston,50,48,49,58,212.0,109.5,210.0,205,0
Cleveland,Atlanta,77,53,59,46,217.5,107.5,215.5,235,1
Chicago,Denver,69,61,53,38,209.5,104.5,208.5,221,1
Milwaukee,Portland,54,51,48,41,201.0,99.0,200.5,194,0
Utah,LAClippers,53,69,59,52,202.0,106.0,200.0,233,1
GoldenState,Orlando,75,66,52,52,228.5,113.0,230.0,245,1
Indiana,Toronto,59,64,60,52,217.5,107.0,215.5,235,1
Minnesota,OklahomaCity,75,43,46,54,208.5,102.0,211.0,218,1
SanAntonio,Memphis,42,43,42,47,192.5,100.5,193.5,174,0
Sacramento,Chicago,60,61,42,50,195.5,98.0,193.0,213,1
Charlotte,Miami,52,47,55,51,205.0,102.0,201.0,205,1
NewOrleans,Utah,56,42,66,58,205.0,100.5,207.5,222,1
Phoenix,Boston,53,61,54,59,217.0,112.0,215.0,227,1
LAClippers,Dallas,41,56,55,38,209.0,101.0,207.0,190,0
Atlanta,Brooklyn,47,52,57,60,217.0,113.0,220.0,216,0
Detroit,Philadelphia,57,53,50,51,213.0,105.0,214.5,211,0
Memphis,Cleveland,60,58,57,52,205.5,100.0,208.0,227,1
Sacramento,Milwaukee,58,57,49,49,199.5,98.5,198.0,213,1
LALakers,Denver,63,51,44,57,222.0,108.5,223.5,215,0
NewOrleans,Portland,59,58,63,59,211.0,104.5,209.0,239,1
Orlando,NewYork,61,44,49,51,212.0,103.5,212.5,205,0
GoldenState,Miami,69,53,54,42,221.5,109.0,218.5,218,0
LAClippers,Minnesota,58,57,39,64,214.0,102.5,213.5,218,1
SanAntonio,OklahomaCity,43,54,52,28,199.5,102.5,199.5,177,0
Houston,LALakers,54,53,51,55,224.5,108.5,225.0,213,0
NewYork,Indiana,50,56,54,52,211.0,101.5,210.0,212,1
Orlando,Charlotte,49,50,50,49,218.5,107.0,221.0,198,0
Phoenix,Philadelphia,56,51,61,48,227.0,116.0,227.5,216,0
Milwaukee,Boston,60,51,58,42,203.5,99.5,204.0,211,1
Brooklyn,Atlanta,65,42,46,47,221.5,114.5,217.5,200,0
Minnesota,Memphis,55,54,42,36,201.5,99.5,203.5,187,0
GoldenState,NewOrleans,59,59,61,61,228.0,112.0,227.0,240,1
Denver,Dallas,62,49,64,52,209.0,101.5,210.0,227,1
Detroit,SanAntonio,57,46,39,47,200.0,98.5,198.0,189,0
Washington,Utah,44,50,46,45,196.5,94.5,200.0,185,0
Phoenix,Toronto,59,42,75,63,224.5,116.0,224.5,239,1
Utah,OklahomaCity,47,39,62,46,199.0,104.0,198.0,194,0
Washington,Portland,46,42,57,53,202.0,100.0,203.0,198,0
Atlanta,Orlando,54,42,57,39,215.5,111.5,216.5,216,0
Chicago,Indiana,50,44,58,42,207.0,102.5,210.0,194,0
Sacramento,Cleveland,41,64,46,45,210.0,104.0,210.5,196,0
Memphis,NewYork,55,43,45,44,197.5,96.5,197.0,187,0
Dallas,Boston,50,54,39,44,201.0,100.0,204.5,187,0
Denver,NewOrleans,66,67,55,49,221.5,107.0,218.5,237,1
GoldenState,Charlotte,44,47,56,41,215.0,105.5,219.5,188,0
Detroit,Milwaukee,57,54,41,52,204.0,98.5,203.5,204,1
Miami,SanAntonio,62,53,53,54,197.5,97.5,197.5,222,1
Minnesota,LAClippers,51,60,57,52,210.5,102.0,215.0,220,1
LALakers,Philadelphia,57,49,43,62,221.0,111.0,221.0,211,0
Washington,Phoenix,54,55,60,39,213.0,104.5,215.5,208,0
OklahomaCity,Brooklyn,53,54,46,42,215.5,107.0,215.0,195,0
Houston,Utah,45,52,57,59,211.5,103.5,208.0,213,1
Chicago,Charlotte,56,48,50,58,202.5,99.5,202.0,230,1
Cleveland,Indiana,65,55,55,33,221.0,107.0,220.5,208,0
Denver,Orlando,39,58,54,41,218.0,106.5,218.0,192,0
GoldenState,Detroit,54,42,48,56,212.0,105.0,212.0,200,0
Sacramento,NewOrleans,49,51,59,45,208.0,101.5,211.0,225,1
Dallas,Milwaukee,47,56,52,56,201.0,98.5,202.0,211,1
Toronto,Memphis,59,60,66,38,201.0,99.5,201.0,223,1
Boston,SanAntonio,57,54,48,48,199.0,103.5,197.0,207,1
Washington,LAClippers,57,54,55,59,204.5,100.0,206.0,225,1
Miami,Brooklyn,50,53,44,43,212.5,104.5,212.5,190,0
LALakers,Charlotte,57,51,43,58,212.0,104.0,213.5,209,0
Orlando,Atlanta,54,57,65,51,208.5,101.0,211.5,227,1
Philadelphia,Cleveland,47,51,53,52,220.5,113.0,218.0,203,0
NewYork,Chicago,45,48,45,68,200.0,99.0,199.0,206,1
Utah,Milwaukee,48,45,56,68,197.0,102.5,199.0,217,1
SanAntonio,Phoenix,45,46,59,55,205.5,106.0,205.0,205,0
OklahomaCity,Memphis,53,50,30,51,197.0,95.5,196.5,203,1
Houston,Portland,68,56,58,59,217.5,107.5,211.0,241,1
Toronto,Sacramento,39,61,46,43,207.0,102.0,206.0,189,0
Boston,Detroit,50,31,51,40,201.0,103.5,201.0,172,0
Denver,Indiana,57,68,53,50,217.0,107.5,219.0,242,1
Dallas,Minnesota,47,48,45,49,208.0,102.5,207.0,189,0
Philadelphia,NewOrleans,58,63,61,73,218.0,111.0,223.5,255,1
Atlanta,NewYork,45,58,48,67,206.5,107.0,205.0,218,1
Boston,Chicago,57,41,43,52,193.5,101.0,200.5,193,0
Miami,Memphis,44,43,43,59,193.5,94.5,195.0,189,0
NewOrleans,Houston,76,78,45,54,227.5,112.0,226.5,253,1
Charlotte,OklahomaCity,60,44,62,53,207.0,102.0,206.0,219,1
Portland,GoldenState,55,52,61,47,216.5,111.5,213.0,215,1
Toronto,LAClippers,49,55,40,43,214.5,106.0,216.0,187,0
Atlanta,Cleveland,62,48,61,66,215.0,108.0,219.5,237,1
Denver,Detroit,44,45,51,47,211.0,104.5,208.5,187,0
LALakers,NewYork,54,47,54,43,211.0,104.5,211.0,222,1
Washington,Brooklyn,52,50,55,44,214.0,105.5,213.0,201,0
Philadelphia,Minnesota,47,52,51,50,215.0,111.5,216.5,230,1
SanAntonio,Dallas,53,37,46,48,200.0,105.0,198.0,184,0
Phoenix,Sacramento,44,56,48,43,210.0,108.5,209.0,191,0
LAClippers,Orlando,37,48,57,59,210.0,102.5,212.5,201,0
Memphis,Washington,34,36,47,63,199.5,96.5,199.5,180,0
OklahomaCity,Indiana,49,48,45,53,213.5,105.0,213.0,195,0
Portland,Miami,54,56,39,48,204.5,106.0,201.0,197,0
Utah,Chicago,54,43,54,52,196.5,102.5,197.0,203,1
Milwaukee,NewOrleans,69,56,47,51,217.5,106.5,218.5,223,1
Toronto,Phoenix,68,42,61,53,220.5,108.5,216.5,224,1
Charlotte,Houston,61,51,48,44,220.0,108.0,220.0,204,0
Detroit,Atlanta,61,44,44,47,206.0,99.5,207.0,196,0
LALakers,Cleveland,50,73,57,53,220.5,108.5,219.0,233,1
Sacramento,Minnesota,54,65,47,49,202.0,99.5,204.0,215,1
Dallas,GoldenState,52,44,57,56,209.5,104.5,212.5,209,0
Detroit,Indiana,46,60,54,42,207.5,101.0,209.0,202,0
Miami,Charlotte,43,57,50,52,203.5,100.0,204.5,202,0
LAClippers,Washington,43,48,48,52,208.5,102.5,208.5,191,0
OklahomaCity,Philadelphia,51,51,56,30,213.5,105.5,212.0,236,1
Utah,Boston,47,38,61,56,197.0,103.0,198.0,202,1
Brooklyn,Toronto,50,52,53,52,218.5,112.0,218.0,207,0
Chicago,Milwaukee,63,54,47,60,205.0,100.0,204.0,224,1
Atlanta,Memphis,38,49,58,45,198.0,103.5,200.0,190,0
SanAntonio,Houston,47,56,61,69,213.5,111.0,213.5,233,1
Portland,Charlotte,44,42,55,43,204.0,105.5,204.5,184,0
Utah,Cleveland,47,52,54,56,212.0,110.5,210.0,209,0
OklahomaCity,NewYork,49,45,59,54,202.0,98.0,203.5,207,1
LAClippers,Miami,41,45,48,41,205.5,100.5,205.5,175,0
Phoenix,Minnesota,47,45,66,56,218.0,111.5,219.5,214,0
Milwaukee,Houston,53,57,53,63,221.5,108.5,219.5,226,1
Dallas,SanAntonio,49,47,55,43,198.0,98.0,197.0,194,0
Boston,Memphis,43,45,56,51,194.5,100.5,194.5,195,1
Sacramento,Toronto,65,59,36,41,203.0,100.0,206.0,201,0
Orlando,Detroit,59,44,72,49,204.0,100.5,200.0,224,1
Indiana,Brooklyn,57,50,45,54,220.0,108.5,217.0,206,0
Cleveland,Washington,50,70,46,39,216.0,105.5,213.0,205,0
NewYork,Charlotte,52,50,50,48,205.5,101.5,202.5,200,0
Boston,Indiana,59,50,54,60,205.5,108.0,206.5,223,1
Miami,Atlanta,59,56,48,51,201.5,99.0,202.5,214,1
Philadelphia,Chicago,55,71,50,56,210.5,109.0,209.5,232,1
Utah,Houston,51,50,62,56,217.0,113.0,213.5,219,1
Portland,Minnesota,48,57,56,54,207.5,109.5,204.0,215,1
Phoenix,Dallas,47,52,44,45,209.0,109.0,208.0,188,0
LAClippers,SanAntonio,48,58,49,45,199.5,97.5,203.0,200,0
GoldenState,LALakers,56,54,55,39,218.5,108.0,219.0,230,1
NewOrleans,Washington,55,61,47,59,217.0,106.5,218.0,222,1
Sacramento,Philadelphia,57,48,44,47,207.5,101.5,207.0,196,0
Cleveland,Milwaukee,64,63,54,54,215.0,106.0,217.0,235,1
Toronto,Charlotte,48,62,68,62,211.5,104.5,210.5,240,1
Sacramento,Brooklyn,56,56,49,42,206.0,102.0,207.0,203,0
Indiana,Atlanta,55,49,45,51,213.0,103.5,213.5,200,0
Miami,Boston,39,41,41,58,200.0,96.0,201.0,179,0
Utah,OklahomaCity,34,56,57,39,197.0,102.0,199.5,186,0
LALakers,Houston,59,63,61,55,225.5,111.5,223.5,238,1
Orlando,Chicago,55,52,49,50,210.5,102.5,210.0,206,0
Detroit,Dallas,47,71,37,48,197.0,96.5,196.0,203,1
Memphis,GoldenState,52,55,32,42,204.5,101.0,207.0,181,0
Phoenix,LAClippers,38,50,59,56,215.5,110.0,211.0,203,0
Toronto,Philadelphia,61,56,57,49,217.5,107.0,216.0,223,1
Chicago,Cleveland,56,58,47,66,216.0,105.0,213.0,227,1
Boston,NewYork,40,44,52,59,203.5,105.5,201.0,195,0
SanAntonio,Utah,41,47,54,47,195.0,101.5,198.0,189,0
NewYork,Detroit,46,50,53,56,202.5,98.5,201.0,205,1
NewOrleans,Orlando,52,58,50,48,218.0,106.0,220.0,208,0
Washington,Brooklyn,49,47,53,54,215.5,105.0,211.0,203,0
Atlanta,OklahomaCity,56,58,49,74,204.0,105.0,205.0,237,1
LAClippers,Houston,56,61,55,74,221.0,105.0,218.0,246,1
Charlotte,Milwaukee,49,62,57,45,209.0,101.5,210.0,213,1
Denver,Portland,50,43,53,41,203.0,100.0,202.5,187,0
LALakers,GoldenState,51,54,51,63,216.0,104.5,216.5,219,1
Philadelphia,Toronto,54,47,43,44,218.0,111.5,219.0,188,0
Orlando,Washington,66,54,63,50,211.5,103.0,208.5,233,1
Brooklyn,Indiana,49,49,63,61,215.5,112.0,215.0,242,1
Milwaukee,Charlotte,47,60,59,51,207.5,102.5,210.5,217,1
Chicago,Boston,64,54,56,35,204.5,101.5,207.0,209,1
NewOrleans,Miami,55,54,43,51,209.0,101.5,209.5,203,0
Denver,GoldenState,42,52,41,42,216.5,107.5,219.5,177,0
Minnesota,Phoenix,57,50,59,55,217.0,105.0,215.0,221,1
SanAntonio,Sacramento,66,45,49,47,196.0,101.0,195.0,207,1
Cleveland,GoldenState,52,38,48,53,216.0,105.0,221.0,191,0
Washington,Boston,54,48,54,58,208.5,105.0,204.5,214,1
Houston,OklahomaCity,59,56,61,43,219.5,108.5,216.5,219,1
Minnesota,LALakers,49,56,58,62,216.0,106.0,214.5,225,1
Toronto,Dallas,54,56,52,29,209.5,103.5,207.0,191,0
Indiana,Detroit,59,44,45,42,207.5,101.5,208.5,190,0
Orlando,Miami,39,53,44,60,204.5,99.5,208.0,196,0
Chicago,Milwaukee,53,56,57,55,211.5,103.0,211.0,221,1
Brooklyn,SanAntonio,35,59,55,57,207.0,107.5,208.5,206,0
Utah,Denver,48,36,51,55,204.0,105.5,205.5,190,0
Sacramento,LAClippers,60,64,44,49,205.5,101.0,204.5,217,1
Boston,Charlotte,44,60,47,42,206.5,106.5,206.0,193,0
Dallas,Indiana,51,56,38,47,202.5,100.0,206.5,192,0
Washington,Atlanta,58,54,42,58,214.0,105.0,211.5,212,1
Brooklyn,NewOrleans,54,61,51,75,222.5,113.0,220.5,241,1
Toronto,OklahomaCity,70,59,61,41,209.5,101.5,211.0,231,1
Denver,Minnesota,58,71,41,58,211.5,103.5,214.5,253,1
Cleveland,Sacramento,55,62,48,39,208.0,102.5,207.5,204,0
Memphis,LALakers,42,59,51,56,202.0,99.0,198.5,208,1
Utah,GoldenState,47,48,64,68,203.5,106.0,205.5,227,1
Detroit,Orlando,61,39,50,41,205.5,102.0,201.5,191,0
Houston,Boston,44,56,47,50,216.0,105.5,215.5,197,0
Minnesota,Milwaukee,42,60,57,39,212.0,103.5,214.0,198,0
NewYork,SanAntonio,56,51,58,61,199.0,98.0,201.0,226,1
Philadelphia,Portland,57,46,54,67,207.0,107.0,208.0,224,1
Houston,Washington,50,57,58,59,223.5,109.5,220.5,224,1
Atlanta,Toronto,52,57,48,52,218.0,112.5,215.0,209,0
Indiana,Chicago,64,52,47,63,206.5,101.0,209.0,226,1
Milwaukee,OklahomaCity,56,46,38,52,208.5,101.5,210.5,192,0
Dallas,NewOrleans,57,80,73,38,213.0,104.0,211.0,248,1
Brooklyn,Miami,44,54,57,43,204.0,105.0,206.0,198,0
Phoenix,Sacramento,60,41,70,41,210.5,109.5,209.0,212,1
LAClippers,LALakers,57,53,57,60,218.0,106.5,214.5,227,1
Charlotte,GoldenState,61,45,48,57,211.5,104.5,212.5,211,0
NewYork,NewOrleans,49,52,56,51,216.5,106.0,215.0,208,0
Miami,Orlando,53,63,62,50,206.0,101.5,205.0,228,1
SanAntonio,Detroit,37,38,45,52,197.5,103.0,195.5,172,0
Portland,Atlanta,47,51,43,52,204.0,105.0,206.5,193,0
Memphis,GoldenState,78,67,69,55,206.5,101.5,205.5,269,1
Philadelphia,Denver,60,59,44,46,213.0,109.5,216.0,209,0
Chicago,Washington,68,54,50,52,211.0,104.0,212.0,224,1
Minnesota,Indiana,36,51,58,52,208.5,101.5,209.5,197,0
Brooklyn,Boston,66,54,38,55,209.5,108.5,210.0,213,1
Dallas,OklahomaCity,67,53,49,60,204.0,99.0,202.0,229,1
Memphis,Sacramento,58,52,43,57,192.0,95.0,194.0,210,1
LALakers,Houston,81,56,54,53,226.5,113.0,227.5,290,1
Charlotte,LAClippers,51,43,47,63,211.0,103.5,213.0,204,0
Philadelphia,Phoenix,70,42,69,52,221.0,113.0,220.0,233,1
Milwaukee,Toronto,65,51,56,56,213.0,104.0,214.0,258,1
LALakers,Minnesota,48,60,59,43,214.0,103.0,218.0,210,0
Portland,Chicago,54,51,65,54,202.0,104.0,207.5,244,1
Portland,Cleveland,56,53,69,59,216.0,112.0,210.5,237,1
SanAntonio,NewYork,54,47,47,43,200.0,103.5,198.5,191,0
Charlotte,Sacramento,57,67,57,61,205.0,100.0,205.0,242,1
Memphis,LAClippers,65,64,41,48,206.5,102.0,204.0,218,1
NewYork,Washington,65,62,40,57,213.5,104.5,209.5,224,1
SanAntonio,Philadelphia,49,60,63,46,207.5,107.0,204.0,218,1
Houston,Orlando,37,59,59,59,217.0,104.5,220.0,214,0
Minnesota,Brooklyn,46,45,53,51,211.0,103.0,214.5,195,0
Detroit,Miami,53,55,54,53,198.5,98.0,194.5,215,1
Indiana,Milwaukee,60,54,55,54,209.0,101.5,208.0,223,1
Toronto,Chicago,52,63,65,59,216.5,106.5,217.0,239,1
Cleveland,Boston,53,49,47,41,212.5,103.5,213.0,190,0
GoldenState,Dallas,61,67,52,67,220.5,108.0,215.0,247,1
Phoenix,Denver,60,68,55,62,218.5,114.5,218.0,245,1
NewOrleans,Utah,55,58,40,53,212.0,105.5,208.5,206,0
OklahomaCity,LALakers,52,55,59,63,214.5,105.0,213.0,229,1
GoldenState,Houston,70,55,58,55,231.5,113.0,226.0,238,1
OklahomaCity,LAClippers,63,65,63,53,212.5,105.0,213.0,244,1
NewYork,Miami,51,45,50,48,201.5,98.5,200.5,210,1
Detroit,Philadelphia,47,47,64,34,210.5,102.5,209.0,192,0
Chicago,Dallas,62,48,58,83,210.5,103.5,214.0,251,1
Phoenix,SanAntonio,52,39,61,40,209.5,106.5,211.5,192,0
Utah,Denver,49,46,54,41,208.5,108.5,205.0,190,0
Washington,Memphis,57,51,51,43,205.0,100.0,206.5,202,0
Atlanta,Portland,52,46,52,49,208.0,106.5,208.0,199,0
Charlotte,LALakers,52,59,58,33,216.5,108.0,215.5,202,0
GoldenState,LAClippers,59,60,60,47,225.0,109.0,226.0,226,0
Boston,Brooklyn,38,42,45,47,205.0,108.0,208.0,172,0
Chicago,Indiana,57,44,67,43,212.0,101.5,214.5,211,0
Cleveland,Orlando,61,70,63,64,221.0,108.0,221.0,258,1
Houston,Detroit,68,47,50,44,211.5,105.0,213.0,209,0
Milwaukee,Washington,56,50,61,46,213.5,103.5,214.5,213,0
NewOrleans,Minnesota,60,57,52,45,218.0,106.5,218.0,214,0
Denver,Sacramento,56,31,63,54,206.0,101.0,207.0,204,0
Utah,Miami,49,47,53,56,196.0,101.0,197.0,205,1
NewYork,Dallas,58,50,38,50,203.5,100.5,207.0,196,0
OklahomaCity,Phoenix,51,64,57,42,222.0,109.5,219.0,214,0
SanAntonio,Portland,54,47,59,61,195.5,101.5,198.0,221,1
Atlanta,LALakers,56,58,62,69,216.0,111.0,216.5,245,1
Milwaukee,Indiana,53,49,51,52,215.5,104.0,214.0,205,0
Toronto,Brooklyn,45,44,60,65,217.5,106.0,217.0,227,1
Cleveland,Minnesota,50,61,58,57,223.0,107.5,219.0,226,1
Houston,Chicago,57,58,48,60,220.0,107.5,222.0,223,1
Detroit,NewOrleans,71,44,55,51,211.0,104.0,213.0,221,1
SanAntonio,Sacramento,46,56,47,58,199.5,103.0,198.5,207,1
Atlanta,LAClippers,57,48,52,58,214.5,110.5,212.5,215,1
Denver,GoldenState,65,56,53,64,227.5,111.5,225.0,238,1
Miami,Toronto,43,49,44,43,204.5,101.0,208.0,179,0
Portland,OklahomaCity,50,54,60,59,204.5,106.0,204.5,223,1
Orlando,Dallas,44,47,66,56,215.5,104.5,212.5,213,1
Sacramento,LALakers,58,47,53,27,213.5,104.5,212.5,185,0
Miami,Indiana,64,41,57,58,202.5,98.5,207.0,220,1
Utah,Washington,57,39,64,51,208.5,109.0,204.5,211,1
Dallas,Charlotte,48,63,49,66,210.0,104.5,208.0,226,1
Detroit,Brooklyn,60,44,47,43,206.0,100.5,204.0,194,0
Chicago,NewYork,51,49,60,50,208.0,102.0,208.0,241,1
Orlando,Milwaukee,59,40,59,55,218.5,106.0,217.5,213,0
Portland,Houston,44,56,63,70,217.0,112.0,214.0,233,1
OklahomaCity,Minnesota,46,48,47,51,212.5,104.5,209.5,192,0
Atlanta,Denver,50,50,60,47,216.0,112.5,215.5,207,0
LAClippers,GoldenState,67,53,67,44,219.0,107.0,227.0,231,1
Cleveland,Toronto,54,51,67,60,221.0,109.0,218.5,232,1
LAClippers,Sacramento,50,82,57,47,212.5,105.0,209.0,236,1
SanAntonio,LALakers,35,52,43,44,211.5,110.5,209.5,174,0
Boston,Philadelphia,51,54,59,53,211.5,109.5,205.5,217,1
Cleveland,Indiana,46,56,48,42,221.5,108.0,223.0,192,0
Utah,Charlotte,50,48,48,41,206.5,107.0,207.5,187,0
Orlando,Washington,67,61,68,48,218.0,106.0,217.0,244,1
Brooklyn,Atlanta,50,53,45,67,211.0,110.0,211.0,215,1
NewYork,Minnesota,51,61,61,53,209.5,103.0,209.0,226,1
Portland,NewOrleans,56,66,52,58,219.5,114.0,218.0,232,1
GoldenState,Milwaukee,63,49,50,40,221.5,108.0,222.0,202,0
Memphis,Denver,42,48,37,38,203.5,97.0,208.5,165,0
Houston,Phoenix,50,51,57,49,231.5,113.0,227.5,207,0
LALakers,Dallas,51,47,45,47,213.5,104.0,215.5,208,0
Sacramento,LAClippers,47,62,50,72,216.5,105.0,215.5,231,1
OklahomaCity,Charlotte,59,55,35,43,211.5,104.5,211.5,192,0
Brooklyn,Washington,51,47,59,57,215.0,111.0,215.0,232,1
GoldenState,Toronto,78,57,62,55,227.0,111.5,224.5,252,1
Detroit,Chicago,67,54,50,41,209.5,102.0,207.0,212,1
Denver,SanAntonio,48,52,51,41,208.0,100.5,206.5,192,0
Milwaukee,Miami,44,40,46,46,204.5,100.0,205.0,176,0
NewOrleans,NewYork,42,63,73,40,218.0,107.0,217.0,241,1
Indiana,Phoenix,46,62,54,55,219.5,108.5,218.0,217,0
Portland,Minnesota,64,36,65,58,213.5,109.5,212.5,223,1
Charlotte,Detroit,54,52,58,61,203.0,99.5,203.5,225,1
Milwaukee,Washington,58,46,46,49,212.5,105.0,214.0,199,0
SanAntonio,Atlanta,44,48,53,56,202.0,105.0,205.5,201,0
Miami,Chicago,57,46,53,74,206.5,100.5,206.5,230,1
LALakers,Memphis,61,49,64,63,204.0,100.0,203.0,237,1
GoldenState,Cleveland,72,49,63,42,234.0,115.0,230.0,226,0
Sacramento,OklahomaCity,44,54,47,38,209.0,102.0,209.5,183,0
Indiana,Utah,52,53,45,53,207.5,102.0,205.5,203,0
Houston,LAClippers,61,54,61,39,229.0,114.0,229.5,215,0
Minnesota,Orlando,50,45,53,62,218.0,106.5,216.0,210,0
NewOrleans,Boston,57,49,61,41,214.0,104.0,213.0,229,1
Dallas,Denver,57,52,46,52,210.5,103.5,212.0,207,0
Phoenix,Portland,67,50,47,65,216.5,112.0,219.0,229,1
Washington,Charlotte,74,64,43,61,215.5,107.0,211.5,242,1
Detroit,Toronto,49,56,41,41,212.0,104.5,214.0,187,0
SanAntonio,Brooklyn,57,40,43,55,204.0,107.0,205.0,195,0
NewOrleans,Atlanta,57,48,36,46,218.5,106.0,220.0,187,0
Miami,Milwaukee,55,54,48,50,202.5,100.5,201.5,207,1
NewYork,Memphis,63,51,47,43,202.5,100.5,201.0,204,1
GoldenState,Chicago,78,51,44,58,232.5,115.5,230.0,231,1
LALakers,OklahomaCity,58,56,51,39,216.0,104.0,215.5,204,0
Utah,Sacramento,44,50,67,64,203.5,105.0,201.5,225,1
Denver,LAClippers,56,53,52,52,219.0,107.5,221.0,213,0
Orlando,Cleveland,56,58,50,43,227.0,108.5,222.0,207,0
Philadelphia,Boston,40,31,53,45,204.0,104.0,211.0,169,0
Minnesota,Houston,43,70,46,55,224.0,110.5,222.5,214,0
Indiana,Portland,57,42,49,38,214.0,104.5,213.5,186,0
SanAntonio,Toronto,35,46,42,46,203.5,105.5,207.0,169,0
Miami,Brooklyn,45,51,40,60,206.5,102.0,205.5,196,0
Sacramento,Memphis,47,33,46,68,202.0,97.5,202.0,194,0
Phoenix,Denver,60,50,48,50,219.5,114.0,218.0,208,0
NewYork,Utah,47,57,59,69,201.0,99.0,203.5,232,1
Indiana,LALakers,43,43,54,45,213.5,104.0,214.0,185,0
OklahomaCity,Cleveland,67,69,72,64,219.5,109.0,222.0,272,1
Memphis,NewOrleans,52,51,61,51,209.5,102.5,211.0,215,1
Miami,Charlotte,58,47,51,55,200.5,100.0,205.0,211,1
Milwaukee,Philadelphia,66,50,48,46,208.5,104.0,213.0,210,0
GoldenState,Houston,68,55,60,41,238.5,117.0,234.0,224,0
LAClippers,Utah,68,67,56,47,212.5,105.5,211.5,238,1
Toronto,Minnesota,54,62,54,54,212.5,105.5,215.5,224,1
Dallas,Portland,53,54,63,55,210.0,102.5,209.0,225,1
Orlando,Boston,57,60,44,37,209.5,103.5,208.0,198,0
NewYork,LALakers,59,71,56,48,214.5,105.0,213.5,234,1
Brooklyn,Detroit,50,51,44,56,209.0,109.5,207.5,201,0
Indiana,SanAntonio,45,44,41,50,200.5,99.0,199.5,180,0
Sacramento,Charlotte,68,54,45,52,212.0,104.5,209.0,219,1
Utah,Atlanta,39,44,54,57,204.5,105.5,205.0,194,0
Chicago,NewOrleans,46,56,60,66,226.0,110.5,224.5,260,1
Miami,Houston,58,38,43,50,213.0,105.5,214.5,189,0
Phoenix,Milwaukee,56,50,49,59,215.0,111.5,211.5,214,1
Washington,Dallas,44,46,35,48,212.0,103.5,214.0,173,0
Portland,Denver,39,55,60,51,210.5,109.0,212.0,205,0
Minnesota,LAClippers,56,62,64,62,220.0,108.5,219.5,244,1
Sacramento,Orlando,55,50,54,45,211.0,104.5,213.0,204,0
Cleveland,SanAntonio,54,64,52,46,210.0,103.5,207.5,216,1
Brooklyn,OklahomaCity,56,50,53,58,210.5,109.5,213.5,217,1
NewYork,GoldenState,52,66,63,54,227.0,111.0,226.5,235,1
Boston,LALakers,36,62,52,65,206.0,105.5,207.0,215,1
Chicago,Philadelphia,41,55,56,64,217.0,106.5,219.5,216,0
NewOrleans,Charlotte,53,56,40,48,223.0,109.5,222.5,197,0
Utah,Detroit,48,44,37,49,199.5,103.0,201.0,193,0
Phoenix,Indiana,50,57,57,53,213.5,111.0,216.0,217,1
Toronto,Atlanta,44,54,52,51,214.0,104.0,214.0,201,0
Houston,Dallas,66,30,56,49,217.0,106.0,217.0,201,0
Minnesota,Portland,54,54,73,56,211.0,105.0,214.0,237,1
Boston,LAClippers,47,70,51,47,214.0,111.0,214.5,215,1
Sacramento,Miami,36,58,49,34,201.0,97.5,201.5,177,0
Washington,OklahomaCity,45,49,62,77,214.0,104.5,212.5,233,1
NewYork,Denver,67,66,58,57,211.5,105.0,214.0,248,1
Minnesota,GoldenState,67,69,63,40,229.5,113.0,227.0,239,1
Atlanta,Charlotte,56,57,63,55,212.0,110.0,209.0,231,1
Indiana,Cleveland,69,64,44,46,223.0,108.5,222.0,223,1
Utah,Toronto,54,39,51,46,209.0,108.0,207.0,190,0
Houston,NewOrleans,59,60,51,58,228.0,111.5,229.5,228,0
Brooklyn,Milwaukee,48,45,60,54,212.5,108.5,213.5,207,0
LALakers,Chicago,57,62,37,55,222.5,109.0,218.0,211,0
Philadelphia,SanAntonio,38,43,61,33,199.5,102.0,205.0,175,0
Portland,Dallas,42,54,47,57,208.5,107.0,208.5,200,0
NewYork,Phoenix,56,46,46,44,220.0,107.0,221.0,192,0
OklahomaCity,Detroit,60,66,53,50,206.5,101.5,206.0,229,1
Orlando,Indiana,54,69,53,50,213.5,105.5,213.5,226,1
Washington,Atlanta,45,61,57,70,211.0,101.5,210.5,233,1
Boston,GoldenState,64,40,49,61,219.5,113.5,222.5,214,0
Brooklyn,Minnesota,41,55,47,65,215.5,111.0,216.5,208,0
Dallas,Denver,56,36,48,40,209.0,101.0,207.5,180,0
Phoenix,Houston,52,61,56,46,225.5,117.0,227.0,215,0
LALakers,Toronto,49,59,60,66,217.5,107.0,218.0,234,1
Detroit,Cleveland,61,58,58,48,219.0,107.5,215.5,225,1
Philadelphia,OklahomaCity,60,55,60,59,215.0,106.0,213.0,234,1
Sacramento,SanAntonio,51,48,49,63,198.0,97.5,192.5,211,1
Charlotte,Indiana,46,57,56,42,211.0,104.5,215.0,201,0
Minnesota,Atlanta,59,54,42,50,213.0,104.5,215.5,205,0
Phoenix,Memphis,48,63,53,65,206.0,106.0,207.0,229,1
Philadelphia,Milwaukee,58,50,50,44,208.5,103.0,211.0,202,0
Miami,Dallas,48,49,39,47,196.0,96.5,196.0,183,0
Boston,Denver,53,48,61,59,206.0,106.0,203.5,221,1
OklahomaCity,Washington,55,52,44,47,216.0,107.0,219.5,198,0
Brooklyn,NewYork,52,50,53,51,214.5,110.5,216.0,206,0
Minnesota,Toronto,46,62,50,55,218.5,108.5,218.0,213,0
Cleveland,Detroit,60,62,51,66,219.5,107.5,218.5,239,1
Orlando,Houston,57,52,69,43,220.0,107.0,222.0,221,0
Sacramento,NewOrleans,54,69,52,42,216.0,106.5,214.0,217,1
Denver,SanAntonio,60,55,46,49,203.0,99.5,201.0,210,1
GoldenState,Utah,65,60,63,40,215.5,107.5,217.5,228,1
Portland,LAClippers,57,50,46,47,221.5,115.0,220.0,200,0
Memphis,Indiana,46,62,51,47,200.5,98.5,205.0,206,1
LALakers,Orlando,54,55,73,50,216.0,107.0,216.5,232,1
Philadelphia,Brooklyn,64,65,50,45,213.0,106.0,211.0,224,1
Miami,Cleveland,48,50,46,36,217.5,107.0,213.0,180,0
Charlotte,Atlanta,63,53,65,52,210.5,103.5,211.0,233,1
NewYork,Boston,51,44,51,30,201.5,99.0,208.0,176,0
Chicago,Portland,62,49,66,55,211.5,103.5,214.0,232,1
Dallas,Phoenix,53,50,39,48,211.5,104.5,209.0,190,0
Memphis,Detroit,52,50,56,48,201.5,99.5,203.0,206,1
Milwaukee,Minnesota,40,59,41,57,208.5,101.0,212.5,197,0
OklahomaCity,Denver,73,56,64,58,218.5,106.5,212.0,251,1
Indiana,Charlotte,86,42,59,72,210.0,103.0,211.0,259,1
Atlanta,Boston,58,50,61,60,199.5,103.0,203.5,229,1
Portland,Toronto,55,71,55,54,215.5,112.0,214.5,235,1
LALakers,Brooklyn,50,66,54,31,217.5,107.5,216.5,201,0
Miami,Philadelphia,47,45,54,54,203.0,99.5,201.5,200,0
NewYork,Milwaukee,57,53,38,34,209.0,103.0,208.0,182,0
Utah,Phoenix,51,51,65,59,210.5,109.0,210.5,226,1
NewOrleans,OklahomaCity,54,58,61,41,224.5,109.0,220.0,214,0
GoldenState,Sacramento,56,54,49,64,224.5,110.5,221.0,223,1
Chicago,LAClippers,39,70,59,48,221.0,108.0,221.0,216,0
Philadelphia,Indiana,60,59,32,41,210.5,104.5,211.5,192,0
Miami,Detroit,53,51,49,65,200.5,99.0,197.0,218,1
Houston,Cleveland,52,52,62,42,231.5,112.5,230.0,208,0
NewOrleans,Minnesota,66,53,57,49,222.5,108.0,220.5,225,1
Utah,SanAntonio,57,53,55,66,195.5,104.0,195.0,231,1
GoldenState,Denver,61,50,49,63,231.5,113.0,229.0,223,0
Dallas,Sacramento,55,55,56,39,201.5,98.5,202.0,205,1
Atlanta,NewYork,43,39,58,55,210.5,108.5,211.0,195,0
Milwaukee,Brooklyn,58,45,52,48,207.5,102.0,208.5,203,0
Memphis,Toronto,49,51,50,37,209.0,101.5,208.0,187,0
Portland,Boston,45,47,50,51,200.0,103.0,202.0,193,0
LALakers,OklahomaCity,47,53,61,51,220.0,109.0,218.5,212,0
Charlotte,Phoenix,56,51,73,45,220.0,108.0,219.0,225,1
Portland,Detroit,42,50,54,56,210.0,109.5,210.5,202,0
Washington,Indiana,51,56,53,53,211.0,103.0,212.5,213,1
Orlando,Miami,61,58,61,40,205.5,102.0,205.5,220,1
Charlotte,Denver,61,64,56,44,217.0,106.5,218.5,225,1
Chicago,Sacramento,37,59,60,46,211.5,104.5,211.0,202,0
Dallas,LAClippers,60,53,47,45,214.5,105.5,212.5,205,0
Cleveland,Orlando,74,44,63,33,227.0,111.0,221.0,214,0
Houston,Brooklyn,69,59,54,54,218.0,106.5,218.0,236,1
Milwaukee,NewYork,51,45,43,53,208.5,102.0,205.0,192,0
Memphis,Atlanta,37,49,47,57,203.5,98.0,204.5,190,0
Boston,Toronto,40,55,48,59,208.5,108.0,206.5,202,0
Phoenix,LALakers,61,53,53,38,217.5,112.0,217.5,205,0
OklahomaCity,GoldenState,72,55,49,54,231.0,115.0,229.0,230,1
Brooklyn,Detroit,47,56,49,69,211.5,108.5,208.0,221,1
Houston,Miami,59,59,45,47,207.5,101.5,210.5,210,0
Utah,Memphis,37,46,48,49,198.5,102.5,201.0,180,0
SanAntonio,Phoenix,37,63,47,63,202.5,103.5,203.0,210,1
Atlanta,Orlando,49,29,61,59,210.0,108.5,214.0,198,0
NewYork,Toronto,41,52,55,53,213.5,103.0,209.0,201,0
Boston,Washington,53,47,45,51,204.0,106.0,205.0,214,1
Charlotte,Portland,47,47,50,50,212.5,103.5,214.0,212,0
OklahomaCity,LALakers,57,41,51,38,212.0,103.0,215.0,187,0
Dallas,GoldenState,56,64,58,46,221.5,109.5,221.0,224,1
NewOrleans,Philadelphia,46,51,39,46,222.0,106.0,221.5,182,0
LAClippers,Detroit,61,47,49,46,221.0,108.0,217.0,203,0
Cleveland,Atlanta,58,59,62,51,212.5,103.5,216.5,230,1
Indiana,Boston,46,51,51,40,203.5,99.5,204.5,188,0
Milwaukee,Miami,42,46,38,50,198.5,97.0,198.5,176,0
Minnesota,Chicago,57,66,52,52,216.0,105.5,215.5,227,1
Denver,Houston,58,51,58,67,223.0,107.5,222.0,234,1
Portland,Sacramento,64,50,52,52,206.5,106.5,208.5,218,1
NewOrleans,Brooklyn,56,68,61,47,220.5,107.0,221.0,266,1
Milwaukee,Orlando,53,51,48,63,208.5,102.0,207.0,215,1
LAClippers,Philadelphia,65,59,39,47,218.0,106.0,217.5,210,0
Washington,Chicago,52,50,50,39,213.0,103.5,214.0,191,0
SanAntonio,GoldenState,64,49,53,61,218.5,112.5,216.5,227,1
LALakers,Dallas,70,61,64,58,213.5,106.0,213.0,253,1
Denver,Phoenix,51,71,61,53,222.0,110.0,219.5,236,1
Toronto,Charlotte,56,61,47,62,218.0,107.5,214.5,226,1
Cleveland,Boston,63,53,53,51,212.5,105.0,212.0,220,1
Detroit,Atlanta,51,60,51,71,208.5,103.5,210.0,233,1
NewYork,Indiana,73,57,48,56,210.0,103.5,208.0,234,1
Sacramento,Minnesota,52,58,45,62,210.0,103.0,212.0,217,1
Memphis,OklahomaCity,53,75,47,27,199.5,99.0,205.5,202,0
Dallas,Houston,46,66,50,39,214.5,106.0,216.5,201,0
Utah,Portland,45,42,57,67,206.0,106.0,204.5,211,1
NewYork,Philadelphia,52,60,53,35,209.0,103.5,208.0,200,0
NewOrleans,Detroit,63,49,63,46,221.5,107.5,219.0,221,1
LAClippers,Brooklyn,56,61,40,58,221.5,107.5,218.0,215,0
Orlando,Chicago,57,47,44,58,212.0,103.5,214.0,206,0
SanAntonio,Utah,47,55,44,54,197.5,103.0,196.5,200,1
Phoenix,GoldenState,49,58,63,42,231.0,116.5,228.0,212,0
Miami,Toronto,52,60,67,48,204.5,100.0,206.0,227,1
Atlanta,Milwaukee,45,39,51,54,208.0,107.0,207.0,189,0
Houston,Minnesota,54,50,60,70,223.5,109.0,222.5,234,1
Cleveland,OklahomaCity,57,62,59,54,223.0,108.5,222.0,232,1
Sacramento,Dallas,45,64,50,64,206.0,101.0,204.0,223,1
SanAntonio,Denver,62,57,58,49,208.0,109.5,207.5,226,1
Atlanta,Detroit,36,42,65,59,207.5,105.5,212.0,202,0
Miami,Philadelphia,49,52,53,52,202.5,100.0,201.0,206,1
Charlotte,Orlando,46,61,56,43,212.0,104.0,213.0,206,0
Indiana,Brooklyn,45,63,44,59,212.5,103.5,214.5,211,0
Washington,NewYork,65,58,54,54,210.5,103.5,205.0,231,1
Toronto,Chicago,60,50,61,49,219.0,106.5,217.0,220,1
Sacramento,Houston,45,55,35,56,215.0,105.0,216.5,191,0
LAClippers,Boston,59,59,66,64,212.0,103.5,208.0,248,1
LALakers,NewOrleans,79,66,49,62,231.0,111.5,224.0,256,1
OklahomaCity,Memphis,67,59,50,59,208.0,101.5,207.5,235,1
Phoenix,Utah,50,41,52,61,212.0,109.5,209.5,204,0
GoldenState,Portland,67,47,65,61,228.5,114.0,226.0,240,1
Denver,Milwaukee,63,73,59,62,214.5,106.0,212.0,257,1
LALakers,Minnesota,74,53,48,55,227.5,112.0,222.5,230,1
Brooklyn,Charlotte,60,48,46,53,216.0,112.0,213.5,207,0
Washington,Cleveland,53,58,50,52,222.0,107.0,220.0,213,0
Philadelphia,Chicago,62,74,48,47,213.5,105.5,214.5,231,1
OklahomaCity,Sacramento,65,62,48,42,214.5,107.0,213.0,217,1
LAClippers,GoldenState,57,71,66,67,234.5,114.0,233.0,261,1
Boston,Detroit,51,59,53,45,208.0,107.5,204.5,208,1
Atlanta,Indiana,49,56,44,60,209.0,108.5,211.0,209,0
Charlotte,Washington,62,60,54,51,211.0,103.0,212.0,227,1
Milwaukee,Toronto,52,70,62,36,216.0,107.0,215.0,241,1
Miami,NewOrleans,49,67,57,43,215.5,106.0,214.0,247,1
Cleveland,Memphis,47,56,53,45,214.0,104.0,212.0,201,0
Minnesota,Houston,58,51,54,59,223.0,108.0,226.0,222,0
SanAntonio,Denver,62,62,61,56,211.5,109.5,211.0,241,1
Portland,Utah,61,39,44,37,207.5,109.5,206.5,181,0
LAClippers,Phoenix,58,71,44,72,230.5,110.5,224.5,245,1
Dallas,LALakers,49,55,67,55,221.5,107.5,224.0,226,1
Boston,NewYork,47,68,54,64,211.5,110.5,208.0,233,1
Memphis,Miami,65,47,50,42,198.5,98.0,195.0,204,1
OklahomaCity,GoldenState,43,54,53,42,233.5,114.0,233.5,192,0
Dallas,Utah,58,45,42,42,204.0,100.0,206.0,187,0
Portland,Phoenix,52,53,47,58,222.0,115.0,220.0,210,0
Chicago,Minnesota,55,67,46,58,219.5,106.0,218.5,226,1
LALakers,Sacramento,54,54,62,51,221.0,108.0,220.0,221,1
Detroit,Charlotte,51,65,51,45,212.0,103.0,214.5,212,0
NewOrleans,Milwaukee,53,62,57,56,220.0,106.5,221.5,244,1
SanAntonio,Cleveland,45,58,47,54,212.5,108.5,215.5,204,0
Houston,Denver,63,55,53,62,224.5,109.0,228.0,233,1
Philadelphia,Washington,58,57,45,43,214.5,104.5,211.5,203,0
Detroit,Toronto,56,56,56,49,217.0,105.5,218.0,217,0
Chicago,Brooklyn,47,53,54,37,216.0,104.0,217.5,191,0
Memphis,Boston,57,51,47,52,203.5,98.5,200.0,207,1
LALakers,Atlanta,50,60,61,56,221.5,107.5,223.5,227,1
GoldenState,NewYork,76,51,57,52,229.0,113.0,230.0,236,1
Phoenix,NewOrleans,62,61,62,56,235.0,121.5,231.0,241,1
Orlando,OklahomaCity,69,54,38,56,218.5,107.5,220.5,217,0
Indiana,Dallas,46,46,41,79,211.5,103.0,210.0,212,1
Houston,Utah,40,43,50,48,211.5,104.0,211.0,181,0
Minnesota,Sacramento,58,65,51,44,216.0,106.0,214.5,218,1
Chicago,Charlotte,55,47,63,56,217.0,106.5,216.5,221,1
Brooklyn,Cleveland,54,67,64,67,222.0,114.5,221.0,252,1
Washington,Milwaukee,62,52,51,46,212.0,103.5,210.5,211,1
Sacramento,Portland,62,57,49,47,208.5,103.0,210.5,215,1
LAClippers,Denver,57,53,59,73,229.0,112.0,233.5,242,1
Milwaukee,Detroit,64,33,58,42,210.0,102.0,208.0,197,0
Toronto,Orlando,79,53,47,42,221.5,108.5,220.0,221,1
Indiana,Atlanta,55,50,45,59,213.5,104.5,211.0,209,0
Charlotte,Boston,68,58,56,58,211.0,103.5,208.0,240,1
Phoenix,Memphis,48,63,43,58,216.0,112.0,213.0,212,0
GoldenState,Washington,57,57,41,55,227.5,110.5,226.5,210,0
NewOrleans,SanAntonio,53,58,71,55,218.5,106.5,220.0,237,1
OklahomaCity,Dallas,53,44,56,47,209.5,101.5,214.0,221,1
Houston,LAClippers,46,58,51,42,229.5,112.0,225.5,197,0
LALakers,Miami,69,66,63,46,218.5,108.5,215.5,244,1
Philadelphia,Cleveland,61,54,33,57,222.0,108.0,222.5,205,0
Minnesota,Portland,43,50,60,54,219.0,106.5,217.0,207,0
Detroit,Orlando,60,45,59,44,214.0,102.5,212.5,221,1
Charlotte,Philadelphia,57,47,50,55,215.0,104.0,216.0,209,0
GoldenState,Atlanta,64,48,62,49,228.5,111.0,227.0,223,0
Denver,Memphis,64,53,54,39,216.5,106.0,215.5,210,0
Toronto,Washington,46,52,53,46,216.5,103.0,216.0,197,0
Indiana,Milwaukee,39,52,54,54,211.0,102.5,210.5,199,0
OklahomaCity,Phoenix,69,58,69,44,227.5,113.0,223.0,240,1
Minnesota,Utah,47,54,61,62,208.5,102.0,210.0,224,1
NewYork,LAClippers,57,60,53,63,226.5,110.5,228.0,233,1
Memphis,Orlando,58,46,52,51,211.5,104.5,208.5,207,0
Denver,Cleveland,68,67,65,43,228.5,111.5,228.5,243,1
Detroit,Miami,55,50,39,57,203.5,99.5,206.0,201,0
Boston,Houston,62,60,53,68,213.0,110.5,217.0,243,1
LALakers,SanAntonio,53,60,58,57,218.0,106.5,219.0,228,1
Utah,Sacramento,42,53,46,48,201.5,105.5,203.0,189,0
OklahomaCity,Portland,53,50,55,50,215.0,105.0,213.0,208,0
Phoenix,Atlanta,52,60,61,52,225.5,116.0,221.5,225,1
Indiana,Washington,50,50,45,48,211.5,103.5,208.0,193,0
Charlotte,Toronto,47,48,56,50,217.5,105.0,220.0,201,0
NewOrleans,Dallas,58,56,55,66,223.0,109.0,223.0,235,1
Philadelphia,Milwaukee,74,58,47,49,208.0,104.5,210.0,228,1
NewYork,Sacramento,52,45,58,46,215.0,104.0,215.0,201,0
Brooklyn,LAClippers,59,59,59,66,223.0,116.0,224.5,243,1
Detroit,Cleveland,54,49,57,42,220.0,106.5,219.0,202,0
Milwaukee,Indiana,37,53,52,39,210.0,101.5,209.0,181,0
Phoenix,Miami,57,52,64,55,219.0,112.0,216.5,228,1
Boston,Chicago,51,33,55,55,209.5,106.5,217.0,194,0
Memphis,SanAntonio,44,48,50,56,201.5,98.5,199.5,198,0
Orlando,Utah,54,44,43,33,207.0,101.5,206.5,174,0
Portland,LALakers,51,62,40,58,226.0,117.0,223.5,211,0
Philadelphia,Charlotte,61,69,62,50,215.0,106.0,214.0,242,1
Miami,Washington,57,52,57,44,205.0,100.5,203.5,230,1
Atlanta,Toronto,55,46,52,43,216.5,111.5,218.5,196,0
Houston,OklahomaCity,50,49,62,73,219.5,106.0,222.5,234,1
Denver,Dallas,54,66,61,44,216.5,106.0,220.0,225,1
NewYork,Portland,63,46,49,40,216.5,105.0,214.0,198,0
NewOrleans,LAClippers,62,57,60,58,235.5,114.0,238.0,237,0
Brooklyn,GoldenState,54,47,65,49,231.0,119.0,231.0,215,0
Utah,Indiana,52,46,50,40,201.0,105.0,200.0,188,0
Memphis,Chicago,52,63,50,64,211.5,105.0,206.5,229,1
Houston,Milwaukee,46,58,59,46,214.5,103.5,216.5,209,0
Toronto,Detroit,50,54,65,59,214.0,104.5,213.0,240,1
NewOrleans,Sacramento,53,53,46,63,224.0,109.0,224.0,215,0
Cleveland,Denver,61,67,48,45,229.0,111.0,228.5,221,0
Orlando,LALakers,55,52,53,55,227.0,112.0,227.0,215,0
Brooklyn,Charlotte,64,60,57,55,217.0,113.0,218.0,236,1
Boston,Minnesota,63,43,54,66,218.0,113.0,214.5,226,1
Phoenix,OklahomaCity,49,38,68,47,228.5,118.0,228.5,202,0
SanAntonio,GoldenState,49,47,69,52,223.0,112.0,222.0,217,0
Chicago,Detroit,47,49,39,47,214.5,104.0,214.0,182,0
Houston,Toronto,48,53,57,55,220.0,108.5,221.0,213,0
NewYork,Milwaukee,48,67,65,52,214.5,104.0,212.0,232,1
Utah,Memphis,47,41,41,44,197.5,102.5,198.0,173,0
Washington,NewOrleans,41,50,54,68,222.0,107.5,219.5,213,0
LALakers,Denver,65,62,63,51,231.0,111.0,231.0,241,1
GoldenState,Portland,60,53,57,63,218.0,106.5,227.5,233,1
Orlando,Sacramento,36,41,59,46,205.5,99.0,211.0,182,0
Phoenix,Charlotte,57,53,56,71,219.5,113.0,223.0,237,1
Washington,Miami,46,62,71,52,207.0,102.5,207.0,231,1
SanAntonio,OklahomaCity,43,52,50,53,210.0,109.0,210.5,198,0
Memphis,Dallas,44,42,61,47,208.0,101.5,205.5,194,0
Orlando,LAClippers,57,57,62,42,217.0,106.5,220.5,218,0
Toronto,NewYork,59,63,66,50,216.0,105.5,218.0,238,1
Chicago,Atlanta,54,49,73,75,213.0,104.5,214.0,251,1
GoldenState,Minnesota,58,59,51,44,224.0,108.5,226.0,212,0
Utah,NewOrleans,52,47,53,63,212.5,110.5,212.0,215,1
Sacramento,Denver,57,58,54,65,213.0,103.5,217.0,234,1
Houston,Dallas,39,56,48,44,211.5,105.0,215.0,187,0
Indiana,Boston,49,41,54,52,209.0,102.5,209.0,196,0
Philadelphia,Brooklyn,62,68,49,38,219.0,107.5,217.0,217,0
Cleveland,LALakers,62,63,55,60,229.5,113.0,228.5,240,1
Sacramento,OklahomaCity,35,51,71,50,213.0,102.0,210.0,207,0
SanAntonio,Houston,46,51,58,47,211.5,109.5,208.0,202,0
Miami,Portland,59,47,54,54,208.5,102.5,211.0,214,1
Minnesota,Washington,51,61,60,55,218.5,106.5,216.0,227,1
Indiana,Philadelphia,56,54,52,37,211.5,103.5,210.5,199,0
Toronto,Brooklyn,72,52,48,46,219.0,108.0,219.0,218,0
Dallas,NewYork,60,57,38,52,216.0,105.0,212.5,207,0
OklahomaCity,Atlanta,59,61,58,48,216.0,106.0,214.0,226,1
LAClippers,Chicago,58,64,46,50,224.0,110.0,224.5,218,0
Charlotte,NewOrleans,69,68,47,50,229.5,112.0,230.0,234,1
Orlando,SanAntonio,42,57,54,27,201.0,98.5,206.0,180,0
Detroit,Utah,63,40,42,44,195.5,96.0,198.0,189,0
Cleveland,Phoenix,56,64,62,54,230.5,113.0,230.0,236,1
Denver,LALakers,57,38,64,56,232.0,112.0,232.5,215,0
Milwaukee,Orlando,56,57,58,72,208.0,102.5,207.5,243,1
Washington,Boston,60,51,50,51,201.5,99.0,204.0,249,1
Miami,Sacramento,55,56,59,52,206.0,102.0,205.5,242,1
LALakers,GoldenState,49,61,61,52,223.5,110.0,223.0,223,0
Toronto,Indiana,52,54,50,49,212.5,104.5,214.5,205,0
Charlotte,Atlanta,56,62,58,70,219.0,106.5,220.0,246,1
Philadelphia,NewYork,64,64,46,54,218.0,107.5,217.0,228,1
LAClippers,Houston,54,44,54,45,225.0,110.5,224.5,197,0
NewOrleans,SanAntonio,63,55,33,40,219.5,108.0,219.5,191,0
Phoenix,Utah,43,56,48,57,215.5,110.5,212.0,204,0
Detroit,Denver,62,54,66,51,216.0,104.5,216.0,233,1
Cleveland,Portland,58,55,52,53,220.0,108.0,222.0,218,0
Boston,Orlando,41,38,48,48,201.0,103.5,205.0,175,0
Brooklyn,Philadelphia,63,50,54,69,217.5,112.0,217.5,236,1
Dallas,Toronto,56,58,48,50,210.0,103.5,213.0,237,1
LAClippers,OklahomaCity,57,62,54,61,223.5,108.5,222.0,234,1
Sacramento,GoldenState,65,51,34,41,205.5,102.5,214.0,191,0
Miami,LALakers,49,51,45,38,221.0,110.0,219.5,183,0
Atlanta,Milwaukee,57,49,76,57,214.0,110.0,214.5,239,1
Indiana,Washington,45,57,55,54,209.5,102.5,209.0,211,1
Houston,NewOrleans,61,53,42,52,226.5,111.0,227.0,208,0
Dallas,Brooklyn,54,61,62,43,212.0,104.0,213.0,220,1
Charlotte,NewYork,46,61,59,59,224.0,108.5,221.0,225,1
Denver,Memphis,51,50,58,36,214.0,104.0,216.0,195,0
Cleveland,Chicago,63,58,45,57,222.5,107.0,223.0,223,0
Minnesota,SanAntonio,47,64,60,47,211.5,105.0,211.5,218,1
Sacramento,Utah,59,45,55,41,197.5,97.5,200.0,200,0
GoldenState,Phoenix,64,48,67,54,215.0,106.0,217.0,233,1
OklahomaCity,Toronto,74,56,65,62,220.0,108.0,216.0,257,1
Boston,NewOrleans,48,48,62,39,213.5,109.5,214.5,197,0
Houston,Minnesota,61,72,65,51,222.5,108.5,221.0,249,1
Portland,LAClippers,42,68,62,59,217.5,112.5,220.5,231,1
Milwaukee,Cleveland,51,70,57,63,226.0,110.0,222.5,241,1
LALakers,Indiana,66,50,56,38,220.0,108.5,219.5,210,0
Charlotte,Philadelphia,39,66,46,51,220.5,108.5,223.0,202,0
Denver,Miami,73,54,56,53,213.5,104.0,215.5,290,1
Memphis,Brooklyn,63,65,53,52,210.0,104.0,212.0,233,1
GoldenState,SanAntonio,51,39,34,40,201.0,97.5,206.0,164,0
Detroit,Sacramento,46,42,51,57,205.0,99.5,203.0,196,0
Toronto,Orlando,49,54,41,35,211.0,104.0,214.0,179,0
Dallas,NewOrleans,59,47,54,60,218.5,106.5,218.5,220,1
LAClippers,Minnesota,60,57,61,54,228.5,111.0,227.5,232,1
OklahomaCity,Boston,44,49,55,51,208.5,102.5,208.0,199,0
Atlanta,Utah,48,35,47,63,208.0,107.5,208.0,193,0
Detroit,Phoenix,38,44,62,59,218.0,105.5,215.0,203,0
Houston,Portland,58,52,63,53,218.5,107.0,216.0,226,1
Memphis,Philadelphia,45,57,66,56,208.0,101.5,211.0,224,1
NewYork,Miami,53,58,65,41,217.0,106.0,214.0,217,1
Charlotte,Brooklyn,56,49,57,54,222.0,107.0,223.0,216,0
LAClippers,Milwaukee,62,59,59,67,222.5,108.0,224.5,247,1
Denver,Chicago,64,59,60,54,215.5,106.0,222.0,237,1
Washington,SanAntonio,36,58,43,51,202.0,99.0,203.5,188,0
Indiana,NewOrleans,49,52,35,52,219.5,106.0,221.0,188,0
Philadelphia,Orlando,55,64,41,56,212.5,105.0,212.5,216,1
Memphis,Charlotte,51,66,52,50,214.5,104.5,214.5,219,1
LALakers,NewOrleans,84,60,61,48,231.0,114.0,228.5,253,1
Detroit,Houston,48,50,41,37,212.5,104.5,214.5,196,0
Utah,Dallas,71,52,54,54,199.5,104.5,199.5,231,1
Atlanta,Sacramento,53,40,58,44,212.5,110.0,211.5,195,0
LAClippers,Indiana,55,56,47,55,218.0,107.0,217.5,213,0
Denver,Washington,39,59,56,54,218.0,104.0,220.5,208,0
Minnesota,NewYork,53,52,61,46,226.0,109.0,223.5,212,0
Phoenix,Cleveland,50,57,57,51,229.0,116.5,230.0,215,0
Brooklyn,Toronto,63,60,52,53,221.0,114.0,221.5,228,1
Miami,OklahomaCity,42,42,46,74,217.0,102.5,215.5,204,0
Milwaukee,Chicago,58,64,50,51,217.0,105.5,215.5,223,1
Utah,SanAntonio,50,57,43,78,194.0,101.5,193.5,244,1
Boston,Portland,49,50,45,61,203.0,105.5,203.0,205,1
Atlanta,GoldenState,34,60,59,47,221.0,113.5,221.0,200,0
Minnesota,Philadelphia,56,55,58,59,224.0,108.5,222.0,228,1
Chicago,Detroit,58,55,58,41,208.5,108.0,210.0,212,1
Phoenix,Orlando,49,35,67,53,216.0,109.5,217.5,204,0
LALakers,Memphis,45,64,33,51,214.5,104.5,217.0,193,0
NewOrleans,Houston,45,56,43,61,224.5,108.5,228.0,205,0
Charlotte,Dallas,49,53,47,51,214.5,105.0,214.5,200,0
Cleveland,Brooklyn,58,64,54,59,228.0,112.0,228.5,235,1
SanAntonio,Milwaukee,42,52,69,46,207.5,106.5,203.5,209,1
Miami,Indiana,51,54,51,36,205.0,101.0,208.0,220,1
Boston,Sacramento,51,61,46,39,197.5,103.0,199.5,197,0
NewYork,Washington,40,74,34,50,217.5,106.5,217.0,198,0
LAClippers,Toronto,63,50,47,63,224.5,109.0,225.5,223,0
Portland,OklahomaCity,51,58,53,51,218.0,113.0,214.5,213,0
Atlanta,Houston,53,61,54,49,215.5,110.5,219.5,217,0
Utah,GoldenState,40,60,54,47,198.0,103.5,203.5,201,0
LALakers,Detroit,55,53,49,61,213.0,104.5,214.5,218,1
NewYork,Charlotte,49,62,58,65,221.5,107.0,223.0,265,1
Denver,Philadelphia,50,60,49,68,227.0,112.5,222.0,227,1
Memphis,Minnesota,51,67,42,34,215.0,106.0,215.5,194,0
Boston,Phoenix,46,47,49,54,208.5,108.0,210.0,196,0
SanAntonio,Washington,45,59,50,68,202.0,104.5,200.5,222,1
Denver,Toronto,48,68,51,57,224.0,109.0,226.5,224,0
Portland,NewOrleans,44,51,51,64,221.0,113.0,221.5,210,0
Chicago,Houston,54,45,45,60,213.0,109.0,218.0,204,0
Cleveland,Miami,47,41,46,43,221.0,106.5,220.0,177,0
Milwaukee,LAClippers,64,54,42,43,226.5,110.5,225.0,203,0
Indiana,GoldenState,45,42,51,35,200.5,98.0,203.0,173,0
Brooklyn,Orlando,69,40,57,49,216.0,110.5,216.5,215,0
NewYork,Philadelphia,65,65,43,46,223.5,109.5,220.0,219,0
Cleveland,Charlotte,48,70,55,50,224.5,109.0,229.5,223,0
Atlanta,Minnesota,66,56,64,54,219.5,115.5,217.5,240,1
Portland,Memphis,48,63,46,54,200.5,104.5,202.0,211,1
Boston,Utah,42,45,51,53,194.0,101.5,195.5,191,0
LAClippers,Phoenix,59,55,53,43,222.5,109.0,220.0,210,0
Dallas,LALakers,66,45,52,33,216.0,106.0,216.5,196,0
Washington,Detroit,47,51,49,48,208.0,102.5,210.0,195,0
Chicago,Miami,50,47,49,49,208.5,102.5,210.5,195,0
OklahomaCity,SanAntonio,53,62,43,44,208.5,102.5,207.0,202,0
Indiana,Sacramento,56,61,41,51,204.0,99.5,203.5,209,1
Milwaukee,GoldenState,56,51,57,59,212.5,103.0,215.5,223,1
Chicago,Orlando,54,47,34,37,209.0,103.0,212.0,172,0
Philadelphia,Atlanta,57,31,57,47,223.0,109.0,215.5,192,0
NewOrleans,Cleveland,58,46,55,50,230.5,111.5,229.5,209,0
Denver,OklahomaCity,55,65,51,57,225.0,110.0,222.0,251,1
Phoenix,Houston,47,50,64,46,216.0,111.5,218.0,207,0
Minnesota,Dallas,36,54,41,54,217.0,106.5,216.5,185,0
Memphis,Utah,43,56,57,48,197.0,96.0,196.0,204,1
LAClippers,Portland,49,64,40,48,219.5,106.5,219.5,201,0
Charlotte,Washington,57,44,60,39,219.0,105.0,219.5,200,0
Detroit,NewYork,57,53,59,55,210.5,102.0,211.0,224,1
Toronto,Boston,64,44,58,43,206.0,101.0,208.0,209,1
Brooklyn,Miami,54,49,53,46,213.5,109.5,213.0,219,1
GoldenState,Sacramento,53,53,56,46,209.5,102.0,211.5,208,0
Philadelphia,Charlotte,57,54,58,52,221.5,109.0,217.5,221,1
Washington,Chicago,63,64,35,45,205.5,102.5,210.5,207,0
Houston,SanAntonio,43,41,57,42,205.0,98.0,209.0,183,0
Indiana,LAClippers,52,49,53,61,212.5,102.0,215.5,215,0
Dallas,Cleveland,43,52,55,35,213.0,102.0,217.5,185,0
Orlando,Atlanta,39,60,34,49,209.0,102.5,209.0,182,0
Detroit,Brooklyn,61,49,43,51,212.0,103.0,210.0,204,0
Utah,Minnesota,54,57,47,60,208.5,106.5,208.5,218,1
Phoenix,GoldenState,46,71,54,53,215.0,110.5,216.0,224,1
Memphis,Portland,56,50,67,38,205.0,100.5,206.5,211,1
Sacramento,LALakers,41,45,38,43,211.5,102.0,210.5,167,0
Brooklyn,Philadelphia,50,60,54,52,224.5,114.5,221.0,216,0
Toronto,Cleveland,52,60,52,54,223.5,108.0,223.5,218,0
Atlanta,Miami,55,53,48,43,206.5,108.5,207.0,199,0
Washington,Houston,59,61,50,54,216.5,105.5,212.5,224,1
Boston,Milwaukee,57,57,36,58,203.5,106.5,206.5,208,1
GoldenState,OklahomaCity,51,53,61,53,222.5,108.0,221.0,218,0
Charlotte,Chicago,41,59,65,69,215.0,106.0,215.0,234,1
Portland,Dallas,44,55,61,64,208.0,107.0,207.0,224,1
Indiana,Denver,53,42,55,61,212.0,103.0,216.5,211,0
LALakers,Utah,55,70,59,43,209.0,104.5,209.0,227,1
Sacramento,Phoenix,44,42,56,49,207.5,102.0,210.0,191,0
Boston,Toronto,34,42,44,54,204.0,105.0,206.0,174,0
Philadelphia,Detroit,64,50,45,64,216.5,105.5,210.0,223,1
Dallas,Orlando,55,52,44,54,197.5,98.0,202.5,205,1
Miami,Atlanta,52,48,52,49,207.0,102.5,205.0,201,0
Memphis,NewOrleans,55,63,52,48,217.0,106.0,216.5,218,1
SanAntonio,LALakers,59,60,49,48,205.0,106.5,207.0,234,1
GoldenState,Indiana,53,60,61,58,211.5,103.0,213.5,232,1
Portland,Houston,53,57,45,35,212.5,108.5,213.5,190,0
Washington,Cleveland,65,48,59,62,220.5,107.5,219.0,234,1
Brooklyn,Milwaukee,54,43,67,66,221.0,114.0,220.5,230,1
LAClippers,Utah,62,52,47,51,212.0,103.0,211.0,212,1
Minnesota,Denver,51,54,46,45,224.5,108.5,227.5,196,0
Charlotte,Orlando,68,53,57,59,208.0,102.0,210.5,237,1
Dallas,Detroit,46,61,46,49,201.5,100.5,202.0,219,1
Atlanta,Washington,43,57,58,42,210.0,108.5,208.0,200,0
Cleveland,Philadelphia,69,64,70,59,225.5,109.5,222.0,262,1
Chicago,Boston,60,53,42,60,203.0,100.5,200.0,215,1
Miami,NewYork,57,56,61,46,208.0,101.0,209.5,220,1
Sacramento,Memphis,47,45,39,56,204.5,100.5,198.0,187,0
NewOrleans,Phoenix,60,49,47,69,217.5,106.5,220.0,225,1
Minnesota,LALakers,56,53,44,56,220.5,108.5,219.0,209,0
Denver,LAClippers,59,65,66,59,224.0,109.0,221.5,249,1
Milwaukee,NewYork,59,49,49,60,215.0,105.0,219.0,217,0
Brooklyn,Chicago,51,63,59,47,220.5,114.0,215.5,220,1
NewOrleans,GoldenState,72,60,48,66,226.0,111.0,224.0,246,1
OklahomaCity,Houston,66,57,40,47,220.5,107.5,219.5,210,0
Portland,SanAntonio,65,45,48,63,203.0,106.5,202.5,221,1
Dallas,Philadelphia,48,61,52,45,215.0,105.5,213.0,206,0
Indiana,Charlotte,56,71,49,64,214.5,106.0,212.5,240,1
Atlanta,Boston,55,52,51,60,201.5,103.5,201.0,218,1
Detroit,Memphis,52,66,62,67,203.0,100.5,202.0,247,1
Orlando,Toronto,59,52,52,50,210.5,101.0,210.5,213,1
Utah,LALakers,51,43,55,60,208.0,106.0,210.0,209,0
GoldenState,Phoenix,62,52,49,54,216.5,106.5,217.0,217,0
Toronto,Detroit,64,53,48,41,209.0,104.0,207.0,206,0
Cleveland,NewYork,51,59,57,65,222.0,107.0,223.5,232,1
Chicago,Brooklyn,55,62,52,50,218.5,108.0,220.5,219,0
Memphis,Minnesota,46,63,49,49,213.5,106.0,212.0,207,0
Orlando,Milwaukee,52,35,54,47,211.5,103.5,210.0,188,0
Sacramento,SanAntonio,42,51,33,57,200.0,98.5,198.0,183,0
Portland,Denver,51,40,44,35,220.0,112.5,218.0,170,0
NewOrleans,LAClippers,54,54,56,49,222.0,107.5,227.5,213,0
Charlotte,Indiana,62,56,40,54,216.0,106.5,216.5,212,0
Philadelphia,Atlanta,59,57,52,66,220.5,107.5,218.0,234,1
Boston,Washington,52,54,45,63,204.5,105.5,205.5,214,1
Phoenix,Dallas,55,43,61,62,206.5,106.5,207.5,221,1
GoldenState,Utah,49,46,54,49,211.0,101.5,211.5,198,0
Houston,LALakers,39,65,53,47,218.0,105.0,219.0,204,0
Toronto,Miami,56,44,49,61,202.0,100.0,199.5,225,1
NewYork,Cleveland,40,54,61,53,213.0,101.5,218.0,208,0
Milwaukee,Philadelphia,64,60,56,45,220.5,105.0,215.0,225,1
Denver,Minnesota,55,61,51,35,216.5,105.0,217.5,218,1
Memphis,OklahomaCity,66,68,67,59,211.5,103.5,208.5,260,1
SanAntonio,NewOrleans,53,51,58,58,211.5,108.5,211.5,220,1
Washington,Orlando,49,51,51,42,204.5,99.0,201.0,193,0
Brooklyn,Boston,49,47,57,54,205.5,106.0,207.0,207,0
Detroit,Chicago,56,60,52,38,212.5,103.0,212.5,206,0
Utah,Portland,49,47,43,56,201.5,105.0,201.5,195,0
Houston,Sacramento,50,46,46,37,201.0,97.5,204.0,179,0
LALakers,LAClippers,71,46,49,49,214.5,105.0,217.0,215,0
SanAntonio,GoldenState,45,53,51,56,205.5,105.0,210.0,205,0
Washington,Toronto,51,63,57,49,214.0,106.0,211.0,220,1
Miami,Philadelphia,64,52,52,65,214.0,105.5,210.0,233,1
NewOrleans,Portland,39,42,57,54,217.0,106.0,216.0,192,0
Milwaukee,Boston,46,45,45,62,199.0,98.5,203.0,220,1
Indiana,Cleveland,47,46,45,40,212.5,105.5,216.5,178,0
Utah,OklahomaCity,50,52,51,71,205.0,106.0,205.0,224,1
Minnesota,Houston,48,53,47,57,215.0,107.0,217.0,205,0
Miami,Philadelphia,51,47,63,55,217.0,107.0,215.5,216,1
SanAntonio,GoldenState,48,52,55,62,206.0,106.5,207.0,217,1
Washington,Toronto,71,63,56,59,213.5,106.0,215.0,249,1
NewOrleans,Portland,48,65,52,48,215.5,108.0,212.5,213,1
Indiana,Cleveland,51,53,37,56,212.5,105.0,208.5,197,0
Utah,OklahomaCity,51,48,54,44,208.5,107.5,208.0,197,0
Minnesota,Houston,41,54,43,46,215.5,107.0,214.0,184,0
Philadelphia,Miami,70,57,63,46,213.5,106.5,216.5,236,1
Portland,NewOrleans,56,53,52,60,215.5,109.5,216.0,221,1
GoldenState,SanAntonio,49,49,58,51,205.5,100.5,207.0,207,0
Cleveland,Indiana,51,46,35,50,209.5,102.0,208.5,182,0
Toronto,Washington,59,71,53,42,217.5,107.5,218.0,225,1
Boston,Milwaukee,39,54,59,56,205.5,105.0,202.5,208,1
Philadelphia,Miami,52,65,45,46,212.0,107.5,217.0,208,0
Portland,NewOrleans,51,63,73,67,217.0,112.0,216.0,254,1
Houston,Minnesota,55,48,59,64,217.0,109.5,213.0,226,1
OklahomaCity,Utah,52,59,53,53,209.0,103.5,207.0,217,1
Boston,Milwaukee,41,45,56,64,203.5,105.0,206.5,206,0
GoldenState,SanAntonio,52,46,50,45,206.5,103.0,203.5,193,0
Cleveland,Indiana,54,56,48,46,206.5,102.0,205.5,204,0
Houston,Minnesota,42,57,70,50,217.5,107.0,219.0,219,0
OklahomaCity,Utah,54,56,53,46,208.0,102.5,210.5,209,0
Milwaukee,Boston,38,47,48,46,202.5,101.5,204.0,179,0
Miami,Philadelphia,44,48,54,49,215.5,106.0,211.5,195,0
SanAntonio,GoldenState,42,45,57,46,205.0,106.0,204.5,190,0
Washington,Toronto,47,48,62,49,216.0,107.0,214.0,206,0
Indiana,Cleveland,48,57,49,39,206.0,101.0,205.0,193,0
Minnesota,Houston,51,63,45,67,217.5,108.5,219.0,226,1
Utah,OklahomaCity,63,34,59,50,207.5,107.0,208.0,206,0
Boston,Milwaukee,46,41,52,44,201.5,104.0,200.0,183,0
Toronto,Washington,50,53,48,43,214.5,106.0,215.0,194,0
Cleveland,Indiana,55,49,55,49,202.0,99.0,204.0,208,1
OklahomaCity,Utah,40,42,66,39,207.0,100.5,206.0,187,0
NewOrleans,GoldenState,69,62,46,47,223.5,108.5,224.0,224,0
Utah,Houston,55,48,51,52,206.0,105.5,205.0,206,1
Indiana,Cleveland,50,47,53,56,200.5,100.0,200.0,206,1
Cleveland,Toronto,52,65,52,41,213.5,106.0,218.0,225,1
NewOrleans,GoldenState,56,57,61,63,229.5,113.0,226.5,237,1
Utah,Houston,64,55,52,53,205.0,107.5,206.0,224,1
Philadelphia,Boston,53,54,47,57,206.5,102.5,207.0,211,1
Cleveland,Toronto,55,69,61,53,213.0,104.5,212.5,238,1
GoldenState,NewOrleans,51,67,49,52,233.0,115.0,230.5,219,0
Houston,Utah,61,49,48,47,209.5,103.5,207.0,205,0
Boston,Philadelphia,39,60,38,41,206.0,107.0,208.0,199,0
Toronto,Cleveland,43,52,49,64,214.5,105.0,217.0,208,0
GoldenState,NewOrleans,59,56,52,43,231.5,114.0,222.0,210,0
Houston,Utah,53,53,38,43,211.0,105.0,208.5,187,0
Boston,Philadelphia,43,47,51,54,206.5,106.0,204.5,195,0
Toronto,Cleveland,56,54,62,49,213.0,103.5,213.0,221,1
Utah,Houston,37,63,53,61,208.0,107.5,209.5,214,1
NewOrleans,GoldenState,58,57,55,47,230.5,113.0,229.0,217,0
Cleveland,Boston,54,42,46,49,204.5,100.5,203.0,191,0
GoldenState,Houston,59,53,55,58,225.5,111.0,225.0,225,0
GoldenState,Houston,47,67,60,58,225.5,111.0,224.5,232,1
Boston,Cleveland,49,53,48,52,207.0,106.0,204.5,202,0
Houston,GoldenState,53,44,58,56,226.0,111.5,226.5,211,0
Boston,Cleveland,52,69,44,48,204.5,106.5,206.5,213,1
Houston,GoldenState,47,52,51,37,227.5,114.0,224.0,187,0
Cleveland,Boston,51,44,41,43,204.0,101.0,206.0,179,0
GoldenState,Houston,40,50,53,49,219.5,108.0,219.0,192,0
Boston,Cleveland,45,52,59,52,202.5,103.5,201.5,208,1
Houston,GoldenState,61,51,49,40,214.5,107.5,213.5,201,0
Cleveland,Boston,44,38,33,51,196.5,97.0,201.5,166,0
GoldenState,Houston,43,54,48,48,208.0,103.5,210.0,193,0
Cleveland,GoldenState,59,53,50,52,218.0,107.5,215.5,238,1
Cleveland,GoldenState,60,45,65,55,216.0,106.0,216.0,225,1
GoldenState,Cleveland,57,53,54,48,216.0,107.0,217.5,212,0
GoldenState,Cleveland,59,54,38,42,216.5,107.0,216.0,193,0
Philadelphia,Boston,42,47,54,49,211.5,106.0,208.5,192,0
OklahomaCity,GoldenState,54,50,58,46,220.5,108.5,223.5,208,0
Memphis,Indiana,43,52,39,60,204.5,99.0,209.0,194,0
Milwaukee,Charlotte,59,62,55,49,222.0,114.0,217.0,225,1
Miami,Orlando,56,49,52,48,208.0,103.0,210.5,205,0
Brooklyn,Detroit,53,49,57,44,213.0,110.5,212.0,203,0
Atlanta,NewYork,47,74,69,43,216.5,106.0,213.5,233,1
Cleveland,Toronto,53,54,58,55,215.5,106.5,214.0,220,1
NewOrleans,Houston,64,61,60,58,233.0,114.0,229.5,243,1
Minnesota,SanAntonio,54,54,56,56,212.0,105.0,210.5,220,1
Utah,Sacramento,64,59,57,60,205.5,106.0,208.0,240,1
Dallas,Phoenix,61,41,54,65,212.5,106.0,215.0,221,1
Chicago,Philadelphia,79,44,55,57,221.0,109.0,215.0,235,1
Miami,Washington,49,68,57,51,215.0,106.5,212.0,225,1
LALakers,Portland,65,63,56,63,224.0,112.0,222.0,247,1
Charlotte,Orlando,32,50,54,72,215.5,107.5,217.0,208,0
Sacramento,NewOrleans,72,63,65,78,232.5,115.0,228.0,278,1
Boston,Toronto,43,59,59,53,209.5,109.0,206.0,214,1
Cleveland,Minnesota,62,63,74,55,223.0,107.5,223.5,254,1
Atlanta,Memphis,70,68,50,60,217.0,107.5,208.5,248,1
Indiana,Milwaukee,55,60,54,50,217.0,105.5,214.5,219,1
GoldenState,Utah,66,84,50,47,217.5,108.5,218.0,247,1
OklahomaCity,LAClippers,47,47,54,52,214.0,106.0,215.5,200,0
Toronto,Washington,46,65,61,58,219.5,108.5,216.5,230,1
Brooklyn,Indiana,62,63,55,64,214.5,111.5,210.5,244,1
Orlando,Philadelphia,62,53,60,56,217.5,106.5,217.0,231,1
Boston,NewYork,49,49,49,57,210.5,109.0,211.5,204,0
Charlotte,Miami,63,61,50,51,220.5,112.0,216.5,225,1
Detroit,Chicago,52,66,51,65,217.0,106.5,214.0,234,1
Minnesota,Dallas,83,55,58,80,220.5,110.0,216.0,276,1
Phoenix,Denver,46,68,57,39,224.5,110.5,223.0,210,0
Houston,LALakers,59,69,67,44,237.5,117.0,235.0,239,1
Atlanta,Cleveland,58,66,54,66,232.5,115.0,226.5,244,1
Sacramento,OklahomaCity,66,58,63,64,222.5,111.5,219.5,251,1
GoldenState,Denver,42,54,54,48,230.5,113.0,230.0,198,0
Houston,LAClippers,53,54,70,50,220.5,107.5,225.0,227,1
Orlando,Boston,47,46,52,38,211.5,104.5,212.0,183,0
Indiana,Minnesota,53,46,46,47,229.5,112.0,221.5,192,0
NewYork,Milwaukee,62,61,52,62,227.0,110.5,222.0,237,1
Chicago,Dallas,59,61,52,52,229.0,112.0,228.5,224,0
Memphis,Utah,41,52,40,43,213.5,105.0,218.0,176,0
Washington,Portland,60,64,31,67,228.0,114.0,226.0,249,1
SanAntonio,LALakers,66,59,70,61,226.5,116.5,222.5,285,1
Phoenix,GoldenState,55,62,70,39,227.5,111.0,228.5,226,0
Philadelphia,Detroit,55,70,56,59,214.5,105.5,219.0,265,1
LAClippers,NewOrleans,53,68,54,50,237.5,116.0,233.0,225,0
Sacramento,Denver,59,64,63,52,229.5,111.5,227.0,238,1
Brooklyn,Cleveland,41,49,55,43,226.0,116.0,228.0,188,0
Dallas,Atlanta,64,42,61,48,235.5,116.0,231.5,215,0
NewYork,Miami,43,49,65,40,218.0,106.0,224.0,197,0
Minnesota,Toronto,45,60,52,60,226.5,111.5,226.0,217,0
Charlotte,Chicago,51,56,63,52,229.5,118.0,227.0,222,0
Utah,Houston,53,43,45,48,217.5,110.5,218.5,189,0
Indiana,SanAntonio,50,62,47,53,210.5,103.0,215.0,212,0
Philadelphia,Milwaukee,56,79,38,58,228.5,113.0,224.5,231,1
LALakers,Phoenix,62,68,62,52,238.0,115.5,234.0,244,1
Memphis,Sacramento,47,49,46,47,220.5,105.5,220.0,189,0
Washington,GoldenState,83,68,61,54,235.5,118.0,231.5,266,1
Cleveland,Detroit,57,51,40,65,216.5,106.5,223.5,213,0
Portland,Orlando,55,51,69,67,213.5,110.0,219.0,242,1
Denver,LALakers,48,67,61,59,235.0,115.0,239.0,235,0
Chicago,Charlotte,48,74,55,64,223.0,109.5,228.0,241,1
Dallas,Toronto,65,64,52,42,221.5,109.5,229.0,223,0
GoldenState,NewYork,50,56,59,63,225.0,109.5,228.0,228,0
Brooklyn,NewOrleans,62,61,56,53,231.5,119.0,234.0,232,0
LAClippers,Houston,61,70,48,67,217.5,107.0,219.0,246,1
Milwaukee,Minnesota,43,58,63,56,233.0,118.0,232.0,220,0
Washington,Sacramento,55,61,48,64,236.0,115.5,236.0,228,0
Boston,Detroit,51,53,47,47,212.0,110.5,205.5,198,0
Charlotte,Philadelphia,60,65,43,40,232.5,113.5,230.5,208,0
Chicago,Atlanta,47,38,45,52,232.5,116.5,231.5,182,0
Indiana,Cleveland,60,55,56,55,213.5,104.5,215.0,226,1
Portland,Miami,55,44,69,63,220.5,113.5,222.0,231,1
Phoenix,Memphis,44,67,47,55,207.0,101.0,206.5,213,1
LALakers,SanAntonio,65,49,61,41,232.5,114.0,221.0,216,0
Orlando,Milwaukee,55,61,45,43,220.0,107.0,222.0,204,0
GoldenState,Brooklyn,61,51,58,64,227.0,111.5,226.0,234,1
Phoenix,OklahomaCity,50,60,62,55,220.5,109.0,218.0,227,1
Utah,Dallas,45,51,63,58,214.0,112.0,217.0,217,0
Washington,LAClippers,48,75,51,66,229.0,112.5,228.0,240,1
Atlanta,Philadelphia,45,49,44,67,231.0,113.5,229.5,205,0
Portland,Indiana,39,55,46,56,215.5,112.0,220.5,196,0
Sacramento,Miami,45,57,75,59,227.0,111.5,227.0,236,1
Brooklyn,NewYork,52,44,56,59,215.0,111.0,217.5,211,0
Toronto,Milwaukee,59,56,60,58,222.5,110.0,220.5,233,1
GoldenState,Chicago,72,70,72,59,227.0,110.5,231.0,273,1
LALakers,Minnesota,68,62,57,57,240.0,118.5,238.5,244,1
Dallas,SanAntonio,38,60,52,54,214.5,105.5,219.0,221,1
NewOrleans,Denver,44,59,57,67,229.5,110.5,232.5,227,0
Atlanta,Cleveland,66,49,71,64,226.5,112.5,226.0,250,1
Miami,Charlotte,60,60,45,73,221.0,108.0,220.0,238,1
Sacramento,Orlando,57,58,42,49,220.5,107.5,224.0,206,0
Detroit,Boston,59,55,38,61,212.0,105.0,207.5,213,1
Philadelphia,Toronto,61,59,71,50,228.0,110.0,222.0,241,1
Portland,Houston,34,53,60,42,223.5,114.5,224.5,189,0
LAClippers,OklahomaCity,58,63,49,68,228.5,112.0,224.0,238,1
Washington,Memphis,46,45,59,52,220.5,107.0,218.5,202,0
Detroit,Brooklyn,50,64,46,60,217.0,107.5,214.0,239,1
Denver,Chicago,52,47,59,38,221.0,107.5,226.5,215,0
Indiana,NewYork,53,49,56,50,208.5,103.5,211.5,208,0
Utah,Minnesota,57,64,76,56,222.0,114.0,223.0,253,1
NewOrleans,GoldenState,80,53,66,53,241.0,118.0,234.0,252,1
SanAntonio,Phoenix,43,56,61,50,215.0,110.0,219.0,210,0
Dallas,LALakers,59,66,50,52,234.0,114.0,235.0,227,0
OklahomaCity,Charlotte,46,46,58,68,231.0,113.5,227.0,218,0
LAClippers,Philadelphia,64,65,47,59,229.0,111.5,229.5,235,1
Denver,Cleveland,42,50,57,52,218.5,105.5,222.0,201,0
Sacramento,Atlanta,64,69,69,59,234.0,114.0,230.0,261,1
Milwaukee,Boston,39,69,63,59,220.5,113.5,215.0,230,1
NewOrleans,Portland,66,69,66,50,229.5,115.0,237.0,251,1
LAClippers,Orlando,44,57,58,56,219.5,108.0,220.0,215,0
Houston,Brooklyn,57,60,60,53,220.5,108.0,219.5,230,1
OklahomaCity,Washington,65,64,66,50,233.0,113.0,233.5,245,1
Indiana,Chicago,59,59,49,45,213.5,105.0,211.5,212,1
NewYork,Dallas,60,55,51,58,216.0,106.5,216.5,224,1
Memphis,Utah,60,53,48,49,201.5,100.0,202.0,210,1
Toronto,Phoenix,49,51,48,57,226.5,111.5,226.0,205,0
Minnesota,GoldenState,68,51,51,45,243.5,119.0,243.0,215,0
Detroit,Philadelphia,54,62,41,51,221.0,106.5,224.5,208,0
Boston,Indiana,46,44,54,59,205.5,106.5,207.5,203,0
Cleveland,Charlotte,52,59,55,54,222.0,109.5,226.0,220,0
Miami,Atlanta,72,70,53,46,225.5,112.0,226.5,241,1
Houston,Chicago,55,55,28,46,223.5,110.0,227.0,184,0
NewOrleans,SanAntonio,41,56,58,49,227.0,109.5,231.5,204,0
Utah,Denver,50,43,48,50,209.5,109.0,208.0,191,0
LALakers,Portland,57,56,48,63,236.0,114.5,238.0,224,0
Sacramento,Milwaukee,69,53,68,63,235.0,113.5,234.0,253,1
Philadelphia,Brooklyn,39,59,69,52,224.0,109.5,226.0,219,0
NewYork,Washington,41,67,51,44,223.5,109.5,228.0,203,0
Orlando,SanAntonio,62,55,48,62,207.0,103.5,209.0,227,1
Memphis,Phoenix,49,59,50,44,211.0,103.0,210.5,202,0
Minnesota,Portland,57,49,50,36,228.0,111.0,231.0,192,0
Toronto,LALakers,59,61,61,47,235.0,113.5,233.0,228,0
Miami,Detroit,55,51,61,43,219.5,109.5,218.0,235,1
Cleveland,Orlando,51,54,44,53,214.0,104.5,212.0,202,0
Chicago,NewYork,45,49,56,54,213.0,109.5,216.0,231,1
NewOrleans,OklahomaCity,64,61,61,52,235.5,116.0,236.0,238,1
Toronto,Utah,61,58,47,69,214.5,105.5,217.0,235,1
Memphis,GoldenState,60,56,49,53,221.0,111.5,219.0,218,0
Minnesota,LAClippers,64,58,54,53,233.0,115.0,228.0,229,1
Atlanta,Charlotte,48,57,53,57,232.0,114.0,232.0,215,0
Washington,Dallas,59,60,46,54,228.0,110.0,225.5,219,0
Milwaukee,Portland,64,44,60,53,230.0,117.5,230.0,221,0
Detroit,Orlando,57,52,49,41,213.0,105.0,211.5,199,0
OklahomaCity,Cleveland,43,45,47,46,217.0,106.5,219.5,181,0
NewYork,Atlanta,52,55,53,59,225.0,110.5,222.5,219,0
SanAntonio,Miami,47,45,47,44,215.5,111.5,215.5,183,0
Denver,Memphis,51,46,43,36,203.5,99.0,205.5,176,0
Chicago,NewOrleans,55,53,49,48,228.0,116.5,230.5,205,0
Philadelphia,Indiana,52,48,49,45,215.5,106.0,216.0,194,0
Dallas,Utah,48,65,69,37,213.5,104.0,218.5,219,1
Toronto,Sacramento,55,60,57,47,233.5,114.0,233.5,219,0
Minnesota,LALakers,62,70,42,50,238.5,116.0,237.0,224,0
Houston,OklahomaCity,48,56,36,38,214.0,106.0,214.5,178,0
Boston,Phoenix,45,45,55,55,214.5,110.5,211.0,225,1
LAClippers,Portland,65,53,47,56,225.5,109.5,225.5,221,0
Milwaukee,GoldenState,61,54,69,61,242.0,125.0,238.5,245,1
Washington,Orlando,57,54,52,62,221.5,108.5,216.5,225,1
Charlotte,Philadelphia,66,49,66,57,227.0,111.0,223.5,265,1
Detroit,Atlanta,60,65,55,53,228.0,109.0,223.5,233,1
Indiana,Miami,50,60,54,48,207.0,103.0,209.5,212,1
Brooklyn,Denver,58,44,56,64,215.0,112.0,209.5,222,1
Boston,Utah,52,57,64,65,205.0,106.0,210.0,238,1
Minnesota,Sacramento,60,64,49,58,234.0,114.5,234.5,231,0
NewYork,Toronto,50,67,65,58,217.5,105.0,218.5,240,1
Milwaukee,LAClippers,57,69,47,65,233.5,120.0,231.5,254,1
Phoenix,NewOrleans,59,55,59,45,228.5,112.5,228.0,218,0
Cleveland,Chicago,60,46,50,41,212.0,105.0,212.5,197,0
Washington,Miami,60,59,49,58,224.0,109.5,225.5,226,1
Brooklyn,GoldenState,66,52,50,48,223.5,114.5,226.5,216,0
OklahomaCity,Dallas,45,57,50,55,214.5,104.0,216.0,207,0
LALakers,Sacramento,46,48,47,46,237.5,114.5,240.0,187,0
Charlotte,Detroit,51,49,58,58,221.5,108.5,221.0,216,0
Indiana,Houston,63,67,53,35,209.5,104.0,209.0,218,1
Orlando,NewYork,40,65,42,57,210.5,104.5,207.5,204,0
Milwaukee,Denver,68,54,65,48,224.5,115.0,220.0,235,1
Boston,Portland,47,44,62,41,214.5,110.0,214.0,194,0
Atlanta,LALakers,50,55,54,54,237.0,115.0,239.0,213,0
Orlando,Washington,60,50,56,60,222.0,108.0,220.5,226,1
Philadelphia,Miami,58,68,60,52,225.0,110.5,223.0,238,1
NewOrleans,Toronto,60,67,50,59,228.5,112.0,230.0,236,1
Dallas,Chicago,45,60,48,48,215.5,105.0,211.0,201,0
Utah,Memphis,36,47,60,41,203.0,104.5,205.5,184,0
Phoenix,OklahomaCity,45,59,57,58,215.0,104.5,208.0,219,1
Brooklyn,Minnesota,61,49,68,55,226.5,116.5,222.0,233,1
SanAntonio,Sacramento,49,62,42,50,220.5,114.0,220.0,203,0
GoldenState,LAClippers,64,61,46,41,226.5,111.0,232.0,237,1
Charlotte,Cleveland,61,57,39,45,215.0,106.5,218.5,202,0
Houston,Denver,57,52,53,46,217.0,105.5,212.5,208,0
Atlanta,GoldenState,43,58,57,55,229.5,110.5,234.0,213,0
Philadelphia,Orlando,57,48,58,54,218.0,106.5,220.0,217,0
Cleveland,Washington,70,55,45,44,215.0,105.5,219.5,214,0
Chicago,Boston,43,43,50,57,213.0,110.0,210.0,193,0
Detroit,Toronto,57,61,47,45,222.0,108.5,222.0,210,0
Miami,Brooklyn,58,52,52,65,214.0,106.5,218.5,227,1
NewOrleans,Minnesota,66,55,45,41,234.5,113.5,237.5,207,0
Memphis,Milwaukee,48,45,71,65,212.5,103.5,217.5,229,1
Utah,Dallas,54,50,39,43,212.0,108.5,215.5,186,0
SanAntonio,Phoenix,53,47,57,55,213.0,110.5,211.5,212,1
Atlanta,Denver,58,72,52,49,222.5,109.5,221.0,231,1
SanAntonio,LAClippers,57,64,54,52,217.0,111.5,219.5,227,1
Brooklyn,Washington,56,54,60,49,224.0,114.5,220.5,219,0
Miami,Indiana,45,48,46,51,214.0,105.5,212.0,190,0
Utah,Philadelphia,62,44,64,50,216.5,110.5,216.5,220,1
Toronto,Boston,57,49,54,54,218.0,107.5,214.0,239,1
Portland,Minnesota,50,48,52,58,225.0,116.0,223.5,208,0
NewYork,NewOrleans,48,70,66,69,227.0,111.0,227.5,253,1
Chicago,Milwaukee,67,41,63,56,225.5,117.0,223.0,227,1
LAClippers,Brooklyn,69,58,60,59,221.5,109.5,221.0,246,1
LALakers,Orlando,56,59,66,66,222.5,108.5,222.0,247,1
Atlanta,Indiana,49,54,42,41,219.0,108.5,219.0,186,0
Philadelphia,Charlotte,72,47,49,52,225.5,110.5,226.0,241,1
Utah,Boston,49,46,44,45,206.5,107.0,208.5,184,0
Sacramento,Houston,65,65,65,49,220.0,107.5,218.5,244,1
Toronto,Chicago,45,56,44,60,215.5,105.0,216.5,205,0
GoldenState,Dallas,48,68,52,53,215.5,106.0,216.5,221,1
OklahomaCity,Phoenix,55,34,55,66,217.5,106.0,217.5,210,0
Memphis,Minnesota,37,53,47,50,209.0,102.5,213.0,187,0
Portland,Washington,57,46,58,67,221.0,113.0,224.0,228,1
LALakers,Miami,55,64,49,42,225.0,109.5,228.0,210,0
NewYork,Orlando,75,58,57,58,217.0,109.0,213.0,248,1
GoldenState,SanAntonio,60,44,45,47,212.5,105.0,217.0,196,0
Boston,Charlotte,53,57,61,58,217.5,113.5,216.0,229,1
Utah,Indiana,51,53,52,59,205.5,106.5,203.0,215,1
Phoenix,Philadelphia,62,57,59,55,219.5,108.0,220.0,233,1
Cleveland,Detroit,65,47,50,53,213.5,104.0,211.0,215,1
LAClippers,Atlanta,63,62,60,61,232.5,112.0,228.0,246,1
Denver,Milwaukee,54,48,53,47,224.5,111.0,228.5,202,0
SanAntonio,NewOrleans,69,66,70,61,222.0,115.0,225.0,266,1
Dallas,Memphis,46,56,46,38,200.5,98.5,205.0,186,0
OklahomaCity,Sacramento,61,64,44,61,227.0,113.0,223.0,230,1
Toronto,Orlando,46,38,64,36,219.0,105.5,222.5,184,0
Portland,NewYork,68,50,56,58,221.0,115.0,222.5,232,1
Brooklyn,Miami,33,48,70,45,215.0,110.0,215.5,196,0
NewOrleans,Philadelphia,61,63,59,58,237.5,114.0,234.0,241,1
Indiana,Charlotte,65,63,61,47,215.5,105.5,215.5,236,1
Toronto,Atlanta,53,46,60,73,225.0,108.5,230.0,232,1
NewYork,Boston,44,70,39,73,215.5,107.0,216.5,226,1
Detroit,Houston,60,53,63,74,214.5,104.5,215.0,250,1
Portland,Milwaukee,51,71,66,55,226.5,116.5,226.0,243,1
Phoenix,Chicago,53,80,54,53,217.5,108.0,211.5,240,1
LALakers,Cleveland,52,49,61,52,221.5,108.0,220.0,214,0
Memphis,SanAntonio,62,58,38,49,199.5,99.5,199.5,207,1
Brooklyn,Dallas,66,45,55,66,215.0,111.0,216.5,232,1
Sacramento,Utah,57,57,53,62,222.5,109.5,220.0,229,1
Minnesota,Brooklyn,48,55,58,53,221.5,109.0,220.5,214,0
Memphis,LAClippers,38,58,49,51,209.5,104.0,214.5,219,1
Houston,Detroit,64,53,40,39,216.0,107.0,218.0,227,1
NewOrleans,NewYork,62,57,58,46,235.0,114.5,238.0,223,0
Cleveland,Philadelphia,54,54,59,66,217.5,106.5,220.0,233,1
Washington,Toronto,64,68,56,44,230.5,114.0,228.5,232,1
Boston,Atlanta,68,38,40,64,223.5,114.5,219.5,210,0
Miami,Chicago,54,45,48,52,213.0,103.5,214.0,199,0
SanAntonio,Indiana,52,47,52,60,207.5,107.5,206.5,211,1
Charlotte,OklahomaCity,64,55,50,44,230.0,113.5,227.0,213,0
Phoenix,Milwaukee,64,61,56,49,232.5,116.0,228.5,230,1
Orlando,Denver,40,55,53,51,210.0,103.0,214.5,199,0
Utah,LALakers,38,38,51,46,219.5,112.5,221.0,173,0
Portland,GoldenState,51,52,62,57,218.5,112.5,220.5,222,1
Houston,Cleveland,59,62,55,49,208.5,104.0,213.0,225,1
NewOrleans,Washington,71,65,45,57,238.5,116.0,240.0,238,0
Chicago,Minnesota,42,57,64,44,219.0,112.5,216.5,207,0
Denver,OklahomaCity,56,49,40,58,217.0,106.5,217.0,203,0
SanAntonio,Milwaukee,73,62,62,67,227.0,118.0,221.0,264,1
Sacramento,GoldenState,57,67,64,45,226.0,111.5,229.5,233,1
Boston,Dallas,58,57,54,48,213.0,110.5,213.0,217,1
Orlando,LALakers,48,55,54,55,217.0,107.5,217.5,212,0
Phoenix,Detroit,59,63,45,58,221.5,108.5,217.5,225,1
Miami,Toronto,65,52,73,50,215.0,105.0,218.5,240,1
Philadelphia,Brooklyn,57,65,69,61,225.5,110.0,223.0,252,1
NewYork,Memphis,47,48,54,52,205.5,100.0,208.5,201,0
Charlotte,Atlanta,75,56,66,50,228.5,113.0,230.5,247,1
Utah,Sacramento,56,53,62,74,218.5,113.0,218.0,245,1
LAClippers,Portland,52,51,54,47,227.0,110.5,227.5,204,0
Minnesota,Cleveland,55,46,45,51,214.5,105.5,216.5,197,0
Milwaukee,Charlotte,67,50,56,44,234.0,120.0,236.5,217,0
SanAntonio,Chicago,54,48,61,52,215.0,111.0,213.5,215,1
Boston,NewOrleans,55,50,63,63,228.0,117.0,226.5,231,1
Indiana,Utah,58,47,54,50,206.5,102.5,203.0,209,1
Orlando,GoldenState,51,60,51,64,215.0,107.5,214.5,226,1
NewYork,Detroit,43,51,57,72,220.0,107.5,220.5,223,1
Atlanta,Miami,73,47,66,42,224.0,111.0,221.0,228,1
Toronto,Memphis,63,67,60,46,208.5,102.5,205.0,236,1
Indiana,Phoenix,52,63,43,55,216.5,107.0,212.5,213,1
LALakers,Denver,56,52,52,42,219.0,109.0,211.5,202,0
Atlanta,Charlotte,52,52,57,41,231.0,113.0,233.0,202,0
Utah,Brooklyn,33,52,63,44,215.0,111.0,216.5,192,0
SanAntonio,Minnesota,53,38,59,67,215.5,110.0,216.0,217,1
Dallas,Houston,64,66,55,51,217.0,107.0,214.0,236,1
Chicago,Milwaukee,70,55,56,48,230.0,117.5,227.5,229,1
Cleveland,OklahomaCity,49,45,41,48,215.5,106.5,216.0,183,0
Washington,NewOrleans,55,59,65,50,242.0,114.5,242.0,229,0
Orlando,Portland,63,55,61,48,215.0,108.0,212.0,227,1
Phoenix,LAClippers,48,50,65,51,230.0,110.0,228.0,214,0
GoldenState,Toronto,63,62,59,54,223.0,110.0,226.5,259,1
Indiana,LALakers,53,53,52,42,220.0,109.0,215.5,200,0
Washington,Philadelphia,50,64,54,53,233.5,111.5,235.0,221,0
Cleveland,Boston,56,58,59,50,206.5,102.5,209.0,223,1
Utah,Charlotte,52,58,64,56,218.0,113.0,217.0,230,1
Memphis,Brooklyn,52,64,49,57,206.5,102.5,208.0,256,1
NewOrleans,Miami,54,48,54,51,228.5,110.0,229.5,207,0
Houston,SanAntonio,62,55,67,57,216.0,105.0,217.0,241,1
Atlanta,OklahomaCity,54,58,55,66,230.0,111.0,225.0,233,1
Orlando,Phoenix,46,53,47,38,215.5,106.0,216.0,184,0
Dallas,LALakers,54,57,42,64,223.0,110.0,221.0,217,0
Denver,Portland,64,57,55,49,214.5,106.5,214.5,225,1
Milwaukee,NewYork,63,64,63,58,230.0,117.5,231.0,270,1
GoldenState,Detroit,48,52,63,50,229.5,112.5,226.5,213,0
Brooklyn,Washington,43,38,45,64,227.5,116.0,226.0,190,0
Boston,Minnesota,55,50,56,66,216.5,111.5,213.5,227,1
Chicago,Houston,60,42,60,64,219.0,112.0,220.0,226,1
Toronto,Cleveland,42,45,57,57,213.0,103.5,217.5,201,0
Phoenix,LALakers,52,55,62,47,221.0,106.0,224.5,216,0
NewOrleans,Charlotte,59,62,43,64,232.5,113.5,235.0,228,0
Memphis,Philadelphia,51,47,48,52,212.0,103.5,212.5,198,0
Utah,Miami,62,46,49,45,208.5,108.0,210.5,202,0
LAClippers,Dallas,69,51,48,56,224.0,109.0,224.0,224,0
OklahomaCity,Detroit,43,47,56,47,218.0,106.0,220.0,193,0
Washington,NewYork,58,55,53,51,229.0,112.0,227.5,217,0
GoldenState,Atlanta,51,57,66,65,236.0,114.0,232.0,239,1
Denver,Toronto,51,55,58,45,219.5,108.0,218.0,209,0
Cleveland,Brooklyn,59,47,50,40,211.0,104.5,212.0,196,0
Houston,Minnesota,48,62,58,26,222.5,108.5,221.5,194,0
LAClippers,NewOrleans,65,77,56,57,235.0,113.0,238.5,255,1
Chicago,Indiana,44,44,49,49,210.5,107.0,208.5,186,0
Orlando,Miami,52,44,42,57,208.0,103.0,207.5,195,0
Sacramento,Phoenix,45,63,58,61,223.0,108.0,226.0,227,1
SanAntonio,Utah,54,56,72,62,215.5,110.5,214.5,244,1
GoldenState,Cleveland,56,66,59,53,219.5,108.0,222.5,234,1
Denver,Orlando,59,51,64,50,206.5,102.5,208.5,242,1
Washington,Atlanta,58,63,76,51,228.5,110.5,231.5,248,1
OklahomaCity,Brooklyn,50,58,60,58,221.0,108.5,216.5,226,1
Charlotte,Minnesota,62,64,46,53,222.5,109.0,218.5,225,1
Philadelphia,Toronto,52,50,53,60,229.0,111.5,229.0,215,0
Detroit,Milwaukee,51,50,47,59,226.0,110.5,228.0,207,0
Dallas,NewOrleans,63,59,55,61,227.0,111.5,228.5,238,1
SanAntonio,LALakers,54,41,65,74,225.5,115.0,221.0,234,1
NewYork,Boston,68,59,56,45,218.0,108.5,218.5,228,1
Phoenix,Portland,43,60,43,48,211.0,104.5,215.0,194,0
Houston,Utah,45,53,49,62,216.0,107.0,218.0,209,0
Philadelphia,Detroit,55,69,55,49,221.0,108.0,219.5,228,1
Indiana,Orlando,53,49,54,46,206.5,102.5,206.0,202,0
Denver,Charlotte,49,68,49,54,218.5,106.5,218.0,220,1
Sacramento,Cleveland,65,67,53,54,222.5,109.0,221.5,239,1
Toronto,Brooklyn,44,62,53,37,221.5,109.0,223.0,211,0
Memphis,NewOrleans,61,57,51,41,214.0,105.5,217.0,210,0
OklahomaCity,Chicago,62,70,46,48,218.5,108.5,216.5,226,1
LALakers,SanAntonio,68,72,48,65,223.5,110.0,225.5,253,1
Miami,Phoenix,70,40,52,51,210.5,104.5,210.0,213,1
GoldenState,Milwaukee,49,59,51,41,241.5,117.5,239.5,200,0
Houston,Dallas,62,51,55,43,219.0,108.0,218.0,211,0
Sacramento,Indiana,55,51,37,61,222.5,108.0,222.0,204,0
Denver,Atlanta,60,47,56,41,225.0,110.0,223.5,204,0
Washington,Cleveland,63,45,45,64,216.5,105.5,219.0,217,0
Brooklyn,NewYork,53,48,70,45,219.5,113.0,219.0,216,0
Boston,Chicago,52,55,46,57,214.0,109.5,216.5,210,0
LALakers,Memphis,43,60,54,42,208.5,101.5,207.5,199,0
Minnesota,Portland,57,47,57,57,220.5,109.0,218.0,218,0
Miami,LAClippers,64,63,54,38,219.0,108.0,220.5,219,0
NewOrleans,Detroit,48,58,69,49,224.5,109.5,228.0,224,0
Milwaukee,Toronto,55,45,53,50,229.5,117.5,231.0,203,0
Utah,SanAntonio,41,49,64,53,218.0,112.0,218.0,207,0
Charlotte,NewYork,51,57,69,49,225.5,110.0,225.0,226,1
Washington,Indiana,62,47,53,48,216.5,106.5,216.0,210,0
Detroit,Philadelphia,67,36,60,55,218.0,105.5,219.5,218,0
NewOrleans,Boston,49,63,43,58,222.5,109.5,230.5,213,0
Sacramento,Chicago,59,42,54,42,226.5,109.5,225.0,197,0
Orlando,Dallas,43,49,36,49,210.5,103.5,211.5,177,0
LAClippers,Phoenix,50,64,60,48,222.5,108.5,220.0,242,1
Memphis,Denver,48,57,62,37,197.5,98.5,200.0,204,1
Minnesota,GoldenState,54,66,48,56,228.5,111.0,226.0,224,0
Miami,LALakers,50,63,54,46,222.0,109.5,218.0,213,0
Portland,Houston,56,49,54,56,220.5,113.0,219.5,215,0
Phoenix,SanAntonio,49,56,47,45,217.5,106.0,218.0,197,0
Toronto,LAClippers,59,68,50,45,219.0,108.5,224.5,222,0
Brooklyn,Philadelphia,60,53,65,73,224.5,116.0,221.0,251,1
Boston,Washington,52,49,60,65,220.0,114.0,223.5,255,1
NewYork,Cleveland,62,57,53,47,215.0,105.5,214.0,219,1
Detroit,Charlotte,62,53,60,40,216.5,105.0,219.5,215,0
Milwaukee,Indiana,52,49,54,55,218.5,112.5,219.0,210,0
Portland,Memphis,41,41,49,44,201.5,103.5,205.5,175,0
OklahomaCity,NewOrleans,53,60,60,59,234.5,115.0,232.0,232,0
Atlanta,Dallas,54,49,56,62,226.0,111.5,223.0,221,0
Miami,Utah,55,38,52,50,211.0,102.5,209.5,195,0
Minnesota,Sacramento,66,47,75,83,227.0,111.5,228.0,271,1
Toronto,GoldenState,53,45,51,57,226.5,112.5,228.0,206,0
LALakers,Houston,53,65,60,59,226.5,111.0,221.5,237,1
LAClippers,SanAntonio,65,58,52,37,221.5,107.5,225.5,212,0
Chicago,Orlando,50,47,51,40,212.5,110.0,207.5,188,0
Dallas,Phoenix,46,44,55,43,210.0,101.5,211.0,188,0
Atlanta,Boston,61,62,67,47,221.5,109.0,224.5,237,1
NewYork,Charlotte,49,76,46,55,224.0,109.5,224.5,250,1
Milwaukee,Cleveland,43,65,60,48,220.5,113.5,218.5,216,0
Indiana,Philadelphia,58,50,49,57,219.5,108.5,217.5,214,0
Miami,Memphis,57,43,44,53,195.0,96.5,197.0,197,0
Toronto,Portland,51,57,72,70,216.0,107.0,216.0,250,1
GoldenState,Sacramento,80,60,60,55,236.5,115.0,236.5,255,1
OklahomaCity,Denver,71,41,46,49,217.5,107.0,216.5,207,0
Utah,Orlando,28,40,46,71,207.0,106.5,206.5,185,0
Boston,Detroit,66,47,50,54,215.5,111.0,211.0,217,1
Houston,Memphis,65,36,43,58,201.5,98.5,203.0,202,0
Chicago,SanAntonio,49,56,47,39,213.5,109.0,210.0,191,0
Minnesota,Phoenix,58,56,53,39,219.5,109.5,213.0,206,0
Atlanta,Brooklyn,65,73,69,64,225.5,111.5,227.0,271,1
Philadelphia,Cleveland,65,58,51,59,218.0,107.5,218.0,233,1
NewYork,Indiana,54,55,43,57,217.0,105.5,213.5,209,0
Sacramento,Dallas,65,54,57,57,222.5,109.5,228.0,233,1
Miami,NewOrleans,61,47,50,40,221.5,108.5,221.0,198,0
Toronto,Denver,46,40,54,41,209.5,103.0,209.5,181,0
Milwaukee,Detroit,52,46,60,53,225.5,114.5,217.5,211,0
Phoenix,NewYork,60,65,58,55,222.5,108.0,218.0,238,1
Sacramento,Minnesota,61,57,62,57,231.0,112.0,233.0,237,1
Chicago,OklahomaCity,53,55,49,60,212.0,109.0,212.5,217,1
Utah,Houston,48,39,69,43,212.0,109.5,212.5,199,0
Philadelphia,SanAntonio,61,48,55,55,224.5,109.5,225.5,219,0
Memphis,GoldenState,52,47,52,52,210.0,102.5,209.0,203,0
Cleveland,Indiana,40,49,46,48,207.0,106.0,208.0,183,0
LALakers,Brooklyn,65,54,54,52,229.0,112.5,229.5,225,0
Washington,Atlanta,59,53,52,64,238.0,115.5,235.0,228,0
Dallas,Denver,67,76,57,44,208.0,104.0,206.5,244,1
NewYork,Philadelphia,71,59,54,56,228.5,111.0,228.0,240,1
SanAntonio,Orlando,55,55,71,38,209.5,107.0,207.0,219,1
Cleveland,Charlotte,41,46,70,52,214.0,110.5,220.0,209,0
Phoenix,Boston,63,58,45,48,222.5,109.5,220.0,214,0
Indiana,Toronto,58,50,52,35,210.5,104.0,211.0,195,0
Washington,Houston,62,66,63,63,225.0,110.5,224.5,254,1
Brooklyn,Chicago,49,30,63,47,211.5,110.0,215.5,189,0
NewOrleans,Milwaukee,64,64,52,58,230.5,113.0,232.5,238,1
GoldenState,Utah,45,66,53,47,223.0,110.0,218.0,211,0
Memphis,Portland,35,64,46,46,201.5,101.0,201.5,191,0
OklahomaCity,Sacramento,69,54,64,58,233.0,113.0,235.5,245,1
Houston,Miami,54,57,47,42,210.5,103.5,208.5,200,0
Dallas,LAClippers,57,62,52,75,222.5,109.0,219.0,246,1
Detroit,Charlotte,46,39,55,44,220.5,107.5,216.0,184,0
Cleveland,Toronto,62,49,81,44,210.5,107.5,206.0,236,1
Indiana,Brooklyn,64,44,56,56,209.5,103.0,211.0,220,1
Atlanta,NewYork,67,62,47,45,233.5,114.5,228.0,221,0
Milwaukee,Boston,57,56,58,56,223.5,114.0,224.5,227,1
Orlando,Chicago,39,46,51,34,202.0,99.5,204.5,170,0
Minnesota,SanAntonio,50,56,52,64,219.5,107.0,223.0,222,0
Utah,Portland,59,45,47,59,213.5,110.0,210.5,210,0
NewOrleans,LALakers,68,66,48,34,235.0,116.0,234.0,216,0
Denver,LAClippers,60,67,62,54,221.0,108.0,219.5,243,1
Phoenix,Washington,62,48,52,56,226.5,112.0,227.5,295,1
Toronto,Philadelphia,59,65,46,57,222.5,109.5,220.0,227,1
SanAntonio,Houston,54,30,69,56,217.5,112.0,215.5,209,0
Milwaukee,Miami,29,46,55,51,215.0,110.0,215.5,181,0
Dallas,GoldenState,59,60,62,55,227.0,112.5,226.0,236,1
Atlanta,Detroit,49,51,45,48,221.5,109.5,223.5,193,0
Washington,Indiana,52,47,49,46,219.0,107.0,216.5,194,0
Miami,Orlando,45,52,64,45,201.5,100.0,203.0,206,1
Phoenix,Brooklyn,69,50,46,49,218.5,107.5,220.5,214,0
NewOrleans,Sacramento,61,66,55,57,237.5,114.5,239.0,239,0
Chicago,Cleveland,57,56,45,46,201.0,103.5,201.0,204,1
Charlotte,Boston,55,60,46,61,217.0,104.5,222.0,222,0
Minnesota,OklahomaCity,60,56,50,60,222.0,109.5,224.0,226,1
LAClippers,GoldenState,72,66,59,59,233.5,113.0,233.0,256,1
Memphis,LALakers,46,50,51,59,210.5,104.0,207.5,206,0
Milwaukee,NewYork,46,48,58,52,226.0,115.5,228.0,204,0
OklahomaCity,Houston,44,68,62,48,221.0,109.5,220.5,222,1
LALakers,GoldenState,57,58,58,55,233.5,114.5,234.5,228,0
Portland,Utah,48,58,47,60,214.5,109.0,214.5,213,0
Phoenix,Orlando,58,57,62,59,212.0,105.5,208.5,242,1
Washington,Detroit,55,54,48,44,221.5,108.5,221.5,201,0
Indiana,Atlanta,63,68,52,67,220.0,108.5,217.5,250,1
Toronto,Miami,54,48,58,50,207.5,101.5,210.5,210,0
Charlotte,Brooklyn,51,56,49,72,220.5,106.5,220.5,266,1
Cleveland,Memphis,30,47,41,64,196.5,99.5,196.5,182,0
Minnesota,Chicago,47,50,51,65,210.0,102.5,209.5,213,1
NewOrleans,Dallas,63,68,53,57,228.5,111.5,228.5,241,1
Denver,SanAntonio,60,48,44,62,216.0,106.5,213.5,214,1
Sacramento,LAClippers,66,61,60,58,239.0,115.5,236.5,245,1
Boston,Houston,59,53,66,62,214.0,110.0,218.5,240,1
NewYork,Milwaukee,52,49,63,44,227.0,110.5,224.0,208,0
LALakers,Sacramento,66,62,51,54,229.0,113.0,229.5,233,1
Portland,GoldenState,55,43,48,58,227.0,116.5,228.0,219,0
Philadelphia,Utah,51,58,65,37,219.5,107.5,217.5,211,0
Brooklyn,Charlotte,50,46,42,49,220.0,113.0,221.0,187,0
Detroit,Indiana,53,50,57,53,206.5,100.5,206.0,213,1
Toronto,Orlando,54,51,50,48,207.5,103.5,208.0,203,0
Chicago,Washington,42,40,64,47,212.5,109.0,216.5,193,0
Cleveland,Miami,59,49,43,61,202.5,105.5,202.0,212,1
Dallas,NewOrleans,55,66,53,52,228.5,111.0,230.0,226,0
Atlanta,Minnesota,69,61,48,46,229.5,113.5,230.0,243,1
SanAntonio,Denver,54,54,45,48,216.5,109.5,215.5,201,0
OklahomaCity,Phoenix,65,50,50,55,226.0,111.5,223.0,220,0
LAClippers,LALakers,51,54,57,63,229.0,113.0,229.0,225,0
Brooklyn,Milwaukee,52,71,69,52,222.0,113.0,223.0,244,1
Houston,NewOrleans,50,53,50,59,229.5,112.0,229.0,212,0
Charlotte,Washington,56,72,58,70,217.5,106.0,223.0,256,1
Boston,Memphis,55,56,55,49,202.0,103.0,199.5,215,1
NewYork,Utah,56,49,58,63,215.0,104.5,214.0,226,1
Denver,Phoenix,52,59,57,72,215.5,104.0,217.5,240,1
GoldenState,Portland,57,51,68,44,226.5,111.5,223.5,220,0
SanAntonio,LAClippers,62,50,58,63,227.0,116.0,227.5,233,1
Minnesota,Miami,49,60,54,54,207.0,102.5,211.0,217,1
Chicago,Toronto,34,45,54,51,206.5,105.5,207.5,184,0
OklahomaCity,Dallas,55,61,41,51,226.0,111.0,222.5,208,0
Philadelphia,Portland,51,60,62,51,225.0,108.5,221.5,224,1
Sacramento,LALakers,68,64,56,47,233.0,114.0,231.5,235,1
Atlanta,Indiana,58,65,55,46,220.5,109.0,220.5,224,1
Orlando,Charlotte,59,57,56,53,211.0,104.5,210.0,225,1
Memphis,Houston,45,54,60,55,200.5,99.0,199.5,214,1
Dallas,OklahomaCity,53,50,64,57,224.0,109.5,222.5,224,1
Minnesota,NewOrleans,49,65,63,60,224.0,110.0,232.0,237,1
GoldenState,Phoenix,58,63,74,46,231.0,112.0,227.5,241,1
Utah,Toronto,50,54,76,58,209.0,108.5,212.0,238,1
Detroit,Milwaukee,62,58,45,54,219.0,106.5,218.0,219,1
NewYork,Denver,60,51,55,57,219.0,107.0,217.5,223,1
Portland,Sacramento,51,63,46,46,230.0,117.5,230.0,221,0
Philadelphia,LAClippers,69,65,55,43,236.5,114.0,234.0,232,0
Miami,Cleveland,45,56,65,43,202.5,98.5,204.5,209,1
Dallas,Charlotte,68,38,53,47,222.5,107.5,220.0,206,0
NewOrleans,Brooklyn,68,63,61,55,230.0,112.5,230.5,247,1
Minnesota,Boston,46,56,66,49,214.5,104.5,221.5,217,0
Detroit,Memphis,50,56,33,56,198.0,98.5,199.0,195,0
Orlando,Chicago,48,59,45,44,198.5,97.5,199.5,196,0
Philadelphia,Phoenix,76,45,70,68,228.5,110.5,228.5,259,1
OklahomaCity,LALakers,50,66,44,47,229.5,113.0,230.0,207,0
Toronto,SanAntonio,57,61,53,61,218.0,107.0,216.5,232,1
Denver,Sacramento,60,59,49,62,227.0,111.5,227.5,230,1
Dallas,Boston,57,52,43,55,212.5,105.5,217.0,207,0
Utah,Cleveland,43,54,55,56,207.5,107.5,208.0,208,0
Brooklyn,Memphis,52,43,63,51,204.0,105.0,204.0,209,1
Washington,Miami,55,64,62,43,211.5,105.0,214.5,224,1
Orlando,Minnesota,71,61,48,43,214.0,106.0,212.0,223,1
Indiana,Chicago,48,64,41,57,201.0,99.5,201.5,235,1
Atlanta,Milwaukee,57,62,78,59,230.0,113.0,230.5,256,1
LAClippers,Phoenix,57,55,57,63,235.0,112.5,233.0,232,0
NewYork,LALakers,64,58,56,53,222.5,109.5,224.0,231,1
Charlotte,Denver,57,57,59,60,218.5,107.5,219.5,233,1
Utah,Detroit,44,57,53,61,209.0,108.5,208.0,215,1
Dallas,Philadelphia,57,53,47,49,227.0,110.5,226.5,206,0
NewOrleans,Cleveland,54,59,57,61,222.0,108.0,222.5,231,1
Toronto,Milwaukee,61,52,60,66,226.5,111.5,222.5,239,1
Memphis,SanAntonio,52,56,46,42,203.5,101.0,205.0,196,0
Houston,Portland,60,45,58,48,220.0,107.5,216.5,211,0
GoldenState,Sacramento,72,67,60,51,238.5,116.5,238.5,250,1
Brooklyn,Chicago,49,61,60,47,207.5,108.0,208.0,217,1
Orlando,LAClippers,46,46,45,65,220.5,107.5,220.5,202,0
LALakers,Minnesota,54,55,42,43,224.5,109.5,222.0,194,0
Miami,Atlanta,39,36,62,51,218.5,107.0,221.5,188,0
Washington,OklahomaCity,53,51,65,45,227.5,111.0,226.0,214,0
SanAntonio,Detroit,56,54,47,69,214.5,110.5,213.5,226,1
Brooklyn,Boston,56,45,59,51,219.5,112.5,218.5,211,0
Memphis,NewOrleans,58,46,55,50,214.5,105.5,212.5,209,0
Utah,Milwaukee,66,54,49,47,222.5,115.0,221.5,216,0
Denver,Houston,68,62,55,53,215.5,106.5,215.0,238,1
LALakers,Dallas,58,63,45,38,223.0,109.5,222.5,204,0
Orlando,Sacramento,54,46,52,54,222.5,109.0,224.0,206,0
NewYork,Portland,60,47,55,50,222.0,109.5,220.5,212,0
Washington,Philadelphia,61,52,69,65,227.0,109.0,227.5,247,1
Atlanta,Toronto,59,54,44,48,229.0,113.0,228.5,205,0
Minnesota,OklahomaCity,52,76,61,47,228.5,112.5,223.5,236,1
Sacramento,Phoenix,67,58,47,54,227.5,111.0,232.0,226,0
NewYork,GoldenState,56,54,52,55,232.5,112.0,230.0,217,0
Charlotte,LAClippers,57,62,44,74,231.0,113.5,230.0,237,1
Philadelphia,Washington,45,66,56,62,227.5,111.0,226.0,229,1
Indiana,Boston,52,69,64,58,216.0,106.0,212.5,243,1
Atlanta,Brooklyn,61,47,58,50,227.0,111.5,227.0,216,0
SanAntonio,Memphis,40,33,63,46,206.0,105.0,204.0,182,0
Cleveland,NewOrleans,63,59,69,73,225.0,115.5,221.5,264,1
Phoenix,Dallas,52,44,51,51,217.5,107.5,221.0,198,0
Orlando,Utah,51,58,44,46,207.5,103.5,206.5,199,0
Chicago,Portland,59,48,73,56,209.0,107.5,205.5,236,1
Detroit,LALakers,44,58,64,47,216.0,105.5,218.0,213,0
Boston,Miami,52,52,51,59,212.0,108.5,209.5,214,1
LAClippers,Denver,62,57,50,52,226.0,110.5,226.0,221,0
OklahomaCity,SanAntonio,56,77,65,62,224.5,110.0,224.5,301,1
Detroit,Sacramento,55,58,52,49,220.0,107.0,224.5,214,0
Milwaukee,Washington,66,38,63,52,227.5,115.5,231.0,219,0
Atlanta,Philadelphia,62,48,67,67,234.0,114.0,231.5,244,1
Indiana,NewYork,53,63,62,49,218.5,107.0,218.5,227,1
Brooklyn,Toronto,63,54,57,53,224.5,116.0,219.5,227,1
Cleveland,Houston,64,62,68,60,216.5,110.5,217.5,254,1
Dallas,Minnesota,54,57,52,71,224.0,109.5,221.0,234,1
LALakers,Utah,58,45,48,57,214.5,105.0,217.0,208,0
Charlotte,Portland,64,55,50,54,222.5,109.0,223.0,223,0
Chicago,GoldenState,60,71,61,63,221.0,112.5,221.5,255,1
Detroit,LAClippers,61,58,51,43,222.0,108.0,221.0,213,0
Memphis,Miami,64,60,50,46,196.0,99.0,196.5,220,1
Boston,Orlando,38,54,57,59,213.5,109.5,210.0,208,0
SanAntonio,OklahomaCity,54,57,55,68,227.0,116.0,228.0,234,1
NewOrleans,Minnesota,56,50,70,40,237.0,115.0,234.0,216,0
Denver,Phoenix,54,53,43,45,217.5,106.5,217.5,195,0
Chicago,Utah,48,56,59,49,207.0,107.0,206.0,212,1
Charlotte,Sacramento,64,52,42,43,233.5,114.5,234.5,201,0
Philadelphia,NewYork,60,56,49,48,229.0,110.0,227.5,213,0
Toronto,Washington,57,54,71,66,224.5,110.0,227.5,278,1
Milwaukee,Atlanta,67,52,60,68,232.0,118.0,232.5,247,1
Houston,Orlando,44,67,63,51,214.5,106.0,213.5,225,1
GoldenState,Dallas,54,62,64,53,227.5,110.0,228.5,233,1
Portland,Denver,66,52,63,48,217.0,111.5,217.0,229,1
Cleveland,LALakers,56,41,43,56,222.0,114.0,216.5,196,0
Boston,Brooklyn,52,39,65,55,217.0,112.0,221.0,211,0
Charlotte,SanAntonio,52,40,56,53,220.5,108.0,223.0,201,0
Detroit,Utah,58,54,37,45,208.0,103.5,208.5,194,0
Portland,Sacramento,51,47,60,64,228.0,116.5,227.5,222,0
Minnesota,Philadelphia,67,74,64,51,234.0,113.0,232.0,256,1
Phoenix,Indiana,57,56,56,59,218.5,107.5,220.0,228,1
OklahomaCity,Atlanta,54,75,68,71,234.5,116.0,233.0,268,1
Miami,Milwaukee,53,61,42,54,218.0,107.0,220.0,210,0
GoldenState,Denver,89,50,56,58,227.5,111.0,228.0,253,1
Chicago,LALakers,37,50,57,63,215.5,110.0,214.0,207,0
Orlando,Detroit,60,61,53,44,208.0,103.0,204.0,235,1
Milwaukee,Memphis,48,47,69,48,212.5,108.5,209.5,212,1
Toronto,Boston,66,51,53,55,223.0,109.5,222.0,225,1
Brooklyn,Houston,64,52,63,83,226.5,116.5,220.5,287,1
SanAntonio,Dallas,55,46,54,51,217.0,112.0,218.5,206,0
Cleveland,Portland,56,61,68,56,217.5,112.5,217.5,241,1
NewOrleans,GoldenState,70,67,82,68,241.5,118.5,240.5,287,1
Utah,LAClippers,53,52,55,78,224.0,114.5,221.5,238,1
NewYork,Washington,50,66,50,35,229.0,112.5,225.0,201,0
Philadelphia,Indiana,53,49,55,59,225.0,110.0,224.5,216,0
Sacramento,Charlotte,45,68,43,53,229.0,111.0,230.0,209,0
Phoenix,Toronto,52,54,49,65,223.5,109.5,225.0,220,0
Chicago,Denver,58,50,68,64,214.0,109.5,212.0,240,1
LALakers,OklahomaCity,66,64,61,53,226.0,111.0,226.0,266,1
Brooklyn,Orlando,57,64,60,51,217.0,111.5,216.0,232,1
Memphis,Boston,59,61,67,51,207.5,103.0,204.5,238,1
Miami,Detroit,47,45,42,57,206.0,101.0,207.5,191,0
SanAntonio,Minnesota,59,57,62,51,226.5,116.5,224.5,229,1
Cleveland,Utah,49,49,55,61,215.0,110.5,214.5,214,0
NewOrleans,Portland,61,71,58,50,235.5,114.5,232.5,240,1
GoldenState,LAClippers,53,50,50,53,241.5,116.0,241.0,206,0
OklahomaCity,Philadelphia,58,57,52,65,235.0,115.0,236.0,232,0
Phoenix,Charlotte,65,66,64,55,224.5,110.0,223.0,250,1
Sacramento,Detroit,56,52,48,48,222.5,109.5,221.0,204,0
Dallas,Indiana,47,53,53,57,214.5,105.0,214.5,210,0
Milwaukee,Orlando,57,48,64,57,221.5,114.0,220.0,226,1
Boston,Atlanta,64,63,45,46,226.0,117.0,227.0,218,0
Memphis,Toronto,42,61,59,47,212.5,105.0,209.0,209,0
Miami,Chicago,61,51,47,61,208.5,103.0,206.5,220,1
LALakers,Houston,65,45,58,72,229.5,113.0,225.5,272,1
Cleveland,Denver,62,54,61,49,219.0,112.5,218.0,226,1
Phoenix,Minnesota,60,71,56,43,229.5,113.5,227.5,230,1
LAClippers,SanAntonio,64,49,40,45,220.5,108.5,226.0,198,0
OklahomaCity,NewYork,50,64,71,51,226.0,109.0,228.5,236,1
Detroit,Washington,46,38,61,43,215.5,105.0,216.5,188,0
Dallas,Milwaukee,61,55,60,46,225.0,109.5,230.0,222,0
Sacramento,Brooklyn,52,63,63,39,231.0,114.0,230.0,217,0
NewOrleans,Memphis,49,55,46,40,222.0,107.5,217.5,190,0
Miami,Boston,56,44,55,51,212.5,105.0,215.0,206,0
Houston,Philadelphia,56,59,42,57,234.0,114.5,234.0,214,0
Portland,Utah,57,38,67,51,218.5,113.0,217.0,213,0
GoldenState,LALakers,53,67,70,51,233.0,112.0,235.0,241,1
Sacramento,Toronto,63,53,50,59,226.5,111.5,228.5,225,0
Portland,OklahomaCity,50,67,63,57,225.0,115.0,229.0,237,1
LAClippers,Dallas,55,59,37,53,223.5,109.5,223.5,204,0
Minnesota,Phoenix,59,54,51,45,232.5,112.5,228.5,209,0
Toronto,Indiana,40,66,53,57,217.0,106.0,219.5,216,0
Cleveland,Boston,57,58,57,54,212.5,110.5,216.0,226,1
Orlando,Brooklyn,51,61,63,49,218.0,107.0,217.0,224,1
Houston,NewYork,59,62,45,58,226.5,111.5,226.0,224,0
LAClippers,Miami,58,50,41,61,215.5,106.5,217.0,210,0
SanAntonio,Philadelphia,69,62,61,50,224.5,116.0,226.0,242,1
Detroit,NewOrleans,59,45,45,43,221.5,108.5,221.0,192,0
Atlanta,Chicago,67,59,55,41,224.0,109.0,221.5,222,1
Charlotte,Memphis,45,67,50,63,209.0,103.0,210.0,225,1
GoldenState,Washington,65,61,70,48,234.5,115.5,234.5,244,1
NewOrleans,OklahomaCity,56,62,62,58,231.0,111.0,237.0,238,1
Portland,Phoenix,61,47,56,62,220.5,113.0,226.5,226,0
Minnesota,LALakers,57,62,47,59,230.5,112.5,229.0,225,0
Washington,Orlando,45,43,56,42,217.5,107.0,217.5,186,0
Miami,Cleveland,50,51,49,44,207.5,103.5,210.0,194,0
NewYork,Brooklyn,67,53,49,39,221.0,109.0,224.0,208,0
Toronto,Houston,53,78,54,55,228.0,112.0,228.0,240,1
LAClippers,Chicago,47,61,54,45,223.0,108.5,220.5,207,0
Detroit,Dallas,51,65,57,34,207.5,101.5,209.0,207,0
Charlotte,Milwaukee,49,57,57,44,230.0,111.5,228.5,207,0
Phoenix,Denver,69,56,54,48,222.0,107.0,221.5,227,1
Minnesota,Utah,55,42,62,49,217.5,107.0,222.0,208,0
SanAntonio,NewOrleans,55,62,64,59,227.5,117.0,226.5,240,1
Indiana,Memphis,43,52,52,62,202.5,100.5,204.5,209,1
GoldenState,Boston,55,65,54,52,233.0,115.0,230.0,226,0
Philadelphia,Denver,78,67,58,33,226.0,111.0,224.5,236,1
Atlanta,Portland,70,57,56,48,224.0,110.5,228.5,231,1
Cleveland,Chicago,56,48,54,47,212.0,109.0,211.0,205,0
Sacramento,LAClippers,55,63,45,67,230.5,111.5,228.5,230,1
Toronto,Dallas,70,58,45,70,220.0,108.5,220.0,243,1
Orlando,Houston,52,62,42,45,222.0,108.5,221.0,201,0
Washington,SanAntonio,62,77,46,66,222.0,109.0,220.5,251,1
Utah,Minnesota,47,56,72,61,217.0,112.5,217.0,236,1
Miami,NewYork,51,59,41,52,210.0,103.5,212.0,203,0
Phoenix,LALakers,58,60,53,47,227.5,111.0,226.5,218,0
GoldenState,Indiana,62,55,63,52,228.5,110.5,227.0,232,1
NewYork,Charlotte,54,53,35,51,221.5,107.5,217.5,193,0
Brooklyn,Boston,58,52,67,39,219.0,112.5,219.5,216,0
Denver,Memphis,46,55,36,50,205.0,100.0,208.0,187,0
Atlanta,LAClippers,57,67,53,64,233.5,114.5,231.0,241,1
Washington,Cleveland,50,50,57,72,218.5,107.5,219.0,229,1
Milwaukee,Detroit,52,59,55,54,216.5,111.0,217.5,220,1
Chicago,Brooklyn,39,65,58,77,220.5,113.5,217.0,239,1
NewOrleans,Houston,63,62,60,52,234.0,113.0,234.5,237,1
Phoenix,SanAntonio,66,71,50,63,226.0,110.5,223.5,250,1
Philadelphia,LALakers,59,58,60,49,230.0,112.0,232.0,226,0
Chicago,Miami,52,46,48,48,206.0,106.5,206.5,194,0
Dallas,NewYork,44,58,58,44,215.0,104.0,217.0,204,0
Charlotte,Boston,63,59,51,47,214.5,105.0,218.0,220,1
Memphis,Minnesota,40,48,52,46,208.0,101.5,211.0,196,0
Denver,NewOrleans,55,54,52,43,226.0,110.5,226.0,204,0
Indiana,Washington,60,44,47,45,218.0,106.5,217.5,196,0
Atlanta,Sacramento,63,57,65,63,236.5,115.0,233.0,248,1
Utah,Portland,72,60,57,48,218.0,113.0,219.0,237,1
Indiana,Orlando,43,56,43,65,208.0,102.0,211.0,207,0
Dallas,Detroit,40,54,39,49,205.5,100.5,208.0,182,0
Milwaukee,Toronto,47,56,60,34,231.0,118.5,230.5,197,0
Brooklyn,SanAntonio,54,49,71,57,226.0,116.5,227.5,231,1
Philadelphia,GoldenState,65,48,68,36,240.5,116.0,240.5,217,0
LALakers,LAClippers,58,49,55,62,232.0,112.5,229.5,243,1
Memphis,Charlotte,46,44,53,49,202.5,99.5,206.5,192,0
Boston,NewYork,45,58,50,59,213.5,109.5,216.0,212,0
OklahomaCity,Miami,55,70,43,52,218.5,106.0,219.5,220,1
Atlanta,Utah,70,48,65,57,226.5,110.5,227.0,240,1
Houston,Denver,78,76,54,50,223.5,110.0,227.0,258,1
LAClippers,Detroit,62,50,51,49,215.5,105.0,215.0,212,0
Brooklyn,Orlando,47,45,56,43,221.0,114.0,217.5,191,0
Chicago,Charlotte,53,58,63,69,216.0,111.5,217.5,243,1
Milwaukee,Washington,64,59,61,62,227.0,116.0,230.0,246,1
Indiana,Miami,48,59,54,22,204.0,100.0,204.5,183,0
Dallas,Cleveland,71,42,53,43,210.5,103.5,210.0,209,0
NewOrleans,SanAntonio,59,54,59,49,230.0,112.0,233.0,221,0
LALakers,GoldenState,57,64,53,42,234.5,113.5,236.0,216,0
Denver,Minnesota,67,58,52,36,221.5,109.0,221.0,213,0
Houston,Utah,58,55,47,63,222.0,108.5,224.0,223,0
Atlanta,Phoenix,63,52,59,56,235.0,116.5,235.0,230,0
Philadelphia,Sacramento,58,56,51,58,232.5,113.0,234.0,223,0
Memphis,NewYork,41,42,53,44,199.5,97.5,200.0,180,0
OklahomaCity,Boston,60,64,68,71,228.0,111.0,227.0,263,1
LAClippers,Toronto,46,70,61,47,225.5,109.0,229.5,224,0
Denver,Detroit,70,53,57,52,209.0,103.5,209.0,232,1
Atlanta,Washington,55,63,70,78,230.0,113.0,233.0,266,1
Milwaukee,Brooklyn,40,53,58,56,230.0,117.0,227.5,207,0
Indiana,NewOrleans,45,58,54,59,219.0,107.5,218.0,216,0
Houston,Phoenix,60,60,54,54,227.5,111.5,229.5,228,0
SanAntonio,Sacramento,62,60,62,55,231.0,118.5,227.5,239,1
LALakers,Indiana,59,56,59,56,218.0,106.0,217.0,230,1
Boston,Cleveland,58,52,54,35,210.0,109.0,214.5,199,0
LAClippers,Charlotte,51,60,65,56,223.5,109.5,226.0,232,1
Detroit,NewYork,64,53,32,48,206.5,102.0,205.0,197,0
Orlando,OklahomaCity,63,68,59,64,223.5,110.5,224.5,254,1
Toronto,Philadelphia,68,59,55,44,229.5,112.0,229.0,226,0
Minnesota,Memphis,51,69,48,46,206.5,101.5,203.5,214,1
Miami,Portland,64,53,56,53,212.5,105.0,213.0,226,1
Denver,Brooklyn,65,67,63,70,226.0,111.5,221.5,265,1
Washington,Milwaukee,85,65,77,50,229.0,112.5,230.0,277,1
Charlotte,Dallas,47,51,47,47,215.5,106.5,216.5,192,0
Phoenix,Utah,54,48,48,54,216.5,104.0,221.0,204,0
Houston,Sacramento,60,61,57,50,236.0,112.5,233.5,228,0
SanAntonio,GoldenState,64,54,80,45,232.0,119.0,233.5,243,1
Minnesota,Orlando,63,66,58,47,215.0,105.5,218.0,234,1
LAClippers,Indiana,67,57,47,37,220.5,107.0,217.0,208,0
Toronto,Atlanta,55,73,45,47,232.5,112.0,231.5,220,0
Memphis,OklahomaCity,59,45,51,57,215.0,107.0,214.5,212,0
LALakers,Boston,54,69,69,65,228.0,112.0,224.5,257,1
SanAntonio,Portland,65,62,59,59,226.0,116.5,227.5,245,1
Denver,Philadelphia,56,56,53,62,229.5,110.5,229.0,227,0
Cleveland,Washington,68,50,60,47,221.0,115.0,220.0,225,1
NewYork,Detroit,63,54,56,50,205.0,100.0,206.0,223,1
Chicago,Brooklyn,59,44,70,58,227.0,117.0,223.5,231,1
Milwaukee,Dallas,58,57,65,49,226.0,116.0,222.0,229,1
GoldenState,Phoenix,57,56,54,57,229.5,112.0,231.0,224,0
Minnesota,NewOrleans,57,67,54,61,230.5,112.5,233.5,239,1
Miami,Sacramento,45,64,49,40,220.5,108.0,218.5,198,0
Cleveland,Indiana,47,49,38,61,210.0,108.5,211.0,195,0
Toronto,NewYork,48,40,55,60,215.5,105.5,216.5,203,0
NewOrleans,Memphis,48,37,49,55,214.5,103.5,212.0,189,0
Washington,Chicago,66,71,65,57,226.5,111.0,222.0,259,1
LAClippers,Boston,63,64,40,68,229.5,111.5,225.5,235,1
OklahomaCity,Houston,53,65,62,49,237.5,116.0,235.5,229,0
Orlando,Milwaukee,39,69,35,43,222.5,107.5,223.0,186,0
Portland,Dallas,49,55,66,33,220.0,112.5,219.5,203,0
Phoenix,Sacramento,56,51,52,62,231.0,111.5,228.5,221,0
Orlando,Atlanta,51,60,61,60,225.0,108.5,224.0,232,1
Miami,GoldenState,58,55,59,66,222.0,108.0,222.0,238,1
Washington,Detroit,63,57,49,64,224.5,109.0,220.0,233,1
Charlotte,Indiana,51,41,56,41,215.0,102.0,217.5,189,0
Brooklyn,Toronto,50,66,68,68,227.5,117.5,226.5,252,1
Portland,OklahomaCity,62,55,52,62,231.5,119.5,231.0,231,0
Dallas,Houston,47,67,56,54,224.5,108.5,221.0,224,1
Milwaukee,Chicago,43,56,51,61,227.0,116.5,229.5,211,0
LAClippers,Minnesota,55,63,72,60,233.0,113.0,228.5,250,1
Miami,Denver,62,41,50,37,213.0,102.5,212.0,190,0
LALakers,Atlanta,70,64,61,35,239.0,118.5,236.0,230,0
Orlando,NewOrleans,56,53,44,53,223.0,108.0,225.0,206,0
Boston,Philadelphia,51,47,53,70,225.0,114.5,226.0,221,0
SanAntonio,Memphis,53,62,65,35,207.5,108.0,208.0,215,1
Utah,GoldenState,39,52,74,58,229.5,116.5,228.0,223,0
Brooklyn,Cleveland,59,54,55,50,225.0,116.5,219.5,287,1
Milwaukee,Indiana,44,58,53,48,218.5,112.5,219.0,203,0
Detroit,Boston,57,52,54,65,211.0,103.5,211.0,228,1
Washington,Toronto,56,68,72,53,232.5,114.0,232.5,249,1
Philadelphia,NewYork,70,56,65,46,222.5,107.0,222.5,237,1
Memphis,Chicago,68,61,46,57,207.5,102.5,203.5,232,1
Miami,Dallas,54,61,48,50,208.0,101.5,207.0,213,1
Sacramento,Denver,71,56,57,54,232.5,114.0,229.5,238,1
Houston,Minnesota,57,53,61,61,231.5,111.0,232.0,232,0
GoldenState,Portland,64,61,64,47,235.0,115.0,233.0,236,1
Phoenix,LAClippers,54,64,61,62,232.5,113.0,228.0,241,1
Charlotte,Orlando,51,56,58,51,215.0,104.0,215.0,216,1
NewYork,Atlanta,41,64,50,42,228.0,110.5,224.0,197,0
OklahomaCity,NewOrleans,62,67,61,63,238.5,117.0,237.0,253,1
Miami,Philadelphia,50,57,41,60,220.5,107.5,218.0,208,0
Phoenix,Cleveland,51,55,43,60,221.5,109.5,219.0,209,0
Portland,Brooklyn,44,56,56,56,231.5,118.0,230.5,212,0
Boston,Milwaukee,42,58,40,55,227.0,117.0,228.0,195,0
Sacramento,GoldenState,65,57,58,68,239.0,118.5,239.0,248,1
Washington,Charlotte,65,60,58,50,231.5,114.0,230.0,233,1
NewOrleans,Indiana,59,70,62,46,223.0,109.0,220.0,237,1
Chicago,Orlando,50,54,67,48,216.5,111.5,217.0,219,1
SanAntonio,Toronto,49,62,68,58,227.0,117.0,227.0,237,1
Detroit,Atlanta,67,71,57,52,221.5,109.0,223.0,247,1
LAClippers,Memphis,59,59,51,49,217.0,105.5,214.0,218,1
Denver,Dallas,55,48,62,53,223.0,109.0,217.0,218,1
Utah,OklahomaCity,69,54,65,70,227.0,116.5,226.0,295,1
Portland,Philadelphia,52,63,67,63,229.5,118.0,229.5,245,1
Memphis,Cleveland,61,58,47,53,209.0,102.5,202.5,219,1
Brooklyn,Charlotte,54,59,61,58,228.0,117.5,226.5,232,1
LALakers,NewOrleans,77,49,58,59,234.5,114.0,233.0,243,1
Phoenix,Atlanta,66,56,51,59,234.0,113.0,233.0,232,0
Detroit,Miami,49,51,60,55,209.5,102.5,205.5,215,1
Boston,Chicago,61,54,60,67,220.0,114.0,221.0,242,1
Sacramento,OklahomaCity,55,57,65,58,240.0,117.0,238.5,235,0
Houston,GoldenState,55,60,63,52,232.0,112.5,234.5,230,0
Minnesota,Milwaukee,67,72,77,52,232.5,114.0,230.0,268,1
Dallas,Utah,56,63,45,70,214.0,106.5,213.5,234,1
Orlando,Toronto,40,63,48,60,216.0,106.5,219.0,211,0
LAClippers,Denver,61,59,54,45,235.0,114.0,232.0,219,0
SanAntonio,NewYork,56,59,62,71,226.0,116.5,221.5,248,1
Portland,Cleveland,47,72,53,61,225.0,114.5,221.5,233,1
Indiana,Detroit,56,50,55,61,211.5,103.5,212.5,222,1
GoldenState,Charlotte,64,64,58,45,233.5,114.0,233.5,231,0
Phoenix,Miami,52,63,56,74,217.0,106.5,214.0,245,1
SanAntonio,Brooklyn,48,42,50,46,233.5,113.5,231.0,186,0
Milwaukee,Chicago,63,54,53,53,224.5,115.0,228.5,223,0
Atlanta,Houston,67,53,60,50,233.5,114.0,232.0,230,0
Sacramento,Minnesota,49,67,57,44,237.5,114.5,236.0,217,0
LALakers,Memphis,65,52,51,47,222.0,107.5,220.0,215,0
Orlando,NewYork,54,63,51,43,215.5,106.5,214.0,211,0
Boston,Toronto,62,49,52,50,226.0,116.0,226.0,213,0
OklahomaCity,Denver,55,60,54,64,238.0,115.5,237.0,233,0
Houston,Charlotte,74,57,53,47,227.5,111.0,228.0,231,1
Minnesota,Atlanta,73,55,53,55,235.5,113.5,236.0,254,1
Portland,Boston,49,36,53,51,228.0,115.5,227.0,189,0
Washington,Brooklyn,62,66,52,61,237.5,116.5,236.5,241,1
GoldenState,Miami,54,79,59,59,225.5,110.5,224.5,251,1
Chicago,Memphis,40,52,57,67,216.5,110.5,214.5,216,1
Detroit,SanAntonio,59,40,46,53,220.5,107.5,220.5,198,0
LAClippers,Utah,59,46,61,50,227.0,111.5,228.0,216,0
Milwaukee,Sacramento,67,68,60,57,237.5,122.5,232.0,281,1
NewOrleans,LALakers,63,57,67,57,239.5,116.0,238.5,244,1
Minnesota,Indiana,61,63,58,55,221.5,108.5,221.5,237,1
GoldenState,Orlando,50,60,41,48,224.0,110.5,226.0,199,0
Miami,Houston,65,59,60,55,219.0,107.5,218.5,239,1
Utah,Denver,41,48,62,64,224.5,114.5,223.5,215,0
Philadelphia,OklahomaCity,63,46,56,47,239.5,116.0,238.5,212,0
Portland,Toronto,55,60,62,59,229.5,117.5,228.0,236,1
Chicago,Atlanta,59,58,62,69,230.0,117.5,231.0,329,1
Charlotte,Brooklyn,63,55,66,51,228.0,110.5,228.5,235,1
Washington,Boston,50,44,69,40,234.5,113.5,231.5,203,0
NewOrleans,Phoenix,59,54,65,68,239.0,116.0,237.0,246,1
LAClippers,Sacramento,49,59,61,56,238.0,116.0,240.0,225,0
Milwaukee,LALakers,53,71,63,64,239.0,122.0,236.5,251,1
Detroit,Cleveland,65,44,63,50,214.5,104.0,216.5,222,1
Brooklyn,Miami,51,47,50,57,222.5,114.0,220.5,205,0
Memphis,Dallas,54,57,46,35,214.5,105.0,212.0,192,0
GoldenState,Philadelphia,63,59,61,54,238.0,116.5,234.5,237,1
OklahomaCity,SanAntonio,63,72,35,48,229.0,112.0,230.0,218,0
LALakers,Phoenix,59,66,48,54,234.5,113.0,232.5,227,0
Milwaukee,Utah,49,50,52,75,223.0,114.5,225.0,226,1
NewOrleans,Denver,66,72,51,43,238.0,116.5,234.0,232,0
Houston,Boston,56,52,70,41,225.5,110.0,226.0,219,0
Atlanta,Chicago,67,60,60,54,229.0,112.0,230.5,241,1
NewYork,LAClippers,58,70,51,56,226.5,110.0,230.5,235,1
Orlando,Cleveland,53,47,39,61,214.5,105.0,215.0,200,0
Toronto,Detroit,43,50,58,49,217.5,106.0,219.0,219,0
Minnesota,Washington,76,50,58,72,240.5,118.0,239.0,256,1
Memphis,OklahomaCity,53,45,44,52,217.5,107.5,219.0,194,0
Dallas,Brooklyn,52,60,60,43,226.5,109.5,224.0,215,0
Atlanta,Miami,63,59,48,57,222.0,108.5,225.0,227,1
Denver,SanAntonio,53,53,48,53,229.5,110.5,228.0,207,0
Milwaukee,Phoenix,51,55,52,61,232.5,118.0,234.5,219,0
NewOrleans,Utah,57,56,57,57,231.5,114.0,230.5,227,0
NewYork,Sacramento,59,47,60,57,229.0,111.5,231.5,223,0
LAClippers,LALakers,60,58,58,42,235.0,115.0,237.5,218,0
Orlando,Philadelphia,73,61,42,44,222.0,108.5,221.0,220,0
Chicago,Indiana,44,47,61,49,217.5,111.0,220.0,201,0
Houston,Toronto,42,50,48,62,229.0,110.0,228.0,202,0
Portland,Memphis,53,71,44,63,215.5,111.0,215.5,231,1
OklahomaCity,Minnesota,54,74,61,62,236.5,116.0,234.0,251,1
Boston,GoldenState,56,65,60,42,228.5,116.5,229.5,223,0
Miami,Charlotte,47,39,33,56,215.5,105.0,219.5,175,0
Dallas,Washington,76,58,61,60,232.5,113.5,231.5,255,1
Minnesota,Detroit,57,67,54,67,223.5,109.0,224.0,245,1
SanAntonio,Atlanta,50,59,48,58,234.0,119.0,232.5,215,0
Cleveland,Brooklyn,51,54,60,55,228.0,116.5,225.5,220,0
Utah,NewOrleans,48,57,56,57,230.0,117.5,231.5,218,0
Philadelphia,Chicago,60,54,54,47,230.0,111.0,227.0,215,0
NewYork,Phoenix,38,58,49,58,227.5,110.5,225.0,203,0
Boston,Sacramento,58,40,61,61,227.0,115.0,229.0,220,0
Denver,LALakers,68,47,47,52,231.0,111.5,228.0,214,0
Indiana,Milwaukee,56,48,52,59,223.0,109.5,222.5,215,0
OklahomaCity,Portland,61,58,49,58,233.0,113.5,234.0,250,1
Washington,Charlotte,54,49,62,58,234.0,114.0,234.0,223,0
Dallas,Orlando,48,61,56,52,214.0,104.5,213.5,217,1
Utah,Memphis,52,61,50,55,209.0,107.0,213.5,218,1
Cleveland,Miami,57,57,63,59,213.5,108.5,213.0,236,1
Toronto,NewOrleans,60,65,48,58,230.0,111.5,232.5,231,0
Philadelphia,Houston,58,45,49,46,230.5,111.0,231.5,198,0
Detroit,Chicago,54,61,34,67,218.5,104.5,218.0,216,0
Denver,GoldenState,50,67,48,62,234.5,114.0,233.0,227,0
OklahomaCity,LAClippers,68,56,48,56,236.5,115.5,236.0,228,0
Sacramento,NewYork,53,41,54,48,225.5,110.5,228.0,196,0
Brooklyn,Atlanta,49,54,57,66,238.0,121.5,235.0,226,0
Washington,Minnesota,67,64,63,48,242.0,118.0,243.0,265,1
Boston,LALakers,49,55,65,58,220.5,112.5,226.5,227,1
Charlotte,Milwaukee,56,58,67,64,228.0,110.5,228.0,245,1
Phoenix,Portland,47,66,66,68,226.5,110.5,229.5,247,1
Chicago,Detroit,63,53,67,56,214.0,109.5,219.0,239,1
Toronto,Miami,59,63,48,59,214.5,104.5,216.5,229,1
Indiana,Philadelphia,51,59,32,53,217.5,106.5,221.0,195,0
NewOrleans,Atlanta,59,72,49,64,237.0,116.5,238.5,244,1
Houston,Dallas,51,61,41,34,222.5,108.5,223.5,187,0
NewYork,Minnesota,45,55,45,50,222.5,107.5,227.0,195,0
Phoenix,GoldenState,45,68,46,67,234.0,114.5,234.5,226,0
Toronto,Cleveland,49,65,54,59,224.5,110.0,222.0,227,1
Sacramento,Washington,48,71,52,65,240.0,116.5,241.5,236,0
Detroit,Brooklyn,46,50,54,28,222.5,107.5,221.0,178,0
Charlotte,Houston,57,58,58,51,223.0,107.5,225.5,224,0
OklahomaCity,Utah,43,44,53,47,226.0,110.5,227.5,187,0
Boston,LAClippers,44,67,75,69,227.5,117.0,226.0,255,1
NewYork,Indiana,56,51,51,43,208.5,103.5,212.0,201,0
Cleveland,Philadelphia,36,64,58,47,223.5,113.5,222.5,205,0
Milwaukee,NewOrleans,46,58,86,53,236.5,120.5,237.5,243,1
LALakers,Chicago,50,65,67,48,225.5,109.0,226.5,230,1
Minnesota,Denver,51,55,66,68,227.5,109.5,227.5,240,1
Portland,LAClippers,53,49,67,60,232.5,118.0,231.5,229,0
Orlando,Washington,57,57,36,40,226.5,109.5,226.0,190,0
Brooklyn,OklahomaCity,46,48,64,46,232.5,118.0,230.5,204,0
GoldenState,Houston,56,50,57,47,228.0,110.5,230.5,210,0
Utah,Phoenix,52,44,57,58,219.5,113.0,222.5,211,0
Cleveland,Orlando,56,46,49,60,212.0,109.5,210.5,211,1
Sacramento,Boston,63,55,66,62,228.0,112.0,228.5,246,1
Minnesota,Utah,59,60,53,48,220.5,108.0,222.0,220,0
Dallas,Denver,55,53,60,31,220.5,108.0,219.0,199,0
LALakers,Detroit,49,37,53,69,215.5,104.0,221.0,208,0
Sacramento,Philadelphia,62,58,68,49,233.5,113.0,229.5,237,1
Charlotte,Washington,66,53,54,53,233.5,113.5,232.0,226,0
Phoenix,Houston,57,55,56,42,226.0,111.5,225.0,210,0
Portland,NewOrleans,67,46,56,63,233.0,119.0,235.5,232,0
Milwaukee,Miami,56,48,55,52,220.5,113.5,221.0,211,0
NewYork,SanAntonio,51,46,54,41,214.0,103.0,216.5,192,0
Chicago,LAClippers,63,57,66,63,229.5,118.0,229.0,249,1
Atlanta,Boston,79,57,61,52,233.0,115.0,231.5,249,1
Memphis,Washington,72,68,68,55,225.0,110.0,224.0,263,1
Phoenix,NewOrleans,65,61,48,70,235.0,115.0,232.5,274,1
GoldenState,OklahomaCity,67,43,48,40,228.5,111.5,231.5,198,0
Portland,SanAntonio,44,54,50,63,223.0,114.5,227.0,211,0
Cleveland,Dallas,60,63,65,49,217.5,111.0,215.5,237,1
Indiana,Denver,61,56,37,48,214.0,104.0,215.0,202,0
LALakers,NewYork,71,58,61,57,220.5,108.0,219.0,247,1
Charlotte,Miami,39,39,43,47,210.0,102.0,215.0,168,0
Philadelphia,Milwaukee,59,56,56,84,230.0,113.0,231.0,255,1
Atlanta,Orlando,53,49,41,49,225.0,108.5,225.0,192,0
Chicago,Sacramento,47,49,74,61,231.0,117.0,233.0,231,0
Minnesota,Houston,56,43,72,48,224.5,109.5,227.0,219,0
Brooklyn,LAClippers,53,62,59,61,230.0,118.0,231.0,235,1
Detroit,Cleveland,57,64,54,70,212.0,104.0,214.0,245,1
Utah,Washington,55,47,60,49,227.0,115.5,228.5,211,0
Denver,Boston,46,61,53,59,221.5,107.5,222.5,219,0
NewYork,Toronto,67,60,43,50,213.5,104.5,212.0,220,1
Miami,OklahomaCity,52,61,48,62,209.5,103.0,210.5,223,1
GoldenState,SanAntonio,50,55,55,56,226.5,110.5,225.5,216,0
Chicago,Phoenix,54,45,60,58,227.0,117.5,229.0,217,0
Philadelphia,Charlotte,61,60,53,58,223.0,108.5,223.5,232,1
Houston,Atlanta,50,50,56,70,233.0,112.0,232.5,226,0
LALakers,Milwaukee,59,60,64,33,228.5,113.0,236.5,216,0
Brooklyn,Sacramento,63,61,57,63,231.0,118.5,230.5,244,1
Indiana,LAClippers,41,63,60,60,219.0,107.5,220.0,224,1
Milwaukee,Cleveland,54,51,57,47,224.5,116.0,230.0,209,0
NewOrleans,Orlando,64,50,51,50,224.0,109.0,226.0,215,0
Boston,Philadelphia,69,58,48,58,224.0,115.5,226.0,233,1
Utah,NewYork,64,57,69,63,210.5,109.0,211.5,253,1
Washington,Chicago,63,57,46,60,229.0,112.0,234.5,246,1
Houston,Memphis,63,53,59,55,215.5,105.5,217.5,251,1
Miami,SanAntonio,46,63,59,47,211.0,103.0,210.5,215,1
Toronto,OklahomaCity,70,48,52,50,227.0,111.0,225.0,237,1
Dallas,Portland,43,74,67,60,217.5,106.0,217.5,244,1
Minnesota,Charlotte,50,55,54,60,223.0,109.5,222.0,219,0
Denver,Washington,63,51,56,51,229.5,110.0,228.5,221,0
Utah,Atlanta,57,62,58,54,226.0,118.0,228.0,231,1
Dallas,Sacramento,56,48,56,56,228.5,112.5,230.5,216,0
Detroit,Phoenix,61,57,49,49,217.5,107.5,218.5,216,0
Indiana,GoldenState,38,58,54,51,218.5,106.0,220.5,201,0
Memphis,Orlando,56,66,54,44,205.5,102.0,208.5,242,1
Denver,NewYork,55,43,46,60,215.0,104.0,214.5,204,0
LAClippers,Cleveland,65,53,57,43,226.5,111.5,228.0,218,0
OklahomaCity,Toronto,51,55,57,62,225.0,109.0,226.5,225,0
SanAntonio,Houston,60,49,53,54,221.5,108.0,220.0,216,0
Miami,Milwaukee,65,49,49,40,218.0,105.5,220.0,203,0
Boston,Charlotte,64,63,60,54,222.0,114.5,222.0,241,1
Philadelphia,Atlanta,75,67,58,56,236.5,116.0,235.5,256,1
Minnesota,Memphis,50,49,53,59,217.0,106.0,216.5,211,0
Utah,Chicago,51,55,46,45,213.0,109.5,220.5,197,0
Dallas,GoldenState,59,61,58,39,219.5,106.0,225.5,217,0
Detroit,Portland,60,55,66,48,215.5,105.5,216.5,229,1
Phoenix,Sacramento,51,49,54,61,230.5,113.5,230.0,215,0
LAClippers,NewYork,53,66,54,64,223.5,110.0,222.0,237,1
Cleveland,Milwaukee,59,64,44,65,223.0,113.5,224.0,232,1
Denver,Indiana,50,58,51,53,210.5,102.0,212.0,212,0
Charlotte,Toronto,59,56,63,51,223.0,109.0,220.5,229,1
Houston,NewOrleans,52,55,49,47,229.5,111.5,230.5,203,0
SanAntonio,Boston,55,46,55,55,222.0,109.0,220.5,211,0
Detroit,GoldenState,57,55,62,61,219.0,106.0,220.5,235,1
Philadelphia,Orlando,62,55,49,51,219.0,107.5,219.5,217,0
OklahomaCity,Memphis,54,48,62,54,216.5,106.0,219.5,218,0
Phoenix,Utah,47,58,57,55,216.0,105.0,217.5,217,0
Brooklyn,Portland,58,66,61,55,223.5,116.5,225.5,292,1
Boston,Cleveland,59,49,61,53,216.5,112.0,220.0,222,1
SanAntonio,Charlotte,52,62,48,50,220.0,108.5,220.5,241,1
Orlando,Miami,50,43,53,57,205.0,99.5,206.0,203,0
Chicago,Toronto,44,53,60,58,219.0,113.0,222.5,215,0
LAClippers,Minnesota,65,65,55,48,229.5,111.5,231.5,233,1
Atlanta,NewOrleans,76,51,62,61,242.5,116.5,240.0,250,1
Houston,Milwaukee,45,66,50,41,224.0,109.5,227.0,202,0
Sacramento,Dallas,48,62,66,70,226.0,110.5,225.5,246,1
Detroit,Denver,36,69,38,44,213.0,103.0,211.5,187,0
Indiana,OklahomaCity,56,43,46,61,217.5,109.0,216.5,206,0
GoldenState,Memphis,68,58,47,48,220.5,107.5,219.5,221,1
Portland,Chicago,41,59,52,64,216.0,110.5,218.0,216,0
Washington,Phoenix,57,61,61,66,230.5,113.0,231.0,245,1
LALakers,Utah,57,56,45,57,219.0,107.0,221.0,215,0
Brooklyn,Philadelphia,61,65,54,53,232.0,118.0,230.5,233,1
Orlando,Detroit,57,49,59,48,205.5,101.5,206.5,213,1
Toronto,NewYork,48,43,60,58,219.5,106.5,217.0,209,0
Dallas,Miami,55,53,49,47,212.5,104.5,208.5,204,0
Sacramento,NewOrleans,56,70,55,58,234.0,113.5,239.5,239,0
LAClippers,Milwaukee,53,60,64,69,231.0,111.5,232.5,246,1
Denver,Houston,47,59,46,45,216.5,105.0,218.0,197,0
Cleveland,SanAntonio,55,42,68,61,217.0,111.0,218.0,226,1
Indiana,Boston,60,63,57,46,213.0,105.0,214.5,226,1
Portland,Atlanta,68,43,55,50,233.0,119.0,232.5,216,0
Denver,OklahomaCity,62,46,53,59,218.0,107.0,221.0,220,0
GoldenState,Minnesota,59,63,50,58,229.0,111.0,230.0,261,1
Washington,Utah,69,63,50,70,226.0,110.5,226.5,252,1
Cleveland,LAClippers,58,59,59,64,228.5,116.5,228.5,240,1
Boston,Brooklyn,38,59,55,54,222.5,115.0,221.5,206,0
Sacramento,Houston,67,56,61,43,229.0,113.0,227.5,227,0
Portland,Detroit,25,40,60,64,214.0,110.5,215.0,189,0
Orlando,Indiana,60,53,69,55,205.5,101.5,204.5,237,1
Miami,NewYork,62,54,42,34,209.0,103.0,208.5,192,0
Philadelphia,Minnesota,58,65,50,54,230.0,112.0,230.0,227,0
Toronto,Chicago,54,69,45,57,214.0,105.0,215.0,225,1
Memphis,Phoenix,61,55,64,55,220.5,109.0,220.0,235,1
Dallas,OklahomaCity,55,59,41,54,218.0,106.5,224.0,209,0
LALakers,NewOrleans,52,71,66,43,231.0,112.0,235.0,232,0
Sacramento,SanAntonio,58,57,61,43,224.5,109.0,227.0,219,0
Washington,Denver,57,58,32,38,227.5,111.5,226.5,185,0
Charlotte,GoldenState,62,58,57,50,230.0,111.0,229.5,227,0
Memphis,LAClippers,44,63,48,54,224.0,109.0,221.0,209,0
Detroit,Indiana,56,58,53,46,203.5,99.5,206.0,213,1
Miami,Boston,53,55,57,50,213.0,104.0,212.5,215,1
Milwaukee,Brooklyn,55,58,67,72,229.5,118.0,226.5,252,1
Orlando,Toronto,65,49,56,60,216.0,107.0,215.5,230,1
Chicago,NewYork,56,55,57,50,213.0,110.5,212.5,218,1
Portland,Minnesota,61,78,58,57,225.5,115.5,223.0,254,1
Philadelphia,Dallas,59,59,56,50,219.0,107.0,220.5,224,1
Charlotte,Utah,49,42,52,70,218.0,106.0,218.0,213,0
Cleveland,Phoenix,54,69,52,60,224.0,115.5,221.5,235,1
LALakers,OklahomaCity,62,52,58,50,226.0,109.0,224.0,222,0
Atlanta,SanAntonio,64,50,62,52,230.0,111.5,227.0,228,1
Houston,Sacramento,56,52,60,67,226.0,109.0,227.0,235,1
Indiana,Detroit,33,47,60,57,205.5,100.0,205.5,197,0
NewYork,Orlando,52,51,56,55,212.5,103.0,212.5,214,1
Chicago,Washington,54,59,57,59,225.5,116.5,228.0,229,1
Philadelphia,Atlanta,80,60,52,60,239.5,117.0,236.5,252,1
Toronto,Brooklyn,56,51,61,52,228.5,111.0,227.5,220,0
Charlotte,NewOrleans,45,69,47,63,229.5,112.0,231.0,224,0
Minnesota,Dallas,59,57,52,50,227.0,111.0,223.5,218,0
SanAntonio,Denver,52,52,46,48,214.5,104.5,213.0,198,0
Utah,Phoenix,56,53,51,55,219.5,111.0,220.5,215,0
Memphis,Portland,58,63,34,50,216.5,106.0,216.0,205,0
Houston,LAClippers,65,56,54,63,229.0,112.5,229.0,238,1
Milwaukee,Philadelphia,56,58,54,82,231.5,116.5,231.5,250,1
Cleveland,Sacramento,51,57,69,44,229.5,117.0,228.5,221,0
GoldenState,LALakers,51,51,58,38,226.5,110.5,227.0,198,0
SanAntonio,Washington,69,66,58,48,225.5,110.0,227.0,241,1
Toronto,Charlotte,67,55,54,48,224.0,109.0,223.0,224,1
Atlanta,Orlando,60,69,64,69,225.5,108.0,226.5,262,1
NewYork,Houston,48,67,52,49,216.5,105.5,220.5,216,0
Detroit,OklahomaCity,64,67,62,40,216.0,105.0,215.5,233,1
Memphis,Dallas,61,57,65,51,211.5,104.0,215.0,234,1
Sacramento,Utah,55,59,52,51,222.0,106.5,224.0,217,0
NewOrleans,Phoenix,69,72,54,39,228.5,112.0,232.0,259,1
Cleveland,GoldenState,62,55,66,51,225.0,113.5,225.0,234,1
LALakers,LAClippers,65,63,42,69,228.0,112.0,229.5,239,1
Portland,Denver,51,55,65,58,216.0,111.5,216.0,229,1
Brooklyn,Milwaukee,60,71,73,57,235.5,120.0,233.0,261,1
Philadelphia,Chicago,44,62,48,58,227.5,110.0,226.0,212,0
Miami,Toronto,51,56,50,49,214.5,105.5,214.5,226,1
OklahomaCity,Minnesota,69,53,70,66,229.0,111.5,230.0,258,1
Charlotte,Detroit,59,43,56,37,217.5,105.5,214.5,195,0
Brooklyn,Indiana,56,40,55,53,220.0,113.5,218.0,204,0
Atlanta,Milwaukee,49,50,58,65,235.0,113.5,235.0,222,0
Phoenix,Houston,58,66,70,68,223.0,108.0,222.5,262,1
Orlando,Boston,54,46,61,63,218.0,106.5,216.0,224,1
Washington,NewYork,52,56,60,55,226.0,110.5,226.0,223,0
LAClippers,GoldenState,60,57,60,58,237.5,115.5,235.5,235,0
Denver,Portland,54,55,58,56,219.0,107.5,217.5,223,1
NewOrleans,Sacramento,71,63,70,58,232.5,114.0,235.0,262,1
Utah,LALakers,61,52,51,58,216.5,111.5,216.5,222,1
Memphis,Detroit,52,43,48,50,210.0,103.5,209.5,193,0
Charlotte,Cleveland,64,56,45,56,220.5,107.5,220.5,221,1
Boston,Washington,64,63,57,42,222.5,115.0,224.5,226,1
Philadelphia,Miami,54,49,48,70,219.0,106.5,220.0,221,1
NewYork,Chicago,63,44,35,40,215.0,105.5,215.0,182,0
Toronto,Minnesota,54,62,60,44,227.0,109.5,229.0,220,0
GoldenState,NewOrleans,37,75,55,48,235.0,113.5,235.0,215,0
Phoenix,Dallas,51,55,71,52,225.0,109.5,223.0,229,1
Denver,Utah,48,71,58,49,212.5,103.5,214.5,226,1
Houston,OklahomaCity,58,53,62,50,229.5,112.5,228.0,223,0
Portland,LALakers,51,50,46,58,225.5,115.5,224.5,205,0
GoldenState,Memphis,86,68,50,45,214.5,104.0,219.0,249,1
OklahomaCity,Milwaukee,60,66,61,56,227.5,111.5,230.0,243,1
Dallas,SanAntonio,46,48,51,54,219.0,105.5,218.0,199,0
Chicago,Philadelphia,52,52,57,73,218.5,111.0,223.0,234,1
Orlando,Charlotte,55,65,65,51,217.5,106.5,219.0,236,1
Indiana,Atlanta,63,79,70,57,225.5,111.5,225.0,269,1
Miami,Brooklyn,55,55,53,44,219.0,107.5,218.0,207,0
Detroit,NewYork,58,48,45,53,205.0,99.5,208.0,204,0
Minnesota,Denver,43,58,51,42,218.5,106.5,218.5,194,0
Sacramento,Portland,69,80,62,56,226.5,109.5,229.0,267,1
Utah,LAClippers,65,71,63,53,225.0,114.5,225.0,280,1
Brooklyn,Philadelphia,53,63,59,38,228.5,118.0,232.0,213,0
Orlando,Toronto,55,51,45,54,212.5,105.5,216.0,205,0
LAClippers,GoldenState,63,62,52,48,234.0,114.5,230.5,225,0
SanAntonio,Denver,45,65,30,57,210.5,104.0,211.5,197,0
Indiana,Boston,40,43,34,41,210.0,104.0,209.5,158,0
OklahomaCity,Portland,64,38,43,58,224.5,109.0,224.0,203,0
Detroit,Milwaukee,56,57,45,49,215.5,105.5,219.5,207,0
Utah,Houston,55,48,51,58,212.5,108.0,219.0,212,0
Brooklyn,Philadelphia,62,67,74,65,224.0,114.0,226.0,268,1
LAClippers,GoldenState,58,65,79,64,234.0,113.0,230.5,266,1
Orlando,Toronto,44,46,66,37,212.5,104.0,210.5,193,0
SanAntonio,Denver,47,61,49,62,210.5,103.5,208.5,219,1
Indiana,Boston,62,40,45,43,207.0,102.5,204.0,190,0
Detroit,Milwaukee,65,52,52,50,215.5,107.0,210.5,219,1
Utah,Houston,58,56,48,54,216.0,111.0,212.5,216,1
Philadelphia,Brooklyn,56,68,63,59,229.5,112.5,227.0,246,1
Denver,SanAntonio,53,66,53,54,207.0,103.0,212.0,226,1
GoldenState,LAClippers,65,60,60,52,234.0,112.5,237.0,237,0
Toronto,Orlando,47,46,48,50,211.0,103.5,210.0,191,0
Portland,OklahomaCity,43,45,80,60,221.0,112.5,221.5,228,1
Philadelphia,Brooklyn,57,63,56,44,231.0,114.0,233.0,220,0
Denver,SanAntonio,56,52,62,50,209.5,103.0,211.0,220,1
Milwaukee,Detroit,56,65,57,44,216.5,110.5,217.0,222,1
Houston,Utah,58,47,45,55,214.5,106.5,216.0,205,0
Boston,Indiana,44,52,49,71,204.5,104.5,203.0,216,1
GoldenState,LAClippers,54,62,55,47,236.0,115.5,235.0,218,0
Toronto,Orlando,54,46,52,40,206.0,101.5,207.0,192,0
Portland,OklahomaCity,50,46,51,62,222.0,114.0,223.5,209,0
Milwaukee,Detroit,54,64,62,51,220.0,112.5,218.5,231,1
Houston,Utah,56,44,55,43,214.5,106.0,212.5,198,0
SanAntonio,Denver,45,50,53,50,210.5,103.5,212.0,198,0
OklahomaCity,Portland,66,55,57,55,222.0,111.0,219.5,233,1
Orlando,Toronto,54,60,55,42,206.0,102.0,205.0,211,1
Brooklyn,Philadelphia,47,44,68,63,229.5,114.0,230.0,222,0
LAClippers,GoldenState,78,56,64,52,231.5,119.0,235.0,250,1
Utah,Houston,40,48,56,49,213.5,109.5,213.0,193,0
Denver,SanAntonio,58,66,51,48,209.0,103.5,208.5,223,1
GoldenState,LAClippers,66,59,55,59,232.0,112.0,234.5,239,1
SanAntonio,Denver,36,45,52,43,207.5,102.0,211.0,176,0
Philadelphia,Toronto,70,43,60,30,223.5,111.5,222.5,203,0
Boston,Milwaukee,43,59,57,43,223.0,114.5,224.0,202,0
Houston,GoldenState,47,59,53,45,224.0,112.0,225.5,204,0
Philadelphia,Toronto,43,46,43,51,219.5,111.0,220.5,183,0
Portland,Denver,64,49,64,57,215.0,111.0,216.5,234,1
Boston,Milwaukee,55,59,57,54,219.0,112.5,220.5,225,1
Portland,Denver,51,34,57,45,219.5,112.5,217.5,187,0
Toronto,Philadelphia,61,56,53,41,216.0,106.0,216.0,211,0
Milwaukee,Boston,55,56,71,57,220.0,112.0,220.0,239,1
Denver,Portland,40,55,62,47,215.0,104.0,215.5,277,1
GoldenState,Houston,51,56,68,49,219.5,108.0,222.0,247,1
Toronto,Philadelphia,45,47,58,47,215.0,109.5,215.0,197,0
Denver,Portland,62,58,41,67,211.0,105.5,214.0,228,1
Milwaukee,Boston,52,44,56,62,221.5,113.5,221.0,214,0
GoldenState,Houston,53,62,62,43,219.5,110.5,221.0,220,0
Philadelphia,Toronto,53,54,55,52,212.5,107.5,211.0,214,1
Portland,Denver,56,56,46,64,213.5,108.5,212.5,222,1
Boston,Milwaukee,41,50,51,65,220.5,112.5,217.5,207,0
Houston,GoldenState,48,52,44,59,221.0,110.0,220.0,203,0
Toronto,Philadelphia,50,51,53,59,212.0,108.5,213.0,213,0
Denver,Portland,60,52,55,60,213.0,105.5,215.0,227,1
GoldenState,Houston,55,59,55,62,215.5,108.0,212.0,231,1
Philadelphia,Toronto,31,53,47,51,210.0,107.5,208.5,182,0
Portland,Denver,46,41,56,53,211.0,108.5,212.5,196,0
Portland,GoldenState,50,49,49,62,220.5,114.0,218.5,210,0
Toronto,Milwaukee,57,53,49,49,218.0,112.0,218.0,208,0
Portland,GoldenState,60,55,63,47,219.5,112.5,218.0,225,1
Toronto,Milwaukee,56,47,70,55,219.5,111.0,214.0,228,1
GoldenState,Portland,56,63,42,48,220.5,108.5,221.0,209,0
Milwaukee,Toronto,51,58,43,40,222.0,113.5,220.5,230,1
GoldenState,Portland,71,63,48,40,218.0,109.0,218.5,236,1
Milwaukee,Toronto,63,57,55,47,216.0,110.5,216.0,222,1
Toronto,Milwaukee,54,41,52,57,215.5,110.0,218.0,204,0
Milwaukee,Toronto,49,44,54,47,214.0,109.5,213.0,194,0
GoldenState,Toronto,46,62,61,58,212.5,105.0,215.5,227,1
GoldenState,Toronto,53,60,55,45,213.5,106.5,216.0,213,0
Toronto,GoldenState,65,47,67,53,209.5,108.0,214.0,232,1
Toronto,GoldenState,40,48,58,51,215.0,110.5,216.0,197,0
GoldenState,Toronto,62,56,44,49,217.0,107.0,212.0,211,0
Toronto,GoldenState,65,52,57,50,211.5,107.5,211.0,224,1
NewOrleans,Toronto,57,60,57,60,229.5,113.0,231.5,252,1
LALakers,LAClippers,47,69,54,44,224.0,110.5,227.0,214,0
Detroit,Indiana,51,58,60,60,211.0,104.0,210.0,229,1
Cleveland,Orlando,52,44,40,43,211.5,108.0,212.5,179,0
Chicago,Charlotte,65,53,73,60,216.5,112.0,218.5,251,1
Boston,Philadelphia,45,52,48,55,214.5,110.5,215.0,200,0
Memphis,Miami,56,58,53,54,213.0,104.5,210.5,221,1
Minnesota,Brooklyn,55,69,57,49,229.0,112.5,225.5,253,1
NewYork,SanAntonio,37,73,57,64,214.5,104.5,214.0,231,1
Washington,Dallas,49,61,49,49,220.0,105.5,223.0,208,0
OklahomaCity,Utah,35,60,47,53,221.5,107.0,222.0,195,0
Sacramento,Phoenix,54,59,49,57,232.5,114.0,233.0,219,0
Denver,Portland,51,53,43,61,217.5,106.0,219.5,208,0
Milwaukee,Houston,53,63,49,63,231.0,117.5,231.5,228,0
Toronto,Boston,43,56,59,60,213.0,104.5,217.5,218,1
Minnesota,Charlotte,62,52,70,36,225.0,109.5,229.0,220,0
NewYork,Brooklyn,55,60,62,45,228.0,110.0,225.5,222,0
Washington,OklahomaCity,52,46,50,34,218.0,106.5,218.5,182,0
Dallas,NewOrleans,68,68,52,51,227.0,111.5,228.0,239,1
Chicago,Memphis,54,53,53,52,224.0,116.0,220.5,212,0
Phoenix,Denver,36,48,42,64,219.5,111.5,221.0,215,0
Portland,Sacramento,52,62,64,56,227.5,117.5,226.5,234,1
Miami,Milwaukee,62,61,52,67,223.0,107.5,226.5,257,1
Philadelphia,Detroit,57,54,55,62,213.0,103.0,214.0,228,1
Boston,NewYork,46,51,61,55,218.5,112.0,210.0,213,1
Indiana,Cleveland,54,59,51,45,213.0,103.5,213.5,209,0
Toronto,Chicago,47,41,58,46,219.5,105.0,223.0,192,0
NewOrleans,Houston,53,69,75,52,238.5,116.5,236.0,249,1
Washington,SanAntonio,56,64,62,64,219.5,107.5,218.0,246,1
Sacramento,Utah,60,47,44,43,221.5,107.5,220.0,194,0
LAClippers,Phoenix,46,64,66,76,225.5,110.0,229.5,252,1
GoldenState,OklahomaCity,55,52,66,39,224.0,109.0,223.5,212,0
Brooklyn,Memphis,64,52,73,51,224.0,115.5,224.0,267,1
Miami,Minnesota,59,53,49,64,224.0,109.5,223.5,225,1
Portland,Dallas,65,65,60,50,219.0,113.0,222.0,240,1
Charlotte,LALakers,58,67,42,54,216.5,107.0,216.0,221,1
Indiana,Detroit,58,54,37,41,213.0,103.5,213.5,190,0
Philadelphia,Atlanta,71,57,37,43,221.0,107.0,223.0,208,0
Orlando,Toronto,53,44,48,54,209.0,101.5,212.5,199,0
GoldenState,NewOrleans,50,77,55,75,235.5,114.5,239.0,257,1
Cleveland,Milwaukee,61,50,60,70,224.5,115.0,222.0,241,1
OklahomaCity,Houston,57,57,57,57,228.0,111.5,225.0,228,1
Portland,SanAntonio,52,44,57,70,223.0,116.0,220.0,223,1
Utah,Phoenix,49,36,55,51,213.5,110.0,217.5,191,0
Denver,Sacramento,49,51,47,48,218.0,106.0,218.0,195,0
Charlotte,LAClippers,57,54,49,47,228.0,111.5,225.5,207,0
Atlanta,Miami,55,53,50,51,223.0,106.5,224.5,209,0
Dallas,Denver,58,63,50,44,212.5,103.0,216.0,215,0
Memphis,LALakers,59,37,59,56,215.0,109.0,220.0,211,0
NewYork,Orlando,47,39,53,39,209.5,101.5,208.0,178,0
Minnesota,Philadelphia,56,49,65,42,222.5,106.0,227.0,212,0
Chicago,Cleveland,51,52,59,66,216.5,111.5,216.5,228,1
Detroit,Toronto,65,57,64,52,214.0,105.0,211.5,238,1
Indiana,Brooklyn,62,61,50,53,220.5,108.0,220.5,226,1
Milwaukee,Boston,53,47,56,65,224.0,115.5,222.0,221,0
Houston,Washington,69,84,75,89,234.0,114.5,230.5,317,1
Charlotte,Sacramento,63,64,50,52,223.5,109.0,224.0,229,1
LAClippers,Utah,56,47,58,45,216.5,106.0,216.0,206,0
Phoenix,GoldenState,57,61,44,69,230.5,117.5,229.5,231,1
Miami,Atlanta,56,42,62,43,215.5,104.5,216.5,203,0
Denver,NewOrleans,62,46,53,68,223.5,109.5,226.0,229,1
SanAntonio,LAClippers,47,51,57,45,229.0,117.5,225.5,200,0
Houston,Brooklyn,57,63,58,61,244.0,119.5,241.0,239,0
Milwaukee,Orlando,58,45,56,55,215.0,109.5,216.0,214,0
Cleveland,Indiana,45,34,50,68,215.0,110.5,211.0,197,0
NewYork,Boston,45,54,50,57,212.0,104.5,213.0,206,0
Detroit,Chicago,53,56,57,52,216.0,105.0,218.5,218,0
LALakers,Dallas,45,61,55,45,217.0,106.5,214.5,229,1
Utah,Sacramento,46,53,62,42,214.0,110.0,214.0,203,0
SanAntonio,GoldenState,57,55,71,54,223.0,113.5,225.0,237,1
NewOrleans,OklahomaCity,59,66,55,39,228.0,112.0,226.5,219,0
Denver,Orlando,43,42,47,46,199.5,97.0,204.5,178,0
Minnesota,Washington,76,50,52,62,229.5,111.5,221.5,240,1
Toronto,Milwaukee,53,63,69,35,226.5,110.5,226.0,220,0
Charlotte,GoldenState,55,50,34,41,221.0,108.5,225.5,180,0
Philadelphia,Portland,59,66,69,63,223.5,109.5,217.5,257,1
Chicago,Indiana,42,55,63,43,217.0,112.5,214.0,203,0
Houston,Miami,60,57,53,59,233.5,114.5,234.0,229,0
Sacramento,NewYork,55,47,52,51,213.5,103.5,217.5,205,0
Dallas,Cleveland,59,52,65,66,218.5,105.5,216.0,242,1
Utah,LAClippers,36,44,54,65,214.0,109.5,211.0,199,0
Detroit,Washington,61,63,47,43,225.5,110.0,225.0,214,0
NewOrleans,Brooklyn,60,57,85,58,238.5,116.0,238.0,260,1
Milwaukee,Minnesota,58,63,63,56,229.5,118.5,230.5,240,1
Houston,Memphis,61,61,38,47,230.0,112.0,235.0,207,0
Portland,GoldenState,66,57,47,75,220.0,13.0,224.5,245,1
Boston,Cleveland,56,57,59,60,215.5,111.5,213.5,232,1
Indiana,Charlotte,55,66,49,56,212.5,104.0,211.5,242,1
SanAntonio,Atlanta,43,46,59,60,222.5,114.5,218.0,208,0
Orlando,OklahomaCity,57,54,49,36,201.0,98.0,202.5,196,0
LALakers,Chicago,53,60,60,57,215.5,105.5,212.0,230,1
Miami,Denver,57,49,52,40,211.0,102.5,209.0,198,0
NewYork,Detroit,58,65,58,43,206.0,102.0,211.0,224,1
Washington,Indiana,52,80,42,53,227.0,110.5,220.5,227,1
Sacramento,Toronto,59,65,59,61,219.0,107.5,218.0,244,1
GoldenState,Houston,59,56,66,60,229.0,110.5,232.0,241,1
Minnesota,Memphis,63,73,61,61,224.5,108.5,224.5,258,1
Orlando,Dallas,53,57,55,48,207.5,101.5,207.0,213,1
Philadelphia,Utah,55,59,43,53,209.0,106.0,212.0,210,0
Boston,Charlotte,50,45,57,43,214.5,110.5,219.0,195,0
OklahomaCity,SanAntonio,63,50,63,57,211.5,103.5,214.5,233,1
Portland,LAClippers,48,39,59,62,231.0,118.0,224.5,208,0
Detroit,Indiana,62,48,47,61,210.0,101.0,210.0,218,1
Cleveland,Washington,56,63,53,41,233.0,119.5,227.0,213,0
Memphis,Orlando,42,57,63,42,208.5,107.5,208.0,204,0
Sacramento,Atlanta,55,55,64,56,225.5,109.0,220.5,230,1
GoldenState,Minnesota,60,61,45,54,228.5,111.5,230.0,244,1
Toronto,NewOrleans,60,68,44,54,232.5,110.5,233.0,226,0
NewYork,Dallas,64,54,46,44,215.5,105.0,217.0,208,0
Philadelphia,Denver,42,57,50,48,211.5,109.0,210.0,197,0
Brooklyn,Portland,46,57,72,59,239.5,124.5,233.0,234,1
Miami,LALakers,49,45,50,31,218.0,107.5,215.5,175,0
Boston,SanAntonio,69,57,69,55,218.5,113.5,216.5,250,1
NewOrleans,Charlotte,61,55,51,58,232.0,115.0,231.5,225,0
GoldenState,OklahomaCity,63,40,65,54,216.0,104.0,220.0,222,1
Dallas,Memphis,65,65,65,65,222.0,108.0,220.0,260,1
Houston,Chicago,47,52,54,58,234.0,113.5,233.5,211,0
Denver,Minnesota,54,46,40,40,219.0,106.5,217.0,198,0
Charlotte,Philadelphia,57,54,58,51,213.5,105.5,215.0,220,1
Milwaukee,OklahomaCity,45,61,61,73,219.5,113.5,222.5,240,1
Cleveland,NewYork,50,40,51,54,213.0,109.5,210.5,195,0
Atlanta,Portland,41,49,60,64,226.0,110.5,227.5,237,1
Toronto,LALakers,59,53,44,61,210.5,103.0,215.5,217,1
Minnesota,Detroit,67,50,56,61,223.5,109.0,224.5,234,1
Dallas,Boston,46,62,55,59,220.0,107.5,219.5,222,1
Memphis,SanAntonio,57,54,60,51,224.0,111.0,224.0,222,0
Houston,NewOrleans,53,57,62,66,242.5,118.0,243.0,238,0
Toronto,LAClippers,38,59,54,35,221.5,107.0,222.5,186,0
Cleveland,Philadelphia,45,57,58,35,220.5,112.5,214.5,195,0
OklahomaCity,Indiana,56,38,54,48,212.5,104.0,209.5,196,0
Detroit,Miami,45,51,68,61,215.0,103.0,216.5,225,1
NewYork,Chicago,52,62,56,52,212.0,104.0,213.0,222,1
LALakers,Phoenix,55,63,69,51,221.0,107.0,216.5,238,1
Atlanta,Denver,59,58,70,59,209.5,104.5,214.5,246,1
Brooklyn,Utah,64,57,55,57,220.0,114.0,217.0,233,1
Philadelphia,Orlando,61,45,56,47,207.5,107.0,205.5,209,1
Memphis,Charlotte,55,72,63,46,221.0,114.0,220.0,236,1
LAClippers,Houston,46,40,56,53,233.5,112.5,233.0,195,0
Washington,Boston,68,66,64,75,230.0,113.5,228.0,273,1
SanAntonio,Minnesota,50,75,76,42,228.5,118.0,227.5,243,1
Toronto,Portland,53,54,58,55,218.5,107.0,221.0,220,0
GoldenState,LALakers,64,58,58,34,219.0,107.5,216.0,214,0
Miami,Cleveland,56,56,56,37,215.0,104.0,216.0,205,0
Chicago,Milwaukee,62,69,52,56,228.5,118.5,230.0,239,1
Dallas,NewYork,50,61,63,35,214.5,105.0,216.5,209,0
LAClippers,NewOrleans,69,62,62,66,233.0,114.0,236.5,259,1
Atlanta,Phoenix,64,64,66,46,229.5,112.0,227.5,240,1
Brooklyn,Denver,63,47,48,36,222.5,115.0,225.5,194,0
Detroit,Charlotte,60,56,50,49,220.5,107.0,219.0,215,0
SanAntonio,Orlando,55,48,58,59,211.0,109.0,212.5,220,1
Washington,Minnesota,69,80,45,59,239.5,116.5,238.0,253,1
Indiana,Houston,48,55,56,54,226.5,108.5,226.0,213,0
Philadelphia,OklahomaCity,53,50,60,51,214.5,110.0,214.0,246,1
Utah,Memphis,49,52,55,57,215.0,110.5,215.0,213,0
Boston,GoldenState,55,48,44,58,223.0,114.0,225.5,205,0
Sacramento,LALakers,50,49,46,51,214.0,104.0,218.5,196,0
Houston,Minnesota,61,65,52,52,231.5,112.5,236.0,230,0
NewOrleans,Miami,51,52,40,60,226.5,109.5,231.0,203,0
Toronto,Dallas,54,59,42,57,218.0,107.5,218.5,212,0
Portland,SanAntonio,64,60,62,51,226.0,116.5,227.0,237,1
Atlanta,LAClippers,73,63,58,57,224.0,109.0,227.5,251,1
Philadelphia,Cleveland,55,57,52,45,216.0,110.5,215.5,209,0
Boston,Sacramento,48,48,50,53,215.0,110.5,217.5,199,0
Denver,Memphis,60,61,67,57,215.0,104.0,212.0,245,1
Washington,Orlando,51,62,52,81,226.0,111.5,222.0,246,1
Atlanta,LALakers,60,50,63,50,220.5,106.5,218.5,223,1
Cleveland,NewYork,52,63,50,63,210.0,108.5,208.5,228,1
Indiana,Brooklyn,36,58,58,49,214.0,102.5,221.0,201,0
Charlotte,Toronto,51,65,50,62,214.5,103.5,215.5,228,1
Milwaukee,Chicago,55,61,49,51,231.0,118.5,230.0,216,0
Portland,Houston,59,55,61,65,231.0,119.0,231.5,240,1
SanAntonio,Dallas,58,50,64,55,224.0,114.0,226.5,227,1
Minnesota,Utah,68,47,39,60,219.5,107.5,217.5,214,0
Boston,Phoenix,48,51,46,39,226.0,114.5,227.5,184,0
OklahomaCity,LAClippers,40,49,41,48,221.5,109.0,219.5,178,0
Portland,NewOrleans,55,52,60,52,231.5,119.0,231.5,219,0
GoldenState,Memphis,58,49,48,54,221.5,108.0,222.0,209,0
OklahomaCity,LALakers,61,55,64,39,209.5,103.0,210.5,219,1
NewYork,Philadelphia,52,52,49,60,210.5,101.5,213.5,213,0
SanAntonio,Washington,73,59,67,71,237.5,121.5,239.5,270,1
Cleveland,Miami,54,69,53,48,213.5,110.0,214.0,224,1
Milwaukee,Atlanta,60,59,60,83,232.0,119.5,233.0,262,1
GoldenState,Dallas,60,52,56,68,216.0,103.0,221.5,236,1
Charlotte,Brooklyn,52,55,48,37,219.0,106.0,221.5,192,0
Orlando,Toronto,64,48,35,63,207.0,100.5,208.5,210,1
Detroit,Chicago,60,54,41,43,222.5,108.0,218.5,198,0
Utah,Minnesota,45,49,47,57,222.0,114.5,218.0,198,0
Houston,Denver,49,56,50,45,221.5,107.5,225.0,200,0
Boston,LAClippers,43,39,62,50,217.0,110.5,219.0,211,0
Portland,Milwaukee,64,66,75,61,228.5,117.0,230.0,266,1
NewOrleans,Phoenix,71,54,64,56,234.0,115.0,233.0,245,1
Atlanta,Detroit,56,77,58,40,226.5,110.0,225.0,231,1
Charlotte,Washington,67,63,56,57,234.5,113.5,233.0,243,1
Sacramento,Brooklyn,49,56,51,57,214.0,105.5,218.0,213,0
SanAntonio,Philadelphia,51,60,56,52,221.0,113.5,224.5,219,0
Miami,Chicago,50,60,42,72,217.0,104.5,214.5,224,1
LALakers,OklahomaCity,67,66,76,48,209.5,104.5,211.0,257,1
Cleveland,Dallas,55,53,74,62,221.5,113.0,220.0,244,1
Boston,Denver,40,39,48,61,206.5,104.5,206.0,188,0
GoldenState,Utah,58,58,46,60,208.5,102.5,210.5,222,1
Houston,LAClippers,54,52,58,77,226.5,111.0,228.0,241,1
Phoenix,Minnesota,53,44,58,43,234.5,119.5,231.0,198,0
Chicago,Charlotte,57,48,38,88,219.5,107.5,216.0,231,1
Orlando,Indiana,49,51,68,49,201.5,97.5,204.5,217,1
Miami,Philadelphia,41,49,61,48,211.5,100.5,214.5,199,0
SanAntonio,NewYork,48,63,49,55,217.0,110.5,218.0,215,0
Toronto,Atlanta,53,60,64,58,223.5,109.5,223.5,235,1
LALakers,Memphis,60,58,51,48,225.5,110.5,221.0,217,0
Portland,Cleveland,38,53,54,69,226.0,116.5,222.5,214,0
Detroit,Milwaukee,51,50,45,48,225.5,109.0,230.5,194,0
NewOrleans,Utah,75,53,58,62,226.0,110.0,222.5,248,1
Dallas,Houston,74,64,62,60,230.0,112.5,232.0,260,1
Sacramento,Washington,51,63,61,44,233.0,114.0,236.5,219,0
Brooklyn,NewYork,51,47,56,50,215.0,111.0,212.0,204,0
Phoenix,Denver,56,53,47,64,214.0,110.5,213.5,220,1
NewOrleans,LAClippers,67,61,59,56,233.0,112.5,234.0,243,1
Orlando,Detroit,54,54,40,43,207.5,102.0,207.5,191,0
Memphis,Indiana,63,60,64,53,217.0,110.5,217.5,240,1
Philadelphia,Toronto,62,38,61,36,212.0,109.0,214.0,197,0
Sacramento,Boston,41,58,51,55,205.5,101.0,209.0,205,0
Charlotte,Miami,67,60,53,37,212.5,104.0,215.0,217,1
Minnesota,Atlanta,68,50,65,55,236.5,114.5,233.5,238,1
Utah,Milwaukee,48,57,68,67,226.5,116.5,224.5,240,1
Portland,Chicago,55,61,48,47,225.5,111.0,227.5,211,0
LALakers,SanAntonio,47,63,58,50,222.5,108.0,223.0,218,0
OklahomaCity,GoldenState,53,59,45,40,213.0,103.5,215.0,197,0
LAClippers,Dallas,61,47,62,43,226.5,110.0,227.5,213,0
Washington,Denver,48,63,44,66,227.5,109.5,227.0,221,0
Brooklyn,Boston,53,67,57,54,214.0,111.0,217.5,231,1
Sacramento,Philadelphia,43,50,48,47,211.0,103.5,209.0,188,0
Detroit,Charlotte,63,52,51,37,215.5,104.5,216.5,203,0
NewYork,Toronto,50,54,54,66,211.0,102.5,209.5,224,1
Atlanta,Milwaukee,50,69,44,50,239.5,117.0,239.5,213,0
LAClippers,Memphis,66,58,56,60,226.5,110.5,226.5,240,1
Miami,Houston,50,58,51,66,227.0,110.5,227.0,225,0
Minnesota,SanAntonio,46,58,55,55,230.0,111.5,228.0,214,0
Washington,Phoenix,70,73,60,69,240.5,118.5,242.5,272,1
LALakers,NewOrleans,63,55,50,56,231.5,112.5,231.5,224,0
OklahomaCity,Portland,68,45,68,74,219.5,106.0,220.0,255,1
Chicago,GoldenState,42,59,50,43,215.0,106.5,216.5,194,0
Boston,Brooklyn,55,58,55,51,213.5,110.0,217.0,219,1
Charlotte,Detroit,75,44,51,47,213.0,104.5,213.0,217,1
Toronto,Orlando,43,44,38,48,209.0,101.0,205.5,173,0
Philadelphia,NewYork,49,41,48,58,209.0,106.0,206.5,196,0
Milwaukee,Cleveland,67,47,74,41,229.5,117.0,228.0,229,1
Atlanta,Indiana,45,52,40,51,224.5,109.0,225.5,209,0
GoldenState,Miami,62,67,45,53,209.0,101.5,211.0,227,1
Utah,Memphis,46,49,53,49,223.0,114.5,219.0,197,0
LAClippers,SanAntonio,57,49,47,51,224.5,110.0,226.5,204,0
Dallas,Phoenix,56,47,75,55,230.5,111.5,232.0,233,1
Chicago,Portland,53,47,59,51,227.0,110.5,225.0,210,0
Washington,LALakers,60,59,65,44,235.5,113.0,234.0,228,0
Denver,Sacramento,44,53,45,38,205.5,100.0,205.5,197,0
Indiana,Philadelphia,67,63,56,49,207.5,102.5,205.0,235,1
Charlotte,Milwaukee,57,58,61,57,225.0,108.5,228.5,233,1
Atlanta,Houston,59,74,67,69,238.0,115.0,238.5,269,1
Miami,Brooklyn,62,61,41,51,215.0,106.5,216.5,215,0
Boston,NewYork,61,55,50,51,208.5,108.5,209.5,217,1
Memphis,Minnesota,46,49,70,57,231.0,116.5,231.0,222,0
Dallas,LALakers,55,66,52,41,222.5,109.0,222.5,214,0
SanAntonio,Detroit,59,51,57,63,217.5,112.0,217.0,230,1
OklahomaCity,NewOrleans,62,49,48,52,226.5,111.0,228.5,211,0
GoldenState,Orlando,48,54,41,53,204.5,99.5,206.5,196,0
Utah,Toronto,57,57,79,47,208.0,106.5,210.0,240,1
Washington,LAClippers,74,65,75,61,240.0,117.0,237.0,275,1
Utah,Philadelphia,54,48,49,46,208.5,107.5,208.0,197,0
Phoenix,Charlotte,49,49,55,60,221.5,113.5,225.5,213,0
GoldenState,Atlanta,43,46,40,54,222.5,106.5,222.0,183,0
Indiana,Memphis,43,61,54,63,216.5,105.5,218.5,221,1
NewYork,Milwaukee,48,69,45,58,222.5,107.5,220.5,220,0
Chicago,Sacramento,45,54,59,61,212.0,104.5,211.0,219,1
Detroit,Cleveland,60,48,57,56,216.5,105.5,214.5,221,1
Dallas,NewOrleans,48,64,47,56,233.0,113.5,233.5,215,0
Miami,Toronto,55,56,53,52,212.0,104.0,213.0,231,1
Houston,SanAntonio,52,70,56,52,234.0,114.0,233.5,268,1
LALakers,Denver,52,57,51,41,207.5,102.0,211.0,201,0
Portland,LAClippers,59,62,44,49,233.0,114.5,229.0,214,0
Milwaukee,Detroit,46,61,57,66,223.0,114.0,225.5,230,1
Phoenix,Orlando,68,55,66,53,213.5,111.0,215.0,242,1
GoldenState,Charlotte,48,64,50,35,213.0,105.0,209.0,197,0
Brooklyn,Atlanta,48,55,70,75,228.0,116.0,225.0,248,1
Miami,Boston,48,48,55,54,209.0,102.0,213.0,205,0
Memphis,Chicago,47,38,57,63,223.0,113.5,221.0,205,0
Minnesota,Dallas,55,54,55,71,229.0,111.5,230.0,235,1
LALakers,Utah,60,52,57,48,212.5,103.0,211.5,217,1
Sacramento,Portland,65,65,65,48,216.5,108.0,218.5,243,1
Philadelphia,Washington,58,62,52,60,233.0,119.0,234.5,232,0
Houston,Toronto,62,56,64,46,230.5,112.5,230.0,228,0
Denver,NewYork,60,52,61,48,205.0,99.5,203.0,221,1
Phoenix,NewOrleans,78,66,54,52,235.0,122.5,232.0,271,1
Indiana,Detroit,51,48,47,63,212.0,103.0,213.0,209,0
Orlando,Cleveland,49,50,39,42,210.0,103.0,212.5,180,0
Brooklyn,Charlotte,61,51,58,45,219.0,113.5,217.5,215,0
Minnesota,OklahomaCity,57,54,80,53,218.0,106.5,220.0,266,1
Washington,Miami,55,71,45,44,229.0,110.5,234.0,215,0
GoldenState,Chicago,51,50,59,38,215.0,106.5,212.5,198,0
Denver,Boston,59,39,51,54,205.5,101.5,203.0,203,0
LAClippers,Milwaukee,45,50,54,61,233.5,113.0,232.0,210,0
Sacramento,SanAntonio,38,56,47,59,214.5,104.5,215.0,209,0
LALakers,Portland,73,66,64,46,225.0,111.0,221.5,249,1
NewOrleans,Dallas,59,57,54,44,232.0,113.0,233.0,214,0
Cleveland,Philadelphia,54,59,57,65,215.0,108.5,213.5,235,1
Indiana,NewYork,59,67,44,37,208.0,102.5,209.5,207,0
Phoenix,Houston,54,60,47,63,240.5,122.5,239.5,224,0
Memphis,Utah,68,55,58,57,217.5,112.5,218.0,238,1
Denver,Brooklyn,46,61,52,48,212.5,104.5,209.0,207,0
Atlanta,Charlotte,51,53,67,58,223.0,108.0,224.5,229,1
Toronto,Philadelphia,49,50,55,60,214.0,104.0,210.5,214,1
Chicago,Miami,41,55,51,47,210.5,102.0,212.0,215,1
LAClippers,Washington,60,69,64,61,236.0,116.5,238.5,254,1
Sacramento,Dallas,63,49,58,46,216.0,106.0,216.0,216,0
OklahomaCity,Portland,41,61,58,44,223.0,109.5,223.0,204,0
Minnesota,LALakers,70,68,75,54,227.5,111.5,226.0,267,1
LAClippers,Indiana,43,65,56,45,216.5,107.0,1105.0,209,0
Cleveland,Boston,47,46,56,49,216.0,110.0,213.5,198,0
Toronto,Chicago,60,40,42,43,213.5,104.5,216.0,185,0
Sacramento,Houston,60,63,64,50,225.5,110.5,227.0,237,1
Orlando,Milwaukee,51,41,61,58,217.5,105.0,219.0,211,0
Minnesota,Phoenix,64,61,54,55,233.0,113.5,234.0,234,0
OklahomaCity,Utah,49,49,55,41,206.5,102.0,1111.0,194,0
Memphis,GoldenState,49,52,66,45,220.0,113.0,217.5,212,0
Denver,Philadelphia,53,52,54,30,208.0,103.5,206.0,189,0
Washington,Charlotte,48,53,56,64,229.0,110.5,234.0,221,0
Atlanta,Miami,66,64,59,45,219.0,108.0,217.5,256,1
NewYork,Portland,54,47,44,57,223.5,108.5,218.5,202,0
Boston,Indiana,62,56,60,61,211.0,110.5,209.5,239,1
LAClippers,Toronto,59,51,49,45,222.5,107.5,220.0,204,0
LALakers,Orlando,35,54,45,49,210.5,102.0,212.0,183,0
Houston,Cleveland,64,57,49,56,230.0,112.5,228.5,226,0
Charlotte,Brooklyn,60,57,53,51,217.0,105.5,217.0,221,1
Atlanta,Chicago,70,48,75,45,221.5,106.5,222.5,238,1
Memphis,Phoenix,46,56,61,60,230.5,118.0,231.5,223,0
NewOrleans,Milwaukee,55,60,76,48,232.5,112.5,234.0,239,1
OklahomaCity,Sacramento,41,44,55,47,207.5,101.0,210.5,187,0
NewYork,GoldenState,50,68,49,57,211.0,102.0,210.5,246,1
Philadelphia,Boston,62,53,46,63,212.5,110.5,210.0,224,1
Cleveland,SanAntonio,47,49,50,60,218.5,113.0,219.5,226,1
Dallas,Detroit,63,60,57,53,217.5,106.5,220.5,233,1
Portland,Denver,59,56,52,46,216.5,107.5,214.0,213,0
Houston,Orlando,50,67,57,63,220.5,107.5,222.0,237,1
NewOrleans,Philadelphia,64,55,55,51,222.0,108.0,222.5,225,1
Indiana,Atlanta,51,60,58,41,224.5,109.0,222.5,210,0
Milwaukee,Memphis,64,62,59,56,229.0,118.5,228.5,241,1
LALakers,Miami,59,51,63,50,211.5,104.0,214.0,223,1
LAClippers,Minnesota,62,61,60,58,228.0,111.5,231.5,241,1
Charlotte,Chicago,39,45,25,47,213.5,103.5,214.0,156,0
NewYork,Sacramento,52,47,53,52,210.5,101.5,207.5,204,0
GoldenState,Utah,51,54,65,50,211.0,104.0,210.5,220,1
SanAntonio,Phoenix,46,46,66,60,220.5,112.5,225.0,240,1
Brooklyn,Toronto,69,56,48,39,218.5,112.5,219.5,212,0
LAClippers,Chicago,53,59,51,52,214.0,105.0,219.5,215,0
Washington,Memphis,65,58,65,51,236.5,116.5,236.5,239,1
Miami,Dallas,60,63,49,52,216.5,104.0,215.5,240,1
Cleveland,Milwaukee,46,74,61,52,223.0,114.0,226.0,233,1
Detroit,Houston,62,52,49,59,225.5,110.0,230.0,222,0
OklahomaCity,Denver,47,54,49,62,204.5,100.5,205.5,212,1
Charlotte,Indiana,53,50,35,54,210.0,102.0,210.0,192,0
Philadelphia,Brooklyn,51,49,49,49,220.0,113.0,217.5,198,0
LALakers,Atlanta,49,54,57,37,229.0,111.5,226.5,197,0
NewYork,Denver,55,63,53,45,208.5,102.0,205.0,216,1
Washington,Detroit,74,54,59,65,232.0,113.5,230.0,252,1
Cleveland,Toronto,66,54,68,58,216.5,110.5,216.0,246,1
Chicago,OklahomaCity,53,64,55,43,208.5,102.0,206.5,215,1
Miami,Memphis,68,63,50,48,217.0,106.5,218.5,229,1
SanAntonio,Houston,56,69,47,44,232.0,119.0,231.5,216,0
Dallas,Milwaukee,58,57,47,74,227.5,111.5,227.0,236,1
Portland,Phoenix,58,68,52,43,227.0,111.5,227.5,221,0
Sacramento,Charlotte,47,53,59,53,208.0,102.0,207.0,212,1
LALakers,Indiana,52,50,52,53,213.0,104.0,211.0,207,0
Brooklyn,NewOrleans,42,35,48,61,227.5,116.0,230.5,209,0
Orlando,Utah,46,59,48,58,208.0,102.0,207.5,211,1
Phoenix,LAClippers,54,44,61,60,225.0,115.0,226.5,219,0
Chicago,Washington,50,60,48,38,230.0,112.0,230.5,219,0
Toronto,Detroit,59,75,41,36,217.0,107.0,217.0,211,0
Charlotte,Cleveland,50,44,46,58,211.0,102.0,213.5,198,0
Miami,Philadelphia,48,56,52,56,208.5,102.5,213.0,212,0
NewOrleans,Minnesota,57,56,46,47,229.5,113.5,231.5,206,0
Memphis,OklahomaCity,59,68,66,55,219.5,113.5,217.5,248,1
Boston,Dallas,58,47,44,63,215.5,111.5,218.5,212,0
Orlando,Denver,59,46,55,57,205.0,100.5,203.0,217,1
GoldenState,Portland,69,64,56,45,221.5,110.0,219.0,234,1
Utah,Atlanta,58,50,59,50,224.5,114.5,224.0,217,0
LALakers,Milwaukee,40,71,59,45,227.0,110.0,225.0,215,0
Brooklyn,SanAntonio,60,46,58,59,219.5,113.5,219.0,223,1
Sacramento,Indiana,62,63,46,53,209.5,102.0,206.5,224,1
Memphis,Cleveland,52,54,62,53,222.5,114.5,224.0,221,0
Washington,Toronto,63,57,61,59,229.5,110.5,230.0,240,1
Detroit,Boston,54,54,52,47,211.0,103.0,215.0,207,0
NewYork,Miami,59,58,55,71,216.5,104.5,214.0,243,1
Dallas,Philadelphia,63,57,45,50,212.0,105.0,213.5,215,1
Minnesota,Denver,53,59,45,52,215.5,104.5,216.0,209,0
Orlando,Portland,44,57,67,53,218.5,107.0,216.0,221,1
NewOrleans,GoldenState,47,53,59,49,221.5,108.0,224.0,208,0
Utah,Charlotte,64,56,50,51,208.0,108.0,210.0,221,1
Atlanta,Brooklyn,68,65,50,51,231.5,113.5,227.5,234,1
Washington,Philadelphia,57,61,50,65,227.0,110.0,230.0,233,1
Chicago,Detroit,53,59,70,44,209.0,102.5,213.0,226,1
Milwaukee,NewYork,60,62,43,60,227.0,116.5,227.0,225,0
Sacramento,Memphis,44,66,59,65,221.5,108.0,217.5,234,1
Houston,Phoenix,71,64,66,63,234.5,114.0,235.0,264,1
Minnesota,Portland,50,63,50,56,227.5,110.5,231.5,219,0
Dallas,Toronto,37,56,56,68,218.0,107.0,217.0,217,0
Charlotte,Boston,67,48,46,51,210.0,103.0,209.5,212,1
Indiana,Milwaukee,43,71,42,50,220.5,109.0,219.5,206,0
LAClippers,OklahomaCity,60,60,55,55,223.5,109.5,222.0,230,1
Denver,LALakers,51,57,61,63,208.0,101.0,209.0,232,1
Philadelphia,Detroit,53,59,68,54,215.0,109.5,214.0,234,1
Toronto,Indiana,49,49,59,57,210.5,101.5,209.5,235,1
Chicago,Orlando,56,49,59,34,205.5,101.0,209.0,198,0
Atlanta,Cleveland,74,61,53,51,229.5,112.0,228.5,239,1
Utah,Miami,60,45,52,54,213.5,111.0,212.0,211,0
SanAntonio,Memphis,77,56,64,63,228.5,117.0,226.5,260,1
Houston,Sacramento,58,64,54,41,230.0,111.0,228.0,217,0
NewOrleans,Portland,62,48,49,37,229.5,112.0,228.5,196,0
Minnesota,GoldenState,44,56,51,66,222.0,107.0,221.0,217,0
Boston,Toronto,47,55,55,63,213.5,110.5,213.0,220,1
Milwaukee,Philadelphia,68,49,56,57,221.0,113.5,220.0,230,1
Houston,GoldenState,57,75,47,41,230.0,113.0,226.5,220,0
LAClippers,LALakers,64,50,58,45,223.0,109.5,224.5,217,0
NewOrleans,Denver,55,58,51,48,216.0,106.0,218.5,212,0
Washington,Detroit,54,62,66,52,228.0,110.5,231.0,234,1
Memphis,OklahomaCity,41,55,64,47,224.0,114.5,224.0,207,0
NewYork,Brooklyn,39,48,53,36,226.0,110.5,221.0,176,0
SanAntonio,Dallas,44,55,54,47,226.5,116.0,226.5,200,0
Minnesota,Sacramento,47,51,52,30,220.0,106.5,222.5,209,0
Cleveland,Boston,55,54,64,73,215.5,110.0,216.0,246,1
Philadelphia,Orlando,40,53,46,56,210.0,107.5,209.0,195,0
OklahomaCity,Charlotte,44,52,41,51,208.0,101.0,210.0,206,0
Milwaukee,Atlanta,51,52,44,51,235.5,117.0,238.0,198,0
Indiana,Miami,52,61,53,59,211.5,104.0,211.5,225,1
Memphis,Denver,37,52,61,79,218.5,112.0,216.5,229,1
Indiana,NewOrleans,51,42,61,64,218.0,105.5,219.0,218,0
Toronto,Boston,61,52,55,42,216.0,107.5,216.5,210,0
Philadelphia,Miami,61,52,51,52,212.5,110.0,213.0,233,1
NewYork,Washington,56,61,47,43,228.5,111.5,230.5,207,0
Cleveland,Minnesota,48,44,35,55,217.0,111.5,222.0,182,0
Brooklyn,Houston,62,55,50,39,234.5,119.5,233.0,206,0
Atlanta,Chicago,54,53,41,49,217.0,105.0,219.0,197,0
Dallas,GoldenState,82,64,69,47,218.0,108.0,218.0,262,1
Detroit,SanAntonio,58,56,67,64,222.5,108.0,222.5,245,1
Phoenix,Sacramento,61,47,50,64,217.0,111.0,222.5,222,0
LALakers,Portland,66,69,63,50,223.0,108.5,223.5,248,1
Utah,LAClippers,54,70,61,42,221.5,115.0,220.0,227,1
OklahomaCity,Toronto,42,52,62,39,209.5,103.0,212.5,195,0
Houston,NewOrleans,73,55,51,60,223.5,109.0,231.5,239,1
Charlotte,Memphis,51,51,59,60,219.5,107.0,217.5,221,1
Sacramento,Denver,63,56,50,66,208.0,101.5,207.0,235,1
Dallas,LALakers,44,53,56,50,224.5,109.5,220.0,203,0
Atlanta,Orlando,46,58,42,48,209.5,101.5,214.0,194,0
Miami,Washington,68,66,37,57,224.5,109.5,227.0,228,1
Brooklyn,Minnesota,56,43,55,52,216.5,111.0,220.0,237,1
Milwaukee,Chicago,51,56,65,53,220.0,113.0,216.0,225,1
Detroit,Utah,40,39,47,59,217.5,106.5,218.0,185,0
Phoenix,Portland,57,62,53,66,232.5,120.0,231.0,238,1
Boston,Charlotte,42,51,60,48,210.5,108.0,208.5,201,0
Philadelphia,Indiana,56,54,52,50,212.5,108.0,211.5,212,1
LAClippers,Sacramento,51,46,64,31,220.0,107.0,221.0,192,0
GoldenState,SanAntonio,57,51,44,48,217.0,106.5,220.0,230,1
Cleveland,Toronto,52,50,53,59,217.5,111.5,217.0,214,0
Denver,Houston,64,57,60,53,225.0,109.0,220.0,234,1
Dallas,OklahomaCity,52,49,54,52,217.0,106.0,218.0,207,0
Portland,NewYork,52,47,61,50,226.0,110.0,222.0,210,0
Minnesota,Milwaukee,42,61,45,62,221.0,108.0,224.0,210,0
Phoenix,LALakers,60,55,65,44,225.5,114.0,226.5,224,0
Charlotte,Cleveland,60,51,56,48,212.0,104.0,210.0,215,1
Denver,Indiana,64,62,54,60,208.0,102.5,209.5,240,1
Toronto,Miami,38,43,42,37,214.0,104.0,215.0,160,0
GoldenState,Minnesota,53,46,49,35,211.5,102.5,219.0,183,0
Utah,Chicago,47,51,48,54,208.0,107.5,210.5,200,0
OklahomaCity,SanAntonio,54,47,49,62,216.5,106.0,219.0,212,0
Brooklyn,Dallas,61,64,61,48,223.0,114.5,220.5,234,1
Memphis,Sacramento,68,55,64,64,224.5,115.0,222.5,251,1
Detroit,LAClippers,63,69,53,53,223.0,109.5,223.0,238,1
Miami,Orlando,49,51,63,27,206.5,100.5,207.5,190,0
Atlanta,Boston,51,57,54,53,224.5,110.5,223.5,215,0
Portland,Washington,58,66,45,56,232.5,113.0,236.0,225,0
NewYork,Phoenix,66,46,58,62,224.5,109.0,224.0,232,1
NewOrleans,LALakers,72,64,52,48,225.5,111.5,221.0,236,1
Memphis,LAClippers,67,55,62,70,231.0,121.0,230.5,254,1
Toronto,Brooklyn,57,43,63,60,216.5,106.0,216.0,223,1
Utah,Orlando,58,41,52,54,206.5,106.0,207.5,205,0
OklahomaCity,Cleveland,61,58,51,57,214.0,104.0,212.5,227,1
Indiana,Atlanta,69,55,67,36,220.5,108.5,222.0,227,1
Denver,Washington,50,66,69,57,221.0,108.5,223.5,242,1
Charlotte,Dallas,52,49,63,42,217.5,107.0,216.0,243,1
SanAntonio,Milwaukee,60,77,57,51,228.0,117.5,228.5,245,1
Detroit,GoldenState,48,67,48,52,213.5,104.0,215.5,215,0
NewOrleans,Sacramento,51,49,56,76,225.5,109.5,223.5,232,1
NewYork,LAClippers,74,71,69,53,221.0,109.0,222.5,267,1
Portland,Miami,50,61,64,58,215.5,104.5,221.0,233,1
Minnesota,Cleveland,44,70,59,48,217.5,107.0,215.5,221,1
Memphis,Phoenix,58,61,54,62,236.0,121.5,232.0,235,1
Detroit,LALakers,45,58,51,51,220.0,107.5,221.0,205,0
Brooklyn,Orlando,42,49,55,44,212.5,108.5,211.0,190,0
Indiana,Charlotte,56,30,58,75,209.0,103.0,209.5,219,1
Boston,Washington,43,48,55,47,225.0,115.0,226.5,193,0
OklahomaCity,Philadelphia,62,52,62,57,210.5,102.0,213.0,233,1
Denver,Atlanta,60,60,57,61,224.0,108.5,220.0,238,1
Utah,NewOrleans,71,61,60,62,221.0,114.5,223.0,254,1
Milwaukee,SanAntonio,49,68,55,58,228.5,118.0,229.5,230,1
Chicago,Dallas,60,56,54,58,217.5,106.5,217.5,228,1
GoldenState,Sacramento,45,47,62,55,213.0,104.0,211.0,209,0
Detroit,Cleveland,56,65,58,49,219.5,107.5,215.0,228,1
Portland,Toronto,39,63,45,53,221.0,107.0,220.0,200,0
Minnesota,Memphis,59,48,59,65,228.5,111.5,228.0,231,1
Sacramento,Phoenix,55,51,59,52,226.0,110.0,226.5,217,0
NewYork,LALakers,47,60,48,49,222.5,107.5,220.5,204,0
Miami,Indiana,54,57,61,58,210.0,102.0,211.0,230,1
Washington,Orlando,55,66,48,43,218.5,105.5,219.5,212,0
SanAntonio,Boston,56,56,70,61,220.5,113.5,219.5,243,1
Denver,Dallas,59,56,60,38,221.5,108.5,218.0,213,0
Chicago,NewOrleans,44,52,71,64,225.0,109.0,222.0,231,1
NewYork,Utah,68,57,39,68,213.5,104.0,218.0,232,1
Milwaukee,GoldenState,38,48,67,52,217.5,111.5,219.0,205,0
Cleveland,Detroit,58,53,53,40,221.0,113.0,221.0,227,1
Houston,OklahomaCity,58,50,48,49,227.5,110.5,227.0,205,0
Miami,Brooklyn,74,52,52,52,217.5,106.0,217.0,230,1
NewOrleans,NewYork,64,64,53,53,226.0,111.0,225.5,234,1
Indiana,Chicago,56,44,51,70,213.0,103.5,212.5,221,1
LALakers,Dallas,72,65,48,58,223.0,108.0,222.0,243,1
Charlotte,Utah,42,57,50,52,210.5,100.5,212.5,201,0
Orlando,Phoenix,52,54,46,40,217.5,106.5,217.0,192,0
Milwaukee,Sacramento,52,45,68,68,224.0,113.5,223.0,233,1
GoldenState,LAClippers,42,59,55,53,218.0,107.5,221.5,209,0
Minnesota,Houston,42,56,80,70,232.0,112.5,230.0,248,1
NewOrleans,Boston,65,64,67,49,223.5,109.5,225.0,245,1
Chicago,Detroit,55,55,42,55,215.5,105.0,217.0,207,0
LALakers,OklahomaCity,60,62,62,51,213.5,104.5,215.0,235,1
Philadelphia,Dallas,42,49,48,61,222.0,113.5,223.5,200,0
Cleveland,Denver,41,52,63,58,216.5,111.5,215.0,214,0
Milwaukee,Portland,56,63,58,46,232.0,118.5,227.5,223,0
Miami,NewYork,58,57,63,67,217.0,106.0,218.0,245,1
Utah,Washington,57,64,63,59,224.0,115.0,223.0,243,1
Atlanta,Brooklyn,53,63,42,36,225.5,109.0,231.0,194,0
GoldenState,Memphis,53,66,52,53,225.0,111.0,224.0,224,0
Charlotte,Phoenix,42,49,51,50,217.0,106.5,219.5,192,0
Philadelphia,Indiana,45,44,49,58,214.5,109.0,213.0,196,0
NewOrleans,Detroit,55,60,51,38,221.5,108.0,227.5,227,0
OklahomaCity,Minnesota,63,60,48,50,218.0,107.0,219.0,221,1
Orlando,Sacramento,58,59,54,55,212.0,104.5,209.0,226,1
Cleveland,LALakers,48,47,59,73,222.0,112.5,219.5,227,1
Phoenix,Atlanta,53,54,60,66,230.5,117.5,225.0,233,1
Utah,Brooklyn,56,48,58,63,222.5,114.0,218.0,225,1
Houston,Memphis,69,59,40,63,240.5,118.0,238.0,231,0
NewYork,Milwaukee,52,53,79,46,229.0,111.0,227.0,230,1
Cleveland,LAClippers,57,59,61,54,224.0,114.0,223.0,231,1
Dallas,GoldenState,62,50,53,56,223.5,109.0,223.0,221,0
Brooklyn,Philadelphia,53,58,65,47,221.5,114.5,218.0,223,1
Detroit,Boston,51,65,57,46,218.0,107.5,218.0,219,1
SanAntonio,Miami,41,61,50,54,219.5,113.5,222.0,206,0
Indiana,Minnesota,54,59,40,50,218.0,107.5,218.5,203,0
Toronto,OklahomaCity,63,65,52,71,212.5,103.5,213.5,251,1
Washington,Chicago,50,65,50,56,228.5,112.5,227.0,221,0
Charlotte,Denver,53,46,44,43,209.5,102.0,210.5,186,0
Portland,Houston,54,53,60,57,236.5,115.5,236.0,224,0
Dallas,Sacramento,66,72,63,49,225.5,111.0,224.0,250,1
Orlando,LALakers,64,59,54,60,209.5,104.5,211.5,237,1
Phoenix,NewYork,57,53,59,50,226.5,116.5,225.0,219,0
Boston,Milwaukee,56,78,59,58,227.5,116.5,223.0,251,1
Utah,NewOrleans,53,52,73,66,225.0,115.0,225.5,270,1
Denver,GoldenState,53,54,51,68,213.0,104.5,211.5,265,1
Chicago,Philadelphia,45,48,59,37,213.5,105.0,216.5,189,0
Washington,Toronto,64,52,60,75,231.0,111.5,229.0,251,1
Minnesota,Indiana,58,70,64,38,218.0,106.5,216.5,230,1
Miami,OklahomaCity,66,42,62,53,216.5,105.0,214.5,223,1
Cleveland,Memphis,52,58,58,54,229.5,118.0,229.0,222,0
Atlanta,SanAntonio,56,69,62,54,231.0,113.5,229.5,241,1
Portland,Dallas,75,60,52,45,228.5,112.5,228.5,232,1
LAClippers,NewOrleans,68,84,60,51,235.5,116.5,233.0,263,1
Milwaukee,Brooklyn,52,47,65,50,235.5,121.0,231.5,214,0
Phoenix,Boston,46,65,52,79,220.5,112.5,226.0,242,1
Detroit,Atlanta,65,61,53,60,227.5,110.0,227.0,239,1
Philadelphia,NewYork,53,45,41,38,218.5,107.0,221.0,177,0
Toronto,Minnesota,71,49,53,61,224.5,109.5,221.0,234,1
Cleveland,Chicago,64,65,60,45,215.0,111.0,215.0,234,1
Orlando,GoldenState,53,52,48,51,214.0,105.5,211.0,204,0
Portland,OklahomaCity,56,65,43,61,216.0,106.5,221.0,225,1
Sacramento,Utah,60,52,60,52,223.0,109.0,221.0,224,1
Miami,SanAntonio,59,55,56,39,222.5,109.5,221.0,209,0
Indiana,Denver,36,58,61,67,213.5,104.0,211.5,222,1
Toronto,Atlanta,61,56,48,74,231.0,113.5,231.0,239,1
Philadelphia,Brooklyn,61,71,49,47,218.5,107.5,217.5,228,1
Sacramento,Miami,45,69,40,56,221.0,107.5,224.0,231,1
Chicago,Milwaukee,53,52,56,48,225.5,110.0,225.5,209,0
Orlando,Charlotte,46,50,41,52,206.5,101.0,207.0,189,0
NewOrleans,Memphis,61,58,56,67,242.0,118.5,238.5,242,1
OklahomaCity,Houston,47,74,37,61,230.5,112.0,229.0,219,0
LALakers,Boston,63,61,60,62,226.5,111.0,223.5,246,1
Denver,Minnesota,55,54,51,47,221.0,108.0,218.0,207,0
Indiana,Utah,52,48,43,63,215.5,105.5,217.0,206,0
SanAntonio,Phoenix,54,63,62,59,230.0,117.5,228.0,238,1
GoldenState,Portland,50,60,69,47,222.0,109.0,218.0,253,1
LAClippers,Dallas,48,61,51,57,231.5,114.0,230.5,217,0
Sacramento,Detroit,53,54,61,65,222.0,108.5,222.0,233,1
Washington,Miami,57,62,54,63,229.0,111.5,227.5,263,1
LALakers,NewYork,53,43,50,46,224.0,108.5,225.0,192,0
Philadelphia,Toronto,61,39,48,54,216.0,105.5,217.0,202,0
LAClippers,Atlanta,48,53,43,53,228.0,110.5,231.5,197,0
Memphis,Boston,52,50,60,52,232.5,118.0,233.0,214,0
SanAntonio,NewOrleans,55,56,65,62,236.5,121.0,236.0,238,1
Denver,Houston,63,40,60,63,227.0,110.0,228.5,226,0
Indiana,Phoenix,54,48,46,51,221.5,108.5,222.5,199,0
Utah,GoldenState,48,60,61,56,220.5,112.5,216.0,225,1
Washington,Cleveland,53,76,57,50,231.0,113.0,232.5,236,1
LALakers,Brooklyn,73,72,53,43,232.5,115.5,229.0,241,1
Dallas,Portland,82,59,52,65,227.0,110.5,229.0,258,1
Milwaukee,Charlotte,55,50,51,63,219.5,114.0,219.0,219,0
Memphis,Detroit,58,69,50,60,231.5,118.5,229.0,237,1
Toronto,NewYork,48,61,55,66,217.5,106.0,215.5,230,1
Sacramento,Chicago,50,48,46,35,217.5,105.5,221.0,179,0
LAClippers,Miami,52,76,58,53,218.5,108.5,221.5,239,1
Houston,Minnesota,62,61,55,77,235.0,114.0,234.5,255,1
Denver,NewOrleans,65,54,57,43,229.5,111.5,231.0,219,0
Atlanta,OklahomaCity,63,61,70,57,231.0,112.5,224.5,251,1
Phoenix,SanAntonio,50,50,50,52,225.5,116.0,229.0,202,0
Indiana,GoldenState,65,53,66,63,216.0,107.0,216.0,247,1
Dallas,Utah,61,52,51,55,226.5,111.5,226.0,219,0
Brooklyn,Detroit,51,59,47,55,229.0,117.0,226.0,232,1
OklahomaCity,Minnesota,50,50,63,54,226.0,109.5,226.5,217,0
LALakers,Philadelphia,60,49,49,41,217.5,107.0,217.0,199,0
Toronto,SanAntonio,58,56,57,45,220.0,108.5,223.0,216,0
Phoenix,Memphis,48,53,58,64,229.5,117.5,236.0,223,0
LAClippers,Orlando,54,52,51,52,217.5,107.0,217.5,209,0
Brooklyn,NewYork,58,49,54,46,219.5,111.0,221.5,207,0
Washington,Atlanta,64,86,71,64,241.5,119.0,240.0,285,1
Indiana,Portland,63,59,77,69,221.0,109.5,220.5,268,1
Cleveland,Detroit,47,51,63,54,214.0,109.5,221.0,215,0
Orlando,Miami,52,50,54,49,207.5,102.0,211.5,205,0
Dallas,OklahomaCity,47,59,59,39,223.0,109.5,225.0,204,0
Sacramento,Minnesota,61,57,57,63,224.0,109.5,225.5,262,1
SanAntonio,Chicago,49,49,62,59,213.0,109.0,218.0,219,1
Houston,Utah,48,57,57,81,221.0,110.0,224.5,243,1
NewYork,Charlotte,41,56,37,55,209.0,103.5,210.0,189,0
GoldenState,Philadelphia,53,60,55,51,216.0,105.5,212.5,219,1
Boston,Miami,64,37,55,54,218.5,112.0,216.5,210,0
NewOrleans,Cleveland,74,65,55,42,232.0,114.0,233.0,236,1
Atlanta,Toronto,56,68,56,64,234.5,114.0,233.0,244,1
Phoenix,Dallas,51,64,70,52,228.5,117.0,229.0,237,1
Chicago,Indiana,49,57,54,40,215.0,106.5,214.0,221,1
Detroit,Brooklyn,62,76,54,48,226.0,109.5,224.0,240,1
Memphis,NewYork,64,47,69,53,222.0,114.5,224.0,233,1
Utah,SanAntonio,66,66,60,55,221.5,115.0,221.0,247,1
OklahomaCity,Sacramento,39,67,66,48,219.0,106.5,220.5,220,0
Houston,Portland,66,65,48,58,242.0,119.5,235.5,237,1
Toronto,Cleveland,57,51,56,60,223.5,109.5,220.5,224,1
Charlotte,Washington,59,56,50,63,227.0,112.0,227.5,228,1
Philadelphia,Atlanta,70,71,50,53,228.5,113.0,228.0,244,1
GoldenState,Boston,51,59,60,53,224.5,110.0,222.0,223,1
Sacramento,LAClippers,61,50,45,71,224.0,110.5,228.0,227,0
Utah,Denver,44,47,55,60,215.5,111.0,215.5,206,0
Toronto,Detroit,50,57,40,50,222.0,108.0,223.0,197,0
Chicago,Brooklyn,58,72,69,52,219.0,105.0,220.5,251,1
Dallas,Houston,63,62,61,63,238.0,117.0,236.5,249,1
Memphis,NewOrleans,53,72,71,54,242.0,123.5,242.5,250,1
Denver,Milwaukee,78,49,64,51,226.0,111.0,224.0,242,1
Portland,LALakers,74,48,77,47,232.5,114.0,230.5,246,1
Minnesota,LAClippers,72,45,67,40,230.5,112.0,229.0,224,0
Miami,Orlando,53,53,37,48,209.5,102.5,206.5,191,0
NewYork,Indiana,35,54,54,34,213.0,105.5,213.5,177,0
Brooklyn,Washington,63,57,45,55,242.0,124.0,239.0,220,0
GoldenState,Cleveland,63,57,63,60,224.5,109.5,223.5,243,1
Philadelphia,Boston,51,59,43,58,213.0,104.5,213.5,211,0
Atlanta,Dallas,62,49,58,54,236.5,115.0,237.0,223,0
Charlotte,SanAntonio,58,55,40,51,214.5,105.0,214.5,204,0
Utah,Portland,67,49,61,54,228.5,118.5,228.0,231,1
LALakers,Sacramento,66,79,48,49,226.5,110.5,227.0,242,1
Denver,Detroit,74,59,46,43,211.5,105.5,218.5,251,1
NewOrleans,Houston,58,67,60,41,251.0,123.5,245.0,226,0
Phoenix,Milwaukee,56,63,58,60,233.5,119.5,232.5,237,1
Chicago,Toronto,61,62,57,51,215.5,107.0,217.0,231,1
NewYork,Cleveland,70,55,70,59,216.5,107.0,217.0,273,1
GoldenState,Washington,76,59,50,57,234.0,115.0,236.0,242,1
Dallas,Indiana,47,61,51,56,212.5,104.5,216.5,215,0
Orlando,Charlotte,49,61,52,50,203.5,99.5,202.0,212,1
Phoenix,Brooklyn,66,41,56,53,224.5,115.0,227.5,216,0
Philadelphia,Miami,56,52,66,69,211.0,103.5,213.0,243,1
Boston,Atlanta,62,60,57,59,232.0,120.0,227.0,238,1
Detroit,Memphis,68,38,29,43,224.0,109.0,227.5,178,0
Minnesota,Sacramento,49,66,62,45,225.5,110.5,228.0,222,0
SanAntonio,LAClippers,68,49,50,46,229.0,118.0,227.5,213,0
Milwaukee,NewOrleans,59,60,66,43,245.0,125.0,245.0,228,0
Charlotte,Houston,56,69,55,55,223.0,109.5,224.5,235,1
Portland,Denver,65,37,72,52,226.0,108.5,220.5,226,1
SanAntonio,LALakers,40,52,69,70,226.5,115.0,229.0,231,1
Phoenix,Detroit,69,56,50,49,217.5,111.5,219.0,224,1
GoldenState,Brooklyn,65,50,44,58,222.5,108.0,225.5,217,0
Indiana,Toronto,50,61,57,69,216.0,105.0,216.0,237,1
Orlando,Boston,56,57,54,49,209.5,103.0,210.5,216,1
Atlanta,Minnesota,60,60,53,74,239.5,116.5,235.5,247,1
Cleveland,OklahomaCity,57,57,51,47,222.0,115.0,221.5,212,0
Memphis,Dallas,63,52,63,50,225.5,116.5,229.5,228,0
Denver,Utah,57,49,41,46,215.0,106.5,218.0,193,0
Miami,LAClippers,48,65,59,67,224.5,110.0,223.0,239,1
Orlando,NewYork,49,52,58,49,208.0,102.0,206.5,208,1
NewOrleans,Chicago,57,77,50,60,230.5,114.0,231.5,244,1
Philadelphia,Milwaukee,48,57,55,53,228.0,112.0,227.0,213,0
SanAntonio,Portland,62,57,59,64,228.0,117.5,231.0,242,1
Houston,LALakers,57,69,64,42,240.0,117.0,234.0,232,0
Dallas,Washington,62,64,59,52,234.0,114.0,234.0,237,1
Memphis,Philadelphia,51,51,61,63,222.5,113.5,221.0,226,1
Atlanta,Boston,54,55,51,59,225.0,110.0,232.0,219,0
Detroit,OklahomaCity,53,46,47,63,214.5,104.5,219.0,209,0
Houston,Phoenix,72,48,50,48,234.5,115.0,234.5,218,0
Miami,Sacramento,58,44,57,43,219.5,108.0,221.0,202,0
Portland,Utah,70,60,47,54,230.5,114.0,226.5,231,1
NewYork,Detroit,45,53,36,53,212.0,103.0,216.0,187,0
Dallas,Charlotte,41,66,52,57,212.0,103.0,216.5,216,0
NewOrleans,Indiana,57,58,58,68,224.0,111.0,227.5,241,1
Brooklyn,Toronto,69,51,68,49,218.0,111.5,224.0,237,1
LAClippers,Minnesota,71,69,60,57,233.0,113.5,230.0,257,1
LALakers,GoldenState,58,67,55,65,224.5,110.5,225.0,245,1
Denver,Phoenix,65,44,52,64,218.0,107.0,218.0,225,1
SanAntonio,Sacramento,47,54,66,57,222.5,115.0,224.5,224,0
Boston,OklahomaCity,60,53,55,55,219.5,112.5,216.0,223,1
NewYork,Atlanta,51,73,53,55,226.5,110.5,226.0,275,1
Chicago,Philadelphia,63,52,51,63,213.5,105.0,211.5,229,1
Memphis,Washington,48,54,63,40,240.5,122.5,240.0,205,0
LAClippers,Cleveland,57,66,57,45,231.5,112.0,228.5,225,0
Miami,Portland,74,49,53,48,226.5,112.0,231.0,224,0
Brooklyn,Indiana,58,41,58,54,217.0,111.5,220.0,211,0
Atlanta,Orlando,50,67,72,72,222.5,109.5,222.0,261,1
Charlotte,Detroit,32,52,41,38,206.5,100.5,209.5,163,0
Minnesota,Toronto,76,73,51,63,235.0,115.5,227.0,263,1
Sacramento,Milwaukee,62,53,63,56,229.5,113.0,227.0,234,1
SanAntonio,Denver,70,50,62,65,216.0,111.0,221.5,247,1
Miami,GoldenState,44,61,53,56,219.5,107.5,220.5,214,0
Phoenix,LALakers,61,52,52,60,230.5,118.0,228.0,225,0
Chicago,Washington,62,69,51,58,230.0,112.0,230.0,240,1
Portland,NewOrleans,63,65,62,65,243.0,118.5,240.0,255,1
SanAntonio,OklahomaCity,39,51,66,64,219.5,112.5,221.5,220,0
Boston,Houston,42,54,53,72,232.5,119.0,231.5,221,0
Detroit,Orlando,52,62,54,48,208.5,102.5,204.0,228,1
Atlanta,Cleveland,52,61,65,54,234.5,114.0,233.0,232,0
Washington,NewYork,49,47,54,60,227.5,110.5,228.5,210,0
Toronto,Brooklyn,42,50,48,52,224.0,109.0,224.0,192,0
Charlotte,Minnesota,64,52,52,55,224.5,108.5,225.0,223,0
Portland,Memphis,58,72,44,41,235.0,115.0,237.0,215,0
Sacramento,Dallas,60,55,58,68,226.0,111.5,227.0,241,1
GoldenState,Phoenix,58,50,55,55,227.0,110.5,225.0,218,0
Miami,Utah,53,46,54,64,216.5,106.0,219.5,217,0
LALakers,Denver,54,62,55,51,220.5,108.5,220.0,236,1
OklahomaCity,NewOrleans,59,65,67,50,234.0,114.0,231.5,241,1
Miami,Atlanta,68,59,60,66,230.0,112.5,231.5,253,1
Charlotte,Chicago,53,51,48,44,211.5,102.5,209.0,196,0
Brooklyn,Philadelphia,46,48,61,51,213.5,111.0,217.0,216,0
Memphis,Sacramento,72,59,56,67,229.5,118.0,229.0,254,1
Houston,GoldenState,55,67,64,54,233.0,113.0,232.5,240,1
Cleveland,Washington,73,54,41,53,237.0,116.5,238.0,221,0
Dallas,Orlando,52,64,59,53,221.5,109.0,219.0,228,1
Phoenix,Toronto,54,56,61,48,229.0,116.5,228.5,219,0
Indiana,NewYork,35,60,50,59,212.5,104.0,212.0,204,0
Boston,Minnesota,44,70,69,61,226.5,115.5,230.0,244,1
SanAntonio,Utah,48,63,57,49,223.5,111.0,221.0,217,0
Sacramento,LAClippers,38,64,69,44,232.5,115.0,229.0,215,0
Brooklyn,Charlotte,55,45,51,50,210.0,108.5,212.0,201,0
Dallas,Atlanta,56,68,39,55,236.0,115.0,239.0,218,0
Cleveland,Miami,70,64,50,45,222.0,107.5,221.5,229,1
Phoenix,Chicago,46,58,59,53,222.0,113.0,219.5,216,0
Philadelphia,Milwaukee,52,54,60,51,227.0,109.5,226.5,217,0
Houston,Utah,74,54,57,45,233.0,115.0,235.0,230,0
Boston,LALakers,47,63,64,52,222.5,115.0,225.5,226,1
Indiana,Toronto,46,49,45,68,219.5,106.5,219.5,208,0
Minnesota,Denver,81,57,46,60,221.0,109.5,227.0,244,1
SanAntonio,OklahomaCity,58,58,55,63,222.5,110.0,222.5,234,1
NewOrleans,GoldenState,62,40,52,62,238.0,115.5,238.0,216,0
Detroit,Portland,64,40,61,46,220.0,107.0,225.0,211,0
Milwaukee,Washington,55,49,73,69,243.0,121.5,240.5,271,1
Orlando,Brooklyn,49,46,73,60,213.0,108.5,211.0,228,1
NewYork,Houston,69,60,58,48,225.0,110.0,230.0,235,1
Minnesota,Dallas,68,78,60,56,239.0,116.0,236.5,262,1
Phoenix,Utah,62,62,63,55,224.0,116.0,223.5,242,1
Memphis,LAClippers,54,49,53,65,235.5,118.0,234.5,221,0
Charlotte,Indiana,60,53,36,50,208.5,102.0,208.5,199,0
OklahomaCity,Chicago,64,63,57,62,219.5,106.5,217.5,246,1
Detroit,Denver,52,53,49,59,213.5,104.0,216.0,213,0
Boston,Portland,52,52,51,69,223.0,114.5,232.0,224,0
NewOrleans,LALakers,56,66,52,53,239.5,117.0,238.5,227,0
Sacramento,GoldenState,55,43,56,52,223.5,109.0,226.5,206,0
Philadelphia,Cleveland,45,54,46,57,216.5,105.5,220.0,202,0
NewYork,Charlotte,57,45,58,48,207.5,101.5,206.0,208,1
Brooklyn,Washington,48,59,58,51,233.5,119.5,236.0,216,0
Orlando,Atlanta,50,78,70,52,230.0,118.5,227.0,250,1
Dallas,SanAntonio,56,52,57,47,232.5,113.0,227.5,212,0
Minnesota,Miami,57,60,72,66,234.0,115.0,230.0,255,1
Memphis,Houston,52,68,79,53,237.5,121.0,234.5,252,1
LAClippers,Phoenix,50,53,39,52,232.5,113.5,233.0,194,0
Boston,Utah,38,66,63,50,218.0,112.0,220.5,217,0
NewYork,Philadelphia,47,60,59,55,209.5,103.5,212.5,221,1
Sacramento,OklahomaCity,52,59,52,57,220.0,109.5,223.0,220,0
Portland,Indiana,54,38,63,51,218.0,106.5,219.0,206,0
LALakers,GoldenState,48,58,57,39,220.5,109.5,225.5,202,0
Minnesota,Orlando,70,64,65,62,234.0,115.0,235.0,261,1
Charlotte,Toronto,48,45,46,56,214.0,105.5,214.5,195,0
Brooklyn,Atlanta,65,65,76,53,236.5,121.5,232.0,259,1
Cleveland,NewOrleans,68,57,53,42,235.0,113.5,237.0,220,0
Sacramento,Memphis,51,46,59,49,227.0,110.0,229.5,205,0
OklahomaCity,Milwaukee,55,62,59,43,227.0,110.0,229.0,219,0
Dallas,Miami,62,56,63,63,229.0,111.0,230.0,244,1
Washington,Utah,59,59,53,77,231.5,117.5,231.0,248,1
Detroit,Phoenix,53,52,58,61,218.0,106.5,222.0,224,1
Denver,LAClippers,64,58,55,58,220.0,108.5,222.5,235,1
Chicago,NewYork,56,63,56,65,214.0,105.5,215.0,240,1
Brooklyn,Miami,51,55,65,58,219.5,112.5,223.0,229,1
Indiana,Cleveland,61,53,58,45,215.0,106.0,215.0,217,1
LALakers,Memphis,54,50,48,41,228.0,112.0,229.5,193,0
Houston,Boston,47,54,58,49,232.5,113.5,230.5,221,0
Orlando,SanAntonio,65,49,52,61,222.5,114.0,217.5,227,1
GoldenState,Phoenix,69,57,47,41,221.5,109.0,224.0,214,0
Milwaukee,Charlotte,46,42,50,40,218.5,111.5,218.0,178,0
Philadelphia,LAClippers,73,69,62,62,218.5,109.0,218.5,266,1
Dallas,Minnesota,52,55,39,56,242.0,117.5,244.0,202,0
Detroit,Sacramento,47,54,45,60,215.5,105.5,217.0,206,0
LALakers,NewOrleans,62,62,64,48,235.5,116.0,233.5,236,1
Washington,GoldenState,63,57,50,64,233.5,115.0,230.0,234,1
Houston,NewYork,67,69,56,56,231.0,113.5,230.5,248,1
Portland,Orlando,63,64,53,57,220.0,108.5,223.5,237,1
Utah,Cleveland,56,54,66,63,222.0,113.5,219.0,239,1
Memphis,Atlanta,47,54,51,63,240.0,122.0,238.5,215,0
Milwaukee,Miami,57,48,46,43,227.5,116.5,226.0,194,0
Dallas,Chicago,48,58,50,60,220.0,108.5,224.0,216,0
Indiana,SanAntonio,60,63,53,51,220.5,108.0,220.0,227,1
SanAntonio,Charlotte,55,52,46,54,211.5,105.0,214.0,207,0
Brooklyn,Boston,61,38,52,85,218.5,112.5,221.5,249,1
LAClippers,OklahomaCity,65,41,53,44,228.5,111.0,226.0,203,0
Minnesota,NewOrleans,59,81,80,53,247.0,121.5,247.5,273,1
GoldenState,Denver,51,56,56,53,218.5,107.0,217.0,216,0
Toronto,Phoenix,69,60,44,64,225.0,111.0,221.0,237,1
Philadelphia,LALakers,63,56,57,51,219.5,106.5,220.5,227,1
Washington,Sacramento,62,63,65,69,235.5,114.5,233.0,259,1
Boston,Cleveland,55,55,48,60,215.5,111.0,215.0,218,1
OklahomaCity,Detroit,70,63,43,45,209.5,104.0,215.0,221,1
Orlando,Miami,56,59,57,57,219.0,111.5,217.5,229,1
Utah,NewYork,61,57,53,45,219.5,112.0,220.0,216,0
Memphis,Brooklyn,45,52,50,50,223.0,114.0,225.0,197,0
Chicago,Minnesota,51,62,54,56,231.5,112.5,227.5,223,0
NewOrleans,Dallas,46,66,60,52,240.0,116.0,237.5,250,1
Indiana,Milwaukee,59,55,54,51,220.5,108.5,222.0,219,0
Washington,Portland,67,66,46,50,243.5,119.0,239.0,229,0
Denver,Charlotte,65,46,51,64,208.0,102.0,208.0,226,1
LAClippers,Houston,56,55,44,70,236.5,115.0,237.0,225,0
Philadelphia,Sacramento,62,54,60,57,218.5,108.0,221.5,233,1
Toronto,GoldenState,59,58,60,57,228.0,111.0,223.5,234,1
Atlanta,Washington,67,54,47,62,239.5,117.0,246.5,230,0
OklahomaCity,NewYork,47,62,64,56,217.0,106.0,219.0,229,1
SanAntonio,Brooklyn,63,66,86,44,225.5,110.5,222.5,259,1
Utah,Boston,59,52,34,48,219.0,112.5,221.0,193,0
Miami,NewOrleans,58,58,47,51,232.5,112.5,235.5,214,0
Orlando,Minnesota,53,67,65,65,234.0,119.0,234.5,250,1
Indiana,Chicago,54,54,53,49,208.5,102.5,213.5,210,0
Memphis,Dallas,61,49,50,57,225.0,115.0,227.0,217,0
Portland,Phoenix,56,69,52,67,233.0,113.5,233.5,244,1
Houston,Charlotte,47,53,58,49,219.5,107.5,222.0,207,0
Denver,Cleveland,56,63,49,38,219.0,107.5,218.0,206,0
Atlanta,Memphis,56,55,60,48,235.0,114.5,235.0,219,0
Philadelphia,GoldenState,47,65,60,60,220.0,107.5,226.0,232,1
Sacramento,Portland,64,67,49,54,230.5,113.0,230.0,234,1
Chicago,Brooklyn,45,63,39,70,218.5,107.5,220.5,217,0
LALakers,LAClippers,52,50,64,49,226.5,110.5,227.5,215,0
NewOrleans,Minnesota,65,69,48,45,248.5,120.5,247.0,227,0
OklahomaCity,Boston,55,60,52,42,217.5,107.5,219.0,209,0
Milwaukee,Phoenix,75,61,57,78,228.5,116.5,221.0,271,1
Indiana,Dallas,57,50,63,51,218.5,107.0,219.0,221,1
Miami,Washington,52,59,33,45,233.0,113.0,231.5,189,0
Orlando,Houston,58,59,64,51,229.0,116.5,234.0,232,0
SanAntonio,Cleveland,53,57,68,58,226.5,108.0,221.0,261,1
Detroit,NewYork,49,47,47,37,210.5,103.0,210.0,180,0
Toronto,Sacramento,44,57,51,79,225.5,110.0,230.0,231,1
Charlotte,Atlanta,64,65,63,52,222.0,108.5,225.0,281,1
Toronto,Utah,49,59,38,47,224.5,108.5,225.5,193,0
Milwaukee,Denver,63,53,31,57,220.0,113.5,223.5,204,0
Boston,Indiana,52,57,65,51,215.0,110.5,215.0,225,1
NewYork,Washington,67,57,50,63,229.5,111.0,227.0,237,1
Cleveland,Chicago,56,50,50,55,217.5,106.5,217.5,211,0
Minnesota,Houston,61,47,55,65,249.5,121.5,246.0,228,0
Orlando,Memphis,62,51,58,64,219.0,111.5,224.0,235,1
Dallas,SanAntonio,56,57,55,60,232.0,113.5,227.5,228,1
Phoenix,Portland,64,43,53,66,234.5,119.0,233.5,226,0
Brooklyn,LALakers,60,54,53,39,227.0,112.0,223.5,206,0
LAClippers,GoldenState,61,63,64,50,223.5,108.5,226.5,238,1
NewYork,Atlanta,57,60,57,62,232.5,113.5,230.0,267,1
Detroit,Philadelphia,63,62,58,47,209.5,102.5,215.0,230,1
Charlotte,Miami,62,48,54,43,206.5,101.5,211.5,207,0
Denver,Dallas,62,45,62,41,220.5,108.0,218.0,210,0
Utah,NewOrleans,49,59,58,44,229.0,115.5,220.5,210,0
LAClippers,LALakers,58,48,47,51,220.0,106.0,218.5,204,0
Orlando,Brooklyn,75,54,64,53,210.0,107.5,212.0,246,1
Memphis,Portland,65,63,61,59,224.5,115.5,222.5,275,1
Phoenix,Washington,69,50,51,67,224.5,114.5,225.0,237,1
Sacramento,SanAntonio,73,56,59,61,223.5,111.5,214.5,249,1
Houston,Dallas,84,76,67,51,232.5,117.5,225.5,302,1
Miami,Denver,54,59,60,57,215.5,105.5,213.0,230,1
Utah,OklahomaCity,44,64,40,56,219.0,108.5,212.5,204,0
NewOrleans,LAClippers,62,60,47,60,232.0,114.5,226.5,229,1
Philadelphia,Indiana,64,52,52,80,219.5,110.5,210.5,248,1
LALakers,Toronto,44,41,57,57,225.0,109.5,213.5,199,0
Washington,Brooklyn,45,63,60,60,230.0,113.5,233.0,228,0
Portland,Boston,61,54,65,72,227.5,114.5,227.5,252,1
SanAntonio,Memphis,56,57,48,53,236.0,119.0,233.0,214,0
Sacramento,Orlando,70,62,59,57,228.0,110.0,221.0,248,1
Milwaukee,Houston,61,55,63,57,244.0,123.5,240.0,236,0
Dallas,Phoenix,58,75,55,44,235.0,117.5,235.0,232,0
Toronto,Miami,40,52,71,47,222.0,106.0,221.0,210,0
Indiana,Washington,41,62,55,53,227.5,111.0,227.5,211,0
Denver,OklahomaCity,45,56,58,59,219.5,104.5,219.5,234,1
Memphis,NewOrleans,48,61,44,55,236.5,1118.0,238.5,208,0
SanAntonio,Philadelphia,67,59,60,76,227.0,112.0,228.0,262,1
LALakers,Utah,48,66,48,62,217.0,105.0,219.0,224,1
Brooklyn,Milwaukee,74,64,44,53,230.5,115.5,227.0,235,1
Dallas,Sacramento,64,52,41,33,236.5,115.5,237.0,224,0
Phoenix,LAClippers,50,69,67,46,230.0,117.0,230.0,232,1
Orlando,Indiana,65,56,47,61,224.0,110.0,223.5,229,1
Boston,Miami,61,53,60,44,218.5,109.5,223.5,218,0
Houston,Portland,53,64,49,46,244.0,119.5,244.0,212,0
Philadelphia,Washington,46,55,50,54,229.5,113.5,233.0,205,0
Denver,SanAntonio,60,67,51,80,226.5,112.5,224.5,258,1
OklahomaCity,LALakers,44,53,50,44,218.0,105.5,219.0,191,0
Toronto,Orlando,37,53,56,62,222.5,107.0,224.5,208,0
Brooklyn,Boston,59,64,60,81,224.0,110.0,228.0,264,1
NewOrleans,Sacramento,88,59,73,45,235.0,116.0,233.5,265,1
Miami,Milwaukee,59,70,61,56,223.5,110.0,220.0,246,1
Indiana,Phoenix,51,49,61,52,228.0,111.0,228.5,213,0
LAClippers,Dallas,45,72,61,59,230.5,111.5,231.5,237,1
Portland,Denver,53,58,68,61,228.5,114.0,233.5,240,1
LALakers,Houston,59,62,52,37,228.0,110.5,230.0,210,0
Utah,SanAntonio,63,47,70,50,226.0,113.5,228.0,230,1
OklahomaCity,Memphis,62,61,50,40,220.0,109.5,225.0,213,0
Sacramento,Brooklyn,51,65,59,50,232.0,116.5,231.0,225,0
Orlando,Philadelphia,48,50,58,53,221.5,112.0,222.5,209,0
Washington,NewOrleans,60,50,62,53,236.0,116.0,231.0,225,0
Boston,Toronto,35,54,59,74,223.0,112.0,220.0,222,1
LAClippers,Portland,71,73,47,48,232.5,114.5,235.0,239,1
Utah,Denver,44,68,55,43,222.0,111.0,222.0,266,1
LALakers,Indiana,58,55,55,59,218.5,107.0,219.0,227,1
Phoenix,Miami,57,63,54,57,225.5,113.0,223.5,231,1
Milwaukee,Dallas,67,66,51,54,237.5,119.0,232.0,268,1
Washington,OklahomaCity,55,57,53,59,220.5,108.5,227.0,224,0
Memphis,Toronto,45,69,45,48,221.5,109.0,222.0,207,0
SanAntonio,NewOrleans,46,61,51,77,239.0,116.5,238.0,235,0
Orlando,Boston,57,49,67,51,222.5,112.0,220.0,241,1
Philadelphia,Portland,52,73,58,62,229.0,111.5,229.5,245,1
Houston,Sacramento,59,58,47,77,235.0,115.0,231.0,241,1
Brooklyn,LAClippers,69,68,55,57,230.5,116.0,226.5,249,1
OklahomaCity,Phoenix,60,69,50,50,221.5,107.5,227.0,229,1
Dallas,Utah,68,56,64,48,221.5,109.0,229.0,236,1
Toronto,Milwaukee,67,53,43,57,228.0,110.0,226.5,220,0
Indiana,Miami,42,54,60,50,223.0,108.5,220.0,206,0
Denver,LALakers,56,67,53,69,223.0,109.5,222.5,245,1
Brooklyn,Orlando,56,47,54,47,225.0,111.0,220.5,204,0
Houston,SanAntonio,56,59,61,52,239.5,118.0,234.0,228,0
Phoenix,Philadelphia,50,71,64,62,227.0,114.0,223.5,247,1
Portland,Dallas,69,55,69,72,240.0,120.5,237.5,265,1
Boston,Memphis,41,55,60,73,229.0,113.5,224.5,229,1
NewOrleans,Sacramento,56,67,55,40,235.5,116.5,230.5,218,0
Milwaukee,Washington,45,77,61,56,228.5,114.0,229.5,239,1
Indiana,Houston,62,39,55,56,231.5,116.0,229.5,212,0
Toronto,Philadelphia,57,60,61,68,222.0,109.5,223.5,246,1
Miami,OklahomaCity,71,57,54,49,221.0,109.0,218.5,231,1
LAClippers,Denver,51,57,74,53,230.0,114.0,230.0,235,1
NewOrleans,Orlando,65,73,48,74,227.0,113.0,227.5,260,1
Milwaukee,Memphis,43,67,57,58,231.0,117.0,223.5,225,1
SanAntonio,Utah,65,46,53,66,234.0,114.0,231.0,230,0
Sacramento,LALakers,70,52,69,67,221.5,110.0,219.5,258,1
Washington,Boston,47,60,48,31,224.5,111.0,230.5,186,0
Dallas,Phoenix,61,72,50,47,238.5,117.5,229.0,230,1
Portland,Brooklyn,62,78,61,66,238.5,118.0,235.0,267,1
Philadelphia,Houston,65,53,62,50,230.5,113.0,228.5,230,1
Denver,Toronto,54,54,53,65,223.5,110.5,224.0,226,1
OklahomaCity,LAClippers,43,41,49,41,224.5,107.5,222.0,210,0
Miami,Indiana,41,61,52,47,221.5,109.5,216.0,201,0
Memphis,Portland,50,60,73,65,229.5,116.0,231.5,248,1
Utah,Denver,56,55,50,69,214.0,109.5,220.5,260,1
Brooklyn,Toronto,57,67,57,63,222.5,109.0,224.0,244,1
Philadelphia,Boston,51,53,50,56,217.0,110.0,220.0,210,0
Dallas,LAClippers,72,63,34,59,230.5,115.5,231.0,228,0
Orlando,Milwaukee,56,58,57,61,225.5,114.5,224.5,232,1
Portland,LALakers,61,52,40,40,234.0,116.0,226.5,193,0
Miami,Indiana,60,48,53,53,216.0,107.0,217.5,214,0
OklahomaCity,Houston,48,72,67,44,225.0,10.5,227.0,231,1
Brooklyn,Toronto,62,41,51,49,226.0,111.5,226.5,203,0
Utah,Denver,52,57,72,48,217.0,111.5,218.5,229,1
Philadelphia,Boston,60,62,51,56,213.5,108.0,215.0,229,1
Dallas,LAClippers,54,63,66,58,231.5,114.0,231.0,241,1
Miami,Indiana,46,51,68,44,217.5,106.5,215.0,209,0
OklahomaCity,Houston,65,47,43,54,227.5,111.5,227.5,209,0
Orlando,Milwaukee,38,69,59,41,228.0,115.5,228.0,207,0
Portland,LALakers,46,49,51,53,230.0,113.5,226.5,199,0
Toronto,Brooklyn,41,58,53,57,219.5,107.5,223.0,209,0
Denver,Utah,39,62,55,55,217.5,108.0,220.0,211,0
Boston,Philadelphia,50,50,48,48,216.5,110.0,216.0,196,0
LAClippers,Dallas,46,76,65,65,231.0,114.5,233.0,252,1
Indiana,Miami,61,69,54,55,213.5,108.5,214.0,239,1
Houston,OklahomaCity,52,68,40,48,223.0,110.5,224.0,226,1
LALakers,Portland,54,56,69,45,225.0,11.5,225.0,224,0
Boston,Philadelphia,59,56,51,50,215.5,109.0,213.0,216,1
LAClippers,Dallas,58,66,54,64,233.0,111.0,231.5,268,1
Toronto,Brooklyn,71,74,58,69,222.5,111.0,217.0,272,1
Denver,Utah,69,60,57,70,217.0,108.5,214.0,256,1
Milwaukee,Orlando,40,70,55,62,226.5,114.5,225.5,227,1
Houston,OklahomaCity,72,48,65,46,223.5,111.0,221.0,231,1
Indiana,Miami,43,47,42,54,217.5,110.0,216.5,186,0
LALakers,Portland,68,63,68,51,226.0,110.5,224.5,250,1
Utah,Denver,65,52,51,56,219.5,111.5,220.5,224,1
Dallas,LAClippers,63,65,69,68,236.5,118.0,237.5,265,1
Orlando,Milwaukee,47,70,52,53,225.0,113.5,226.0,222,0
OklahomaCity,Houston,38,55,55,46,228.0,113.0,224.5,194,0
Portland,LALakers,66,70,56,61,223.5,112.0,223.0,253,1
Boston,Toronto,62,39,60,45,217.5,111.5,216.0,206,0
LAClippers,Dallas,63,45,51,49,236.5,117.0,237.5,208,0
Denver,Utah,66,51,50,59,219.5,109.0,220.5,226,1
Houston,OklahomaCity,49,50,53,52,226.0,111.5,225.0,204,0
Miami,Milwaukee,69,54,55,41,224.0,111.0,223.0,219,0
Boston,Toronto,56,42,50,53,218.5,110.0,216.0,201,0
Utah,Denver,47,39,39,33,217.5,109.5,220.5,158,0
Miami,Milwaukee,67,59,50,54,223.0,110.5,221.0,230,1
OklahomaCity,Houston,59,61,45,41,216.5,107.0,223.0,206,0
Toronto,Boston,61,43,52,51,217.0,108.0,214.0,207,0
Denver,LAClippers,62,58,38,59,223.5,109.0,223.0,217,0
Milwaukee,Miami,59,48,55,53,222.0,111.0,222.5,215,0
Houston,LALakers,57,61,46,45,226.5,111.0,226.0,209,0
Toronto,Boston,58,40,56,39,215.5,105.5,212.0,193,0
Denver,LAClippers,69,59,38,45,224.0,111.5,221.5,211,0
Milwaukee,Miami,53,45,76,40,220.0,108.5,220.0,233,1
Houston,LALakers,56,62,64,44,223.0,108.0,224.0,226,1
Boston,Toronto,36,61,53,50,212.5,108.0,212.5,200,0
LAClippers,Denver,65,51,56,48,220.5,107.5,220.5,220,0
Miami,Milwaukee,47,51,40,59,220.0,107.5,218.0,197,0
LALakers,Houston,65,60,39,50,222.0,107.5,224.0,214,0
Toronto,Boston,46,54,58,38,209.5,104.0,209.5,247,1
LAClippers,Denver,38,50,48,45,221.5,107.5,220.5,181,0
LALakers,Houston,48,50,58,54,218.5,105.0,220.5,210,0
Boston,Toronto,53,43,47,36,204.5,102.0,209.0,179,0
Denver,LAClippers,51,49,53,63,216.0,105.0,217.5,216,0
Houston,LALakers,55,58,51,51,218.0,106.0,214.5,215,1
LAClippers,Denver,60,50,46,53,214.5,105.0,214.5,209,0
Denver,LAClippers,48,62,46,37,207.5,102.0,211.5,193,0
Miami,Boston,44,66,44,58,209.5,103.5,211.5,231,1
Miami,Boston,59,48,54,46,208.0,102.0,210.0,207,0
Boston,Miami,53,59,51,60,208.5,104.0,207.5,223,1
Denver,LALakers,50,60,50,48,216.5,104.0,214.0,208,0
LALakers,Denver,56,60,52,52,214.5,104.0,213.5,220,1
Boston,Miami,47,47,59,68,212.0,106.5,210.5,221,1
LALakers,Denver,67,48,56,51,213.5,104.5,215.5,222,1
Miami,Boston,44,65,66,54,213.5,105.5,214.0,229,1
Denver,LALakers,63,49,59,53,216.5,105.5,215.5,224,1
Boston,Miami,60,62,52,64,216.0,108.5,214.5,238,1
Miami,LALakers,59,54,47,54,217.5,105.0,217.5,214,0
Miami,LALakers,52,70,74,42,216.5,104.5,216.0,238,1
LALakers,Miami,49,63,53,54,220.0,109.0,218.5,219,1
LALakers,Miami,49,47,49,53,218.0,106.5,219.5,198,0
Miami,LALakers,49,67,54,49,215.0,105.0,217.0,219,1
LALakers,Miami,48,52,45,54,215.0,104.0,216.5,199,0
GoldenState,Brooklyn,65,43,62,54,234.5,115.0,228.0,224,0
LAClippers,LALakers,58,52,57,58,219.0,108.5,223.0,225,1
Charlotte,Cleveland,47,62,64,62,217.0,107.0,215.0,235,1
NewYork,Indiana,68,59,43,58,215.5,107.5,214.5,228,1
Miami,Orlando,56,53,53,58,219.0,106.5,220.5,220,0
Washington,Philadelphia,56,61,39,64,230.5,113.5,229.0,220,0
Milwaukee,Boston,65,58,62,58,223.0,115.0,226.0,243,1
Atlanta,Chicago,71,71,48,38,234.0,116.0,227.0,228,1
SanAntonio,Memphis,63,56,68,63,230.0,117.0,231.5,250,1
Detroit,Minnesota,59,54,52,47,224.5,110.0,227.0,212,0
Sacramento,Denver,56,57,60,51,227.5,111.5,224.5,246,1
Utah,Portland,57,52,53,58,226.0,115.0,229.0,220,0
NewOrleans,Miami,55,64,48,42,221.0,107.5,229.0,209,0
GoldenState,Milwaukee,58,64,54,61,230.5,113.0,233.5,237,1
Dallas,LALakers,63,63,58,69,226.0,110.5,230.0,253,1
LAClippers,Denver,58,69,50,52,226.5,110.5,222.0,229,1
Atlanta,Memphis,49,65,61,59,238.5,117.5,237.5,234,0
Orlando,Washington,64,58,61,67,232.0,117.5,228.5,250,1
OklahomaCity,Charlotte,54,62,39,61,219.5,108.0,218.5,216,0
Philadelphia,NewYork,54,61,40,43,215.0,105.5,219.0,198,0
Indiana,Chicago,55,67,48,61,223.5,110.0,222.5,231,1
Toronto,SanAntonio,72,47,58,56,228.5,112.5,225.5,233,1
Minnesota,Utah,58,63,46,60,229.0,112.0,225.5,227,1
Phoenix,Sacramento,56,56,50,47,227.0,114.5,230.0,209,0
Houston,Portland,58,68,43,57,225.5,111.5,225.0,254,1
Dallas,LAClippers,49,55,57,36,226.5,111.5,230.0,197,0
SanAntonio,NewOrleans,34,58,58,43,227.5,116.0,226.5,193,0
Orlando,Washington,64,58,49,62,231.0,117.5,225.5,233,1
Brooklyn,Charlotte,45,53,61,51,233.0,113.5,224.0,210,0
Philadelphia,Cleveland,53,61,51,47,218.0,108.0,218.5,212,0
Milwaukee,NewYork,57,49,65,69,222.0,114.0,223.5,240,1
Boston,Indiana,42,62,67,44,220.5,113.0,219.0,215,0
GoldenState,Chicago,51,65,74,67,229.5,112.0,226.0,257,1
Phoenix,Sacramento,61,48,59,48,225.5,114.0,224.5,216,0
Minnesota,LALakers,63,49,58,48,229.0,112.0,224.0,218,0
Memphis,Brooklyn,55,54,63,40,227.5,114.5,235.0,227,0
Detroit,Atlanta,58,63,66,61,223.5,109.5,226.5,248,1
Utah,OklahomaCity,46,55,70,48,218.0,110.5,221.0,219,0
Houston,Denver,62,68,59,46,222.0,109.5,225.5,235,1
Portland,LALakers,52,60,57,53,229.0,117.5,227.5,222,0
Chicago,Washington,57,41,58,66,238.0,119.5,232.5,222,0
GoldenState,Detroit,53,46,54,69,227.5,110.5,222.5,222,0
NewYork,Cleveland,44,55,36,46,216.0,106.5,219.5,181,0
Milwaukee,Miami,72,62,56,51,227.5,114.5,222.5,241,1
Orlando,OklahomaCity,61,55,56,53,219.0,112.0,219.5,225,1
Minnesota,LAClippers,62,58,61,44,225.5,109.5,229.5,225,0
NewOrleans,Phoenix,60,50,51,36,222.0,108.0,223.0,197,0
Denver,Sacramento,66,70,60,44,226.0,110.5,223.5,240,1
Memphis,Boston,50,56,61,66,218.0,110.0,224.0,233,1
Milwaukee,Miami,44,63,72,48,228.5,115.0,227.5,227,0
Atlanta,Brooklyn,79,56,71,80,240.0,118.0,240.0,286,1
Charlotte,Dallas,65,60,42,50,225.0,112.0,223.5,217,0
LALakers,SanAntonio,62,54,58,54,231.5,113.0,229.5,228,0
Portland,LAClippers,63,70,59,41,226.0,113.5,229.0,233,1
Cleveland,Indiana,53,55,48,62,219.0,108.5,217.0,218,1
Chicago,Washington,76,63,68,56,235.5,120.0,234.5,263,1
Philadelphia,Orlando,60,55,52,41,219.5,106.0,217.0,208,0
Sacramento,Houston,65,57,51,68,231.5,114.0,227.0,241,1
NewYork,Toronto,40,44,51,48,215.5,104.5,217.5,183,0
NewOrleans,OklahomaCity,60,45,53,35,214.5,106.0,214.5,193,0
Phoenix,Utah,43,50,60,48,219.5,112.0,220.0,201,0
Boston,Detroit,39,56,57,37,213.5,108.0,215.5,189,0
Miami,Dallas,36,41,49,50,225.0,109.5,222.5,176,0
Memphis,Charlotte,42,58,50,51,219.5,110.5,220.0,201,0
Atlanta,Brooklyn,52,61,49,48,244.5,119.5,247.0,210,0
Washington,Minnesota,62,55,54,68,234.5,114.0,232.5,239,1
LALakers,SanAntonio,56,59,51,46,229.0,112.0,230.5,212,0
Chicago,Milwaukee,48,54,69,51,233.0,117.5,230.0,222,0
Phoenix,Denver,66,43,56,44,220.5,112.0,225.0,209,0
LAClippers,Utah,50,43,56,57,219.5,107.0,225.5,206,0
Portland,GoldenState,57,65,56,43,237.5,117.5,230.5,221,0
Sacramento,Houston,72,56,36,32,229.0,113.0,233.0,196,0
Charlotte,Philadelphia,63,68,63,45,217.0,106.5,213.5,239,1
OklahomaCity,Orlando,61,42,63,41,216.5,106.0,218.5,207,0
NewYork,Indiana,54,47,63,44,215.0,105.0,215.0,208,0
Toronto,NewOrleans,58,57,54,67,215.5,106.5,216.0,236,1
Cleveland,Atlanta,60,40,44,43,229.0,112.0,234.5,187,0
Boston,Detroit,64,54,61,63,212.0,107.0,213.5,242,1
Washington,Brooklyn,57,84,46,58,241.5,119.0,242.5,245,1
LALakers,Memphis,61,49,42,50,220.0,108.0,222.5,202,0
Utah,SanAntonio,56,60,58,65,222.5,113.5,219.5,239,1
Denver,Minnesota,57,46,64,66,226.0,111.0,231.0,233,1
LAClippers,Phoenix,61,47,61,50,215.5,105.5,218.0,219,1
Dallas,Chicago,62,57,48,59,222.0,109.5,225.0,226,1
Portland,GoldenState,69,51,60,79,235.0,114.5,234.5,259,1
Charlotte,Philadelphia,43,58,47,71,221.5,107.5,218.0,219,1
Cleveland,Orlando,45,55,56,30,214.5,105.0,217.0,186,0
OklahomaCity,Miami,52,60,45,51,214.5,105.5,212.5,208,0
NewYork,Atlanta,60,52,60,49,224.5,110.0,223.0,221,0
Boston,Toronto,55,52,74,59,217.0,110.5,214.0,240,1
Dallas,Houston,54,56,51,52,229.5,113.5,228.0,213,0
Detroit,Milwaukee,59,64,54,63,223.5,108.5,225.0,240,1
Sacramento,GoldenState,57,59,59,68,235.0,115.0,232.0,243,1
Utah,Brooklyn,49,58,64,55,225.0,114.5,231.5,226,0
LALakers,Memphis,43,51,41,51,219.0,106.5,218.0,186,0
Minnesota,Denver,56,71,62,50,226.5,112.0,228.0,239,1
SanAntonio,LAClippers,63,44,62,60,226.0,115.5,227.0,229,1
Chicago,Portland,60,39,67,53,232.5,117.5,233.5,219,0
Washington,Philadelphia,57,92,73,55,235.0,115.5,231.0,277,1
Cleveland,Orlando,38,58,51,52,214.0,103.5,213.0,199,0
Boston,Miami,60,38,62,52,217.5,110.0,218.0,212,0
Charlotte,Atlanta,38,61,49,48,232.5,113.0,231.0,196,0
Utah,NewYork,47,53,53,59,214.5,109.0,215.0,212,0
OklahomaCity,NewOrleans,60,53,53,55,213.5,105.5,213.0,221,1
Detroit,Milwaukee,77,61,52,55,226.5,111.0,227.0,245,1
Toronto,Phoenix,47,65,71,55,219.0,107.0,217.0,238,1
Chicago,Sacramento,53,68,65,66,228.5,115.5,232.0,252,1
LAClippers,GoldenState,36,67,57,49,231.0,113.0,234.0,209,0
Philadelphia,Brooklyn,54,62,62,53,222.5,109.0,224.0,231,1
Cleveland,Memphis,43,48,45,48,209.0,102.0,214.0,184,0
Dallas,Denver,50,45,59,64,222.5,111.5,226.0,241,1
SanAntonio,LALakers,60,61,59,47,226.5,116.0,225.0,227,1
Phoenix,Detroit,49,55,44,38,216.0,109.5,218.5,215,0
Charlotte,NewOrleans,60,46,63,59,218.0,107.0,216.0,228,1
Washington,Boston,61,52,64,46,237.5,115.5,234.5,223,0
OklahomaCity,NewYork,39,45,48,58,212.0,103.5,209.5,190,0
Utah,Milwaukee,65,58,77,49,232.5,119.0,236.0,249,1
Orlando,Houston,49,46,55,72,222.0,113.5,229.0,222,0
Toronto,Sacramento,78,67,69,53,227.5,112.5,226.5,267,1
LAClippers,GoldenState,52,64,52,52,229.5,112.5,232.0,220,0
Chicago,LALakers,61,56,63,52,221.5,112.0,229.5,232,1
Denver,Philadelphia,54,55,56,53,215.0,105.0,222.0,218,0
Miami,Washington,91,55,43,63,226.5,113.0,229.5,252,1
Atlanta,Charlotte,57,52,54,55,229.0,112.5,228.0,218,0
Phoenix,Indiana,62,47,68,65,217.0,110.5,217.0,242,1
SanAntonio,Minnesota,62,56,50,58,235.0,119.0,230.0,247,1
Cleveland,Milwaukee,41,43,57,49,219.0,105.0,222.5,190,0
Orlando,Dallas,63,43,54,50,218.0,110.5,217.0,210,0
Portland,Sacramento,62,53,47,62,236.0,114.5,234.5,224,0
Utah,Detroit,53,44,45,40,217.5,110.0,217.0,182,0
Chicago,LAClippers,53,58,77,69,221.0,113.0,225.5,257,1
OklahomaCity,Brooklyn,70,50,55,70,225.0,110.0,222.5,245,1
Denver,NewYork,49,48,49,57,213.5,103.5,218.0,203,0
LALakers,Houston,46,65,52,59,223.5,109.5,226.5,222,0
SanAntonio,Minnesota,47,46,42,49,229.5,114.5,234.0,184,0
Toronto,GoldenState,55,57,47,52,233.5,114.5,230.5,211,0
Memphis,Cleveland,51,42,55,44,207.0,105.0,217.5,192,0
Phoenix,Washington,44,66,72,53,231.5,116.5,228.5,235,1
Milwaukee,Orlando,48,69,51,52,226.0,116.0,224.5,220,0
NewYork,Charlotte,56,51,43,47,212.5,104.5,212.0,197,0
Philadelphia,Atlanta,60,55,47,44,222.5,109.0,223.5,206,0
Toronto,Portland,53,62,47,61,230.5,114.0,233.5,223,0
Indiana,Sacramento,60,69,61,59,229.0,113.0,233.0,249,1
Miami,Philadelphia,53,65,73,49,213.0,105.0,207.0,271,1
Utah,Cleveland,40,45,61,58,208.5,105.5,206.5,204,0
SanAntonio,OklahomaCity,52,42,59,61,218.5,112.0,215.5,214,0
LALakers,Houston,49,70,49,49,224.0,108.5,223.0,217,0
Indiana,GoldenState,47,60,41,51,227.0,112.0,229.0,199,0
Milwaukee,Detroit,40,65,59,47,225.5,114.5,227.5,211,0
Dallas,Charlotte,48,55,56,38,220.5,112.0,219.0,197,0
Brooklyn,NewYork,51,55,62,57,217.0,104.5,219.0,225,1
LALakers,OklahomaCity,51,53,60,63,219.5,106.5,215.0,227,1
Memphis,Minnesota,56,58,56,55,223.0,113.5,220.0,225,1
Portland,Sacramento,76,57,72,53,237.5,116.0,235.5,258,1
NewOrleans,LAClippers,56,48,50,63,216.0,105.5,220.0,217,0
Miami,Philadelphia,68,63,45,57,222.0,108.5,221.0,233,1
Charlotte,Toronto,69,64,52,34,217.5,108.5,221.5,219,0
Houston,SanAntonio,57,36,61,60,219.5,106.5,223.0,214,0
GoldenState,Denver,61,58,47,52,225.5,111.5,229.0,218,0
Indiana,Portland,52,43,60,43,228.0,110.5,229.5,198,0
NewYork,Cleveland,53,59,48,49,195.5,96.0,200.5,209,1
Orlando,Boston,62,46,52,61,213.5,108.5,215.5,221,1
Dallas,Milwaukee,53,49,63,56,230.0,117.0,230.5,221,0
Atlanta,Utah,56,51,54,47,229.0,112.0,222.5,208,0
NewOrleans,LALakers,48,67,43,49,218.5,108.0,218.5,207,0
LAClippers,Sacramento,65,65,53,55,227.5,111.0,230.0,238,1
Houston,SanAntonio,51,52,44,47,217.0,107.0,219.5,194,0
Orlando,Brooklyn,55,47,65,70,226.0,115.5,225.0,237,1
Charlotte,Toronto,58,72,45,54,221.5,109.0,219.5,229,1
Philadelphia,Memphis,51,63,50,46,222.5,108.5,219.0,210,0
Detroit,Miami,52,56,57,55,217.5,106.0,218.0,220,1
Atlanta,Portland,72,53,47,46,234.0,114.5,235.5,218,0
NewYork,Boston,45,38,42,55,209.5,103.0,211.0,180,0
Chicago,Dallas,50,69,45,54,226.0,115.5,226.5,218,0
Utah,Denver,63,48,49,54,219.5,111.0,219.0,214,0
NewOrleans,Sacramento,59,66,66,60,226.0,111.5,230.0,251,1
Indiana,LAClippers,62,54,59,50,219.0,108.0,220.5,225,1
Orlando,NewYork,32,53,35,55,205.0,104.5,211.5,175,0
Minnesota,Atlanta,54,55,40,56,228.5,111.5,228.5,205,0
SanAntonio,Portland,60,53,56,60,227.0,115.5,224.0,229,1
Detroit,Miami,60,56,52,52,215.0,105.5,219.0,220,1
Phoenix,Memphis,42,58,52,60,217.0,110.5,223.5,212,0
Dallas,Toronto,40,54,59,56,220.5,112.0,220.0,209,0
Milwaukee,Brooklyn,62,51,70,65,240.0,122.5,240.0,248,1
Houston,Chicago,44,72,63,66,224.0,109.5,228.0,245,1
GoldenState,LALakers,56,56,61,55,225.5,109.5,225.0,228,1
OklahomaCity,Denver,62,55,54,49,220.0,107.5,220.5,220,0
NewOrleans,Utah,53,51,56,60,217.5,107.0,220.0,220,0
Boston,Philadelphia,57,62,59,48,220.5,112.5,217.0,226,1
Brooklyn,Cleveland,51,49,65,61,226.5,111.0,222.0,282,1
Dallas,Indiana,65,63,57,51,221.5,110.0,217.5,236,1
Detroit,Atlanta,60,37,73,42,220.5,107.5,221.0,238,1
Miami,Toronto,52,62,57,42,222.0,109.0,219.5,213,0
Orlando,Minnesota,46,40,59,48,220.0,111.0,219.0,193,0
Phoenix,Houston,53,61,57,41,219.0,112.0,220.5,212,0
Sacramento,LAClippers,54,63,53,41,231.0,113.0,231.0,211,0
SanAntonio,GoldenState,60,49,52,59,228.0,116.5,228.5,220,0
LALakers,Milwaukee,62,58,47,52,227.5,111.5,229.0,219,0
NewYork,GoldenState,71,49,45,58,215.0,106.5,216.0,223,1
NewOrleans,Utah,74,65,53,55,217.5,108.5,216.5,247,1
Chicago,Charlotte,59,55,64,55,228.5,115.5,227.0,233,1
Orlando,Indiana,65,57,53,41,215.5,110.5,217.5,238,1
Houston,Detroit,55,47,56,47,215.0,104.5,218.0,205,0
Boston,Philadelphia,58,43,70,61,221.0,112.5,222.5,232,1
Miami,Toronto,57,41,39,45,220.0,106.0,220.5,182,0
Brooklyn,Cleveland,67,54,61,56,223.5,109.5,228.0,238,1
Atlanta,Minnesota,44,61,54,55,227.5,111.5,222.0,214,0
Dallas,SanAntonio,71,55,54,59,223.0,110.0,222.5,239,1
OklahomaCity,LAClippers,54,69,46,57,220.5,108.0,220.0,226,1
NewYork,Sacramento,51,52,45,49,219.0,106.5,218.0,197,0
Denver,Phoenix,59,63,64,42,219.5,107.0,218.5,256,1
GoldenState,Utah,69,55,56,55,228.5,111.0,224.5,235,1
Philadelphia,Detroit,59,65,58,42,215.5,107.0,219.5,224,1
Miami,Brooklyn,61,61,56,74,232.0,113.5,229.5,252,1
NewOrleans,Minnesota,59,68,38,65,217.5,107.0,222.0,230,1
LALakers,Chicago,46,50,53,42,227.0,110.0,227.5,191,0
Houston,Dallas,65,64,58,54,222.0,109.0,219.0,241,1
Denver,Phoenix,58,61,31,46,216.0,106.0,219.0,232,1
Toronto,Indiana,48,57,47,57,217.0,106.5,219.0,209,0
Cleveland,Boston,59,65,68,52,212.5,104.5,215.5,244,1
OklahomaCity,LAClippers,55,46,57,50,220.5,107.0,221.5,208,0
Charlotte,Orlando,53,55,52,51,215.0,104.5,214.5,211,0
Washington,SanAntonio,49,46,67,60,233.5,113.5,231.5,222,0
Atlanta,Milwaukee,47,66,64,67,224.5,114.5,235.0,244,1
NewYork,Portland,61,59,46,63,214.5,105.5,214.5,229,1
Philadelphia,Detroit,57,57,50,59,216.0,106.0,215.0,223,1
Toronto,Indiana,63,67,65,48,219.0,108.0,217.0,243,1
LALakers,Cleveland,57,66,53,47,214.5,104.5,215.0,223,1
Miami,Brooklyn,36,50,55,42,237.0,114.5,234.0,183,0
Boston,Chicago,58,52,57,55,227.5,116.0,229.0,222,0
Denver,Dallas,69,59,58,44,223.0,109.0,221.5,230,1
OklahomaCity,Portland,58,71,56,62,226.5,111.5,221.5,247,1
Minnesota,GoldenState,57,65,54,62,227.0,112.0,225.0,238,1
LAClippers,Atlanta,43,48,55,61,226.5,110.0,221.5,207,0
Washington,Houston,55,53,37,50,234.0,113.5,231.0,195,0
NewYork,Utah,45,60,56,41,212.0,104.0,209.5,202,0
Detroit,Cleveland,60,50,62,57,215.5,104.5,215.5,229,1
Sacramento,Orlando,55,60,58,55,223.5,107.5,221.5,228,1
Indiana,Charlotte,55,59,50,58,221.5,108.0,218.5,222,1
Milwaukee,Toronto,66,51,48,58,228.0,116.0,224.5,223,0
Brooklyn,Atlanta,53,57,60,62,238.0,115.0,236.0,260,1
LALakers,Philadelphia,58,48,49,58,222.5,107.5,221.5,213,0
Denver,Miami,38,53,48,52,215.0,104.5,220.5,191,0
Washington,NewOrleans,53,56,65,56,227.5,112.0,227.0,230,1
Boston,SanAntonio,55,53,58,50,224.5,115.0,225.0,216,0
Dallas,Utah,51,66,61,42,221.0,107.5,225.0,220,0
OklahomaCity,Phoenix,49,38,57,55,215.0,104.5,220.0,199,0
Minnesota,GoldenState,44,65,61,64,229.0,112.0,227.5,234,1
LAClippers,Miami,52,46,59,57,212.5,103.0,215.5,214,0
LALakers,Detroit,65,49,46,39,214.0,105.0,217.5,199,0
Portland,Houston,49,54,60,42,229.5,111.5,228.0,205,0
Atlanta,Washington,53,58,49,56,234.5,118.5,234.0,216,0
LAClippers,Orlando,52,58,51,45,217.0,106.0,212.0,206,0
Indiana,Charlotte,60,64,45,44,221.5,108.5,220.5,213,0
Sacramento,Toronto,60,66,69,55,226.5,111.0,228.5,250,1
Milwaukee,NewOrleans,56,57,79,65,229.5,116.5,229.0,257,1
Cleveland,NewYork,36,44,47,56,209.0,101.0,205.5,183,0
Brooklyn,OklahomaCity,63,72,74,63,229.5,112.5,230.5,272,1
Philadelphia,Minnesota,50,51,61,50,225.0,110.0,225.5,212,0
Denver,SanAntonio,67,49,57,55,222.0,107.5,225.0,228,1
Dallas,Utah,49,57,56,59,222.0,112.5,220.5,221,1
Portland,Chicago,66,51,62,66,233.0,113.0,232.0,245,1
Milwaukee,Charlotte,70,62,59,49,231.0,118.0,228.0,240,1
Sacramento,Miami,59,57,45,48,222.5,108.5,224.5,209,0
LALakers,Boston,52,49,48,42,217.5,106.5,218.5,191,0
Phoenix,Dallas,57,53,49,57,215.0,110.0,217.0,216,0
Detroit,GoldenState,46,63,53,47,224.5,109.5,224.5,209,0
Memphis,SanAntonio,62,58,70,51,219.0,111.5,222.5,241,1
Utah,Denver,72,61,61,51,220.0,113.0,220.5,245,1
Philadelphia,Indiana,46,71,60,52,221.5,107.5,223.0,229,1
LAClippers,NewYork,60,71,61,52,210.5,105.5,210.5,244,1
Orlando,Toronto,42,60,55,60,215.5,109.5,220.0,217,0
Brooklyn,Washington,66,70,73,86,245.0,120.5,245.0,295,1
Cleveland,Minnesota,65,51,58,39,219.5,107.0,220.0,213,0
LALakers,Atlanta,53,43,55,55,219.0,105.5,220.0,206,0
Charlotte,Miami,57,54,59,56,216.5,105.0,218.0,250,1
Sacramento,NewOrleans,63,59,59,46,234.5,114.5,232.0,227,0
NewYork,Chicago,59,55,51,47,217.0,105.5,218.0,212,0
Houston,OklahomaCity,72,55,51,64,224.5,110.5,222.0,242,1
Portland,Milwaukee,82,53,55,50,235.0,114.0,235.0,240,1
Memphis,SanAntonio,64,58,57,56,222.0,113.0,221.5,235,1
Phoenix,Dallas,44,56,59,58,219.0,112.0,219.5,217,0
Memphis,Indiana,64,57,68,61,221.5,113.0,220.5,250,1
Toronto,Orlando,64,60,54,53,215.5,106.5,215.0,231,1
LAClippers,Brooklyn,56,59,63,66,241.5,117.5,243.5,244,1
Detroit,Utah,55,60,56,51,218.5,105.0,221.0,222,1
Boston,GoldenState,59,45,67,47,227.0,115.5,224.5,218,0
Portland,Washington,63,75,58,57,241.5,119.0,240.5,253,1
Philadelphia,Charlotte,43,63,59,64,225.0,109.0,221.5,229,1
LAClippers,Cleveland,58,43,61,58,220.0,106.5,217.5,220,1
Washington,Miami,65,55,39,44,228.0,111.5,229.5,203,0
Dallas,Atlanta,48,61,62,67,223.5,109.5,222.5,238,1
Houston,OklahomaCity,55,42,42,52,222.0,107.5,223.5,191,0
NewYork,Chicago,51,64,52,43,218.0,106.5,216.5,210,0
Minnesota,SanAntonio,62,57,50,50,226.0,111.0,223.0,219,0
Phoenix,NewOrleans,53,41,68,62,223.0,112.5,223.5,224,1
Boston,Sacramento,48,55,60,64,224.0,114.0,226.5,227,1
Portland,Philadelphia,56,58,59,53,223.0,109.5,227.5,226,0
GoldenState,Dallas,70,80,56,57,229.5,114.5,224.5,263,1
Utah,Atlanta,36,46,61,60,221.0,111.5,224.0,203,0
Houston,Memphis,54,53,50,61,226.0,109.5,224.0,218,0
Denver,LALakers,57,47,54,49,217.0,106.0,219.5,207,0
Utah,Charlotte,62,61,73,63,224.5,113.5,222.5,259,1
Milwaukee,Cleveland,59,64,60,45,228.5,116.5,230.0,228,0
Toronto,Brooklyn,57,73,52,58,239.5,117.0,243.5,240,0
Minnesota,OklahomaCity,48,58,55,48,220.5,107.5,219.5,209,0
Washington,Miami,67,47,62,41,230.0,111.5,227.5,217,0
Detroit,Phoenix,51,50,54,46,212.0,103.5,216.0,201,0
Boston,LAClippers,54,59,58,63,219.0,112.0,221.0,234,1
Portland,NewYork,57,51,52,49,215.5,105.0,218.5,209,0
Denver,Sacramento,51,54,63,65,226.0,109.5,229.5,233,1
Memphis,NewOrleans,64,57,60,46,227.0,115.0,225.5,227,1
Chicago,Orlando,62,42,55,51,224.5,114.0,224.0,210,0
Brooklyn,Philadelphia,63,52,73,44,233.0,113.5,237.5,232,0
Toronto,Atlanta,62,67,66,58,222.5,109.0,222.5,253,1
Milwaukee,Cleveland,47,66,58,52,226.5,115.5,227.0,223,0
SanAntonio,Houston,52,46,63,56,225.5,114.5,223.0,217,0
GoldenState,Dallas,66,70,71,59,232.0,115.0,230.5,266,1
Detroit,LALakers,56,61,49,46,214.0,104.5,217.5,264,1
Utah,Indiana,45,49,49,55,225.0,114.5,225.0,198,0
Miami,NewYork,48,71,40,53,207.0,102.5,211.5,212,1
Boston,Phoenix,46,55,43,47,215.0,109.5,216.5,191,0
Sacramento,LAClippers,46,59,54,64,228.0,112.0,228.5,223,0
Washington,Charlotte,65,56,54,41,237.0,116.5,233.5,216,0
Houston,Charlotte,59,65,53,36,219.5,109.0,220.5,213,0
Washington,Chicago,51,55,55,45,237.0,115.5,237.0,206,0
GoldenState,SanAntonio,63,50,45,47,233.0,114.0,233.0,205,0
Minnesota,Dallas,65,57,50,77,228.5,111.0,222.0,249,1
Cleveland,Phoenix,62,63,55,52,212.5,105.5,216.0,232,1
Milwaukee,Denver,79,42,60,56,233.5,118.0,230.5,237,1
OklahomaCity,LALakers,59,57,44,60,220.5,108.5,214.5,231,1
Brooklyn,Detroit,64,53,63,53,229.0,112.5,232.5,233,1
NewYork,Miami,52,60,46,36,207.5,101.5,208.0,194,0
Houston,NewOrleans,55,58,60,58,226.0,109.0,221.0,231,1
GoldenState,SanAntonio,54,46,56,49,230.0,111.0,233.0,205,0
Philadelphia,Sacramento,74,63,41,52,232.0,114.0,229.5,230,1
Boston,Utah,51,44,74,61,222.0,111.5,220.5,230,1
Orlando,Portland,50,43,64,46,220.0,112.0,223.0,203,0
Toronto,Washington,68,67,61,56,235.0,116.0,230.0,252,1
Indiana,Brooklyn,45,47,52,54,235.0,114.0,234.5,198,0
Atlanta,Dallas,65,49,57,64,231.0,117.0,233.5,235,1
LAClippers,Minnesota,59,41,53,78,224.5,108.5,225.0,231,1
NewOrleans,Chicago,78,62,54,51,230.0,113.0,231.0,245,1
Charlotte,Memphis,72,66,46,60,224.5,110.0,226.0,244,1
OklahomaCity,LALakers,60,64,40,46,217.0,106.5,218.5,227,1
Milwaukee,Phoenix,64,66,69,50,228.5,114.5,225.5,249,1
Indiana,Detroit,47,57,48,54,214.5,104.5,217.0,206,0
Miami,Houston,48,52,38,57,214.0,104.0,219.5,195,0
Philadelphia,Portland,73,50,59,50,229.0,112.0,229.0,232,1
Orlando,GoldenState,48,54,62,52,221.0,111.0,224.5,216,0
Toronto,Boston,63,59,46,58,219.0,107.5,222.5,226,1
Minnesota,Charlotte,55,64,56,59,230.0,112.5,227.5,234,1
NewYork,Washington,53,42,48,57,218.5,106.5,223.0,200,0
SanAntonio,Atlanta,65,60,57,57,225.0,115.0,228.5,239,1
NewOrleans,Dallas,61,73,75,64,233.5,114.0,233.0,273,1
LAClippers,Chicago,55,57,56,63,225.0,110.0,227.5,231,1
Milwaukee,Utah,66,55,57,66,233.0,118.5,232.0,244,1
OklahomaCity,Denver,44,49,56,43,221.5,106.5,223.5,192,0
Orlando,Sacramento,66,57,61,51,217.5,112.0,223.5,235,1
Memphis,LALakers,47,58,64,51,218.5,111.0,221.0,220,0
Cleveland,Portland,57,68,52,62,221.5,108.5,221.0,239,1
Detroit,Boston,50,56,48,56,210.5,103.5,219.5,210,0
Philadelphia,Phoenix,51,55,61,64,221.0,107.5,227.0,231,1
Brooklyn,GoldenState,65,52,73,61,246.0,119.5,243.0,251,1
Miami,Utah,39,50,46,71,215.5,103.5,218.0,206,0
Portland,Dallas,59,60,75,45,235.5,115.0,235.5,239,1
Minnesota,Toronto,53,59,62,54,229.5,111.5,227.0,228,1
Milwaukee,OklahomaCity,48,45,69,61,228.5,115.5,226.5,223,0
LALakers,Denver,66,68,54,39,219.0,109.0,217.0,227,1
Orlando,Phoenix,44,43,57,55,212.0,108.0,217.5,199,0
Memphis,Sacramento,52,56,70,56,232.0,116.5,229.5,234,1
Cleveland,LAClippers,56,72,66,45,220.0,109.0,219.5,239,1
Boston,Washington,51,47,58,39,230.0,116.0,231.5,195,0
NewOrleans,Detroit,70,56,60,49,222.5,109.5,222.5,235,1
Chicago,Indiana,45,48,56,61,223.5,112.5,229.5,232,1
Houston,Washington,72,69,48,61,233.5,114.5,228.5,250,1
Atlanta,NewYork,67,62,56,50,218.5,112.5,216.0,235,1
Philadelphia,Utah,77,61,62,57,225.0,111.0,227.5,257,1
Miami,LAClippers,68,61,54,60,217.5,107.0,220.5,243,1
Cleveland,GoldenState,64,54,67,42,227.5,116.0,224.0,227,1
Brooklyn,Sacramento,73,69,53,66,243.0,120.0,237.5,261,1
Denver,Boston,56,57,48,50,222.5,109.0,221.5,211,0
NewOrleans,Memphis,61,60,61,75,232.0,114.0,228.0,257,1
Toronto,Milwaukee,66,62,57,52,236.0,115.0,233.0,237,1
LALakers,Minnesota,57,56,57,46,223.0,109.0,223.5,216,0
Portland,OklahomaCity,55,59,58,47,226.0,110.5,225.5,219,0
Brooklyn,Phoenix,55,74,59,64,226.5,112.5,230.0,252,1
NewYork,Orlando,55,54,44,43,209.5,102.5,209.0,196,0
Denver,Washington,65,69,59,65,234.5,114.0,232.0,258,1
Houston,Philadelphia,62,50,63,56,227.0,109.5,223.5,231,1
Atlanta,Boston,68,50,53,65,222.5,109.0,223.5,236,1
Portland,NewOrleans,65,63,57,65,237.0,116.0,231.5,250,1
Indiana,Minnesota,72,70,36,64,225.5,111.5,227.0,262,1
Miami,GoldenState,60,47,55,48,222.5,108.5,223.5,232,1
Utah,LAClippers,49,48,59,54,228.0,116.0,227.5,210,0
Detroit,Chicago,62,42,39,64,219.5,107.0,223.0,207,0
OklahomaCity,Memphis,61,52,58,64,227.0,110.0,223.5,235,1
Toronto,Milwaukee,59,40,58,49,234.0,112.5,234.0,206,0
Brooklyn,LALakers,55,62,47,43,230.5,112.0,237.0,207,0
Miami,Sacramento,52,48,68,60,226.0,110.5,224.0,228,1
GoldenState,Orlando,71,44,72,57,225.5,109.5,222.0,244,1
Chicago,Philadelphia,62,49,53,53,227.0,115.0,229.5,217,0
Atlanta,Boston,55,52,64,59,226.5,109.5,225.5,230,1
Detroit,Memphis,52,44,61,47,219.0,106.0,221.0,204,0
OklahomaCity,Milwaukee,36,52,52,43,232.0,112.0,231.5,183,0
Phoenix,NewOrleans,67,58,68,53,231.0,117.5,228.5,246,1
Toronto,Minnesota,43,37,42,45,225.5,109.0,231.0,167,0
Utah,LAClippers,54,52,48,74,228.0,116.0,225.0,228,1
Denver,Cleveland,56,63,56,48,226.0,109.5,221.0,223,1
GoldenState,Charlotte,39,53,46,64,234.5,110.0,232.5,202,0
Phoenix,Memphis,43,56,61,65,223.0,113.5,226.0,225,0
Miami,LALakers,59,52,47,32,208.5,102.5,214.0,190,0
Washington,Portland,74,42,65,48,243.5,118.0,242.0,229,0
Boston,NewOrleans,58,52,51,55,230.0,117.0,232.5,235,1
Philadelphia,Toronto,52,55,60,46,223.0,107.5,224.0,213,0
OklahomaCity,Cleveland,59,54,48,57,220.0,108.5,216.5,218,1
Minnesota,NewYork,48,63,47,44,217.5,104.5,216.0,202,0
Denver,Atlanta,60,60,49,69,232.0,113.5,228.0,238,1
Brooklyn,LAClippers,58,51,59,52,234.5,114.0,240.5,220,0
Sacramento,Milwaukee,53,73,55,62,239.5,116.5,235.5,243,1
Chicago,Houston,53,49,72,46,226.5,114.5,227.0,220,0
Miami,OklahomaCity,44,55,57,46,212.5,102.5,213.5,202,0
Memphis,Dallas,39,51,53,51,232.0,116.5,231.0,194,0
Portland,Phoenix,58,59,54,61,226.5,111.0,227.5,232,1
Charlotte,Utah,70,61,50,61,228.0,112.0,228.0,242,1
Washington,LALakers,56,56,54,64,229.0,111.0,225.5,251,1
Atlanta,Cleveland,55,58,55,55,228.0,111.0,228.5,223,0
Detroit,Orlando,58,46,40,54,211.0,104.5,208.5,198,0
GoldenState,NewYork,67,47,65,41,222.0,108.5,215.0,220,1
Boston,Dallas,65,46,45,61,222.5,113.0,225.0,217,0
Sacramento,Brooklyn,70,68,56,51,241.5,119.5,242.0,245,1
Philadelphia,Toronto,55,42,47,67,221.5,107.5,224.5,211,0
Minnesota,Milwaukee,74,67,61,49,232.0,113.0,234.0,251,1
Portland,Denver,59,55,42,61,231.0,113.0,231.0,217,0
Washington,LAClippers,56,71,66,58,235.0,115.5,235.5,251,1
GoldenState,Indiana,47,67,50,54,230.5,113.5,228.5,218,0
Toronto,Miami,67,55,55,47,213.5,105.0,215.5,224,1
Houston,Cleveland,44,54,58,52,221.5,107.5,217.5,208,0
Boston,Atlanta,67,54,56,62,221.0,112.5,227.5,239,1
SanAntonio,OklahomaCity,49,36,64,52,217.5,110.0,218.0,201,0
Minnesota,Chicago,66,60,60,52,229.0,110.5,227.0,259,1
Detroit,NewOrleans,72,61,59,54,221.5,109.0,222.0,246,1
Charlotte,Phoenix,72,61,55,57,225.0,111.0,225.5,245,1
LALakers,Utah,47,63,44,49,218.5,107.0,220.5,203,0
Dallas,Philadelphia,45,57,52,54,228.5,110.5,226.0,208,0
Orlando,Brooklyn,52,60,52,57,229.0,116.5,227.5,221,0
Sacramento,NewYork,67,72,56,66,226.0,111.5,223.0,261,1
LAClippers,Memphis,51,63,50,52,225.5,111.0,228.0,216,0
Washington,Denver,48,62,66,46,237.5,116.0,237.0,222,0
NewOrleans,Milwaukee,66,71,69,48,241.5,119.5,240.0,254,1
Sacramento,Detroit,60,47,48,62,228.0,110.5,224.0,217,0
Indiana,Boston,63,58,55,54,218.5,108.0,218.5,230,1
Houston,Toronto,61,65,49,58,219.0,107.5,219.0,233,1
Phoenix,Chicago,52,52,51,48,225.5,115.0,226.0,203,0
LAClippers,Memphis,62,48,52,56,223.0,109.5,226.5,218,0
Utah,Miami,56,54,80,50,220.5,112.5,217.0,240,1
Atlanta,OklahomaCity,64,54,58,51,227.0,110.5,223.5,227,1
Portland,LALakers,53,58,50,34,222.0,108.5,221.0,195,0
Charlotte,GoldenState,64,53,70,64,233.5,113.5,233.0,251,1
Cleveland,Philadelphia,51,52,39,42,220.0,107.5,223.5,221,0
NewOrleans,SanAntonio,65,63,48,55,232.5,113.0,227.5,231,1
Utah,Orlando,43,61,59,70,221.5,113.0,217.5,233,1
Minnesota,Washington,56,50,73,61,238.0,115.0,235.0,240,1
Denver,OklahomaCity,58,50,60,54,219.5,106.0,225.5,222,0
Dallas,Brooklyn,64,68,44,37,233.5,115.5,238.5,213,0
LAClippers,Milwaukee,50,51,57,47,232.0,112.0,237.0,205,0
NewYork,Detroit,45,40,62,52,209.5,101.5,214.5,199,0
Atlanta,Miami,47,51,57,53,225.0,109.0,222.0,208,0
Washington,Boston,61,54,40,66,232.0,114.5,231.5,221,0
Memphis,Houston,43,57,55,62,224.0,113.5,222.0,217,0
GoldenState,LALakers,62,55,51,40,221.0,107.0,224.0,208,0
Phoenix,Minnesota,56,45,61,55,224.5,114.5,226.0,217,0
Charlotte,Sacramento,75,58,51,69,236.5,115.5,239.0,253,1
Dallas,Orlando,62,57,62,73,220.0,108.5,226.0,254,1
Indiana,Philadelphia,65,62,55,62,223.0,108.5,223.5,244,1
Utah,NewOrleans,49,74,64,66,237.0,121.0,234.0,253,1
Cleveland,Houston,63,38,43,47,217.0,105.5,217.5,191,0
Denver,Chicago,62,55,59,54,225.0,110.0,228.5,230,1
Brooklyn,SanAntonio,48,63,51,54,233.5,114.0,234.5,237,1
Charlotte,Portland,60,58,57,59,230.0,111.5,235.5,234,0
Memphis,Washington,68,59,47,62,238.5,121.5,237.5,236,0
Atlanta,Miami,40,41,48,45,224.0,107.5,220.5,174,0
LAClippers,Boston,67,58,52,52,221.5,109.0,222.5,229,1
Denver,Milwaukee,60,54,65,46,234.0,114.0,235.5,225,0
NewYork,SanAntonio,48,50,57,57,211.5,103.5,216.5,212,0
Phoenix,LALakers,50,63,56,49,215.5,110.0,217.0,218,1
Atlanta,Orlando,66,37,65,59,220.0,108.0,224.0,227,1
Indiana,Cleveland,56,56,60,53,219.0,106.5,215.5,225,1
Utah,Philadelphia,60,53,60,63,230.0,118.0,227.5,254,1
Brooklyn,Houston,57,64,65,60,226.5,111.5,226.5,246,1
Chicago,NewOrleans,51,58,66,77,236.5,118.5,236.0,252,1
Charlotte,Minnesota,69,49,56,63,235.0,116.0,229.5,237,1
OklahomaCity,Dallas,48,43,45,29,220.0,107.5,222.0,165,0
LALakers,Sacramento,54,70,51,68,223.0,111.0,226.5,243,1
Detroit,Toronto,80,49,49,56,210.5,104.5,214.0,234,1
Toronto,Boston,65,71,57,64,220.5,108.5,217.5,257,1
LAClippers,Washington,47,68,59,62,235.0,115.0,235.5,236,1
Denver,Indiana,57,56,43,60,227.5,111.0,226.0,216,0
Milwaukee,Memphis,48,64,56,55,235.5,119.5,235.0,223,0
OklahomaCity,SanAntonio,51,60,54,44,219.5,106.5,218.5,209,0
Miami,NewOrleans,46,54,47,49,225.0,108.5,225.0,196,0
Sacramento,Portland,57,58,64,63,237.5,115.0,238.0,242,1
Detroit,NewYork,60,45,62,51,206.0,101.0,211.0,218,1
GoldenState,Phoenix,57,56,47,58,220.0,108.0,223.0,218,0
Washington,Memphis,61,68,50,60,237.5,117.0,236.0,239,1
SanAntonio,Dallas,59,52,62,46,226.5,114.5,219.5,219,0
Detroit,Charlotte,52,35,58,62,225.5,109.0,221.5,207,0
Boston,Brooklyn,52,61,61,56,232.0,118.0,234.0,230,0
Atlanta,Toronto,63,60,55,63,226.5,113.5,227.5,241,1
Orlando,Miami,62,59,43,50,210.5,109.0,214.5,214,0
Philadelphia,Chicago,53,68,61,50,229.0,111.5,228.5,232,1
Minnesota,NewOrleans,61,66,60,53,237.5,117.5,238.0,240,1
NewYork,Milwaukee,59,60,56,60,222.5,109.5,224.5,235,1
Dallas,OklahomaCity,54,55,54,61,215.5,104.5,218.5,224,1
GoldenState,LAClippers,54,48,70,62,229.5,110.5,231.5,234,1
Houston,Sacramento,68,48,60,54,231.0,113.5,227.5,230,1
Phoenix,Portland,63,57,64,64,227.0,116.0,226.5,248,1
Cleveland,NewOrleans,63,54,33,48,225.5,111.0,228.5,198,0
Philadelphia,Washington,47,69,54,58,239.5,116.5,234.5,228,0
Denver,Memphis,57,51,50,47,228.5,110.5,226.0,205,0
Orlando,SanAntonio,45,41,52,43,214.5,108.5,219.5,181,0
Miami,Chicago,50,34,54,53,222.5,106.5,220.5,191,0
Houston,Utah,63,50,58,42,229.5,112.5,226.5,213,0
Indiana,LALakers,48,52,50,55,220.5,106.5,217.0,205,0
NewYork,OklahomaCity,53,57,56,50,208.5,103.0,213.5,216,1
Detroit,Brooklyn,48,49,47,51,225.5,109.0,229.0,195,0
Milwaukee,Washington,69,60,60,55,236.0,121.0,239.5,244,1
Toronto,Charlotte,68,51,52,47,234.0,115.0,227.5,218,0
Sacramento,Atlanta,55,57,67,48,239.0,116.0,239.0,227,0
Portland,Minnesota,57,66,64,59,234.5,115.0,232.5,246,1
Dallas,Denver,57,56,53,53,225.0,109.5,226.0,219,0
Indiana,Phoenix,62,57,55,59,225.5,111.0,219.5,233,1
Memphis,OklahomaCity,59,58,73,60,223.5,114.0,220.5,250,1
Utah,GoldenState,55,66,60,69,234.0,120.5,230.0,250,1
SanAntonio,Philadelphia,55,57,67,54,223.5,113.0,225.5,233,1
Miami,Orlando,41,52,57,49,209.0,102.5,211.5,199,0
Cleveland,Atlanta,48,47,40,47,222.5,107.5,223.5,182,0
Boston,Houston,72,47,57,65,221.5,113.0,224.0,241,1
Portland,Minnesota,44,52,52,78,234.5,114.5,234.0,226,0
Toronto,Chicago,50,57,51,55,229.0,111.0,232.5,213,0
LAClippers,NewOrleans,60,64,69,57,233.0,114.0,236.0,250,1
Milwaukee,Washington,55,69,70,61,244.5,124.0,238.5,255,1
Sacramento,Charlotte,69,59,59,51,240.0,117.5,241.0,238,0
NewYork,Brooklyn,65,57,58,49,223.5,109.5,225.0,229,1
SanAntonio,Detroit,48,62,60,38,210.5,107.5,219.5,208,0
Indiana,Denver,64,57,57,49,223.5,109.5,226.5,227,1
LAClippers,Dallas,54,51,58,45,229.0,111.5,228.5,208,0
Memphis,Phoenix,49,63,61,48,228.0,116.5,228.0,221,0
LALakers,GoldenState,55,60,51,59,225.0,109.5,222.5,225,1
Utah,Boston,42,65,49,70,229.5,117.0,225.5,226,1
OklahomaCity,Chicago,70,64,47,44,227.5,113.0,223.0,225,1
Atlanta,Houston,57,74,54,41,225.5,110.5,224.5,226,1
Cleveland,Miami,63,47,61,40,206.5,100.0,212.5,211,0
NewYork,Philadelphia,41,63,51,40,220.0,107.0,214.0,195,0
NewOrleans,Portland,62,52,63,72,240.0,117.0,240.5,249,1
Minnesota,LALakers,61,80,55,62,223.5,111.0,24.0,258,1
Milwaukee,Philadelphia,43,33,63,47,235.0,117.5,236.5,214,0
Toronto,Detroit,68,53,48,59,218.0,105.5,220.5,228,1
Boston,Cleveland,44,49,63,71,212.5,109.0,217.5,227,1
SanAntonio,Chicago,48,50,49,58,223.0,113.0,227.0,205,0
Miami,Memphis,46,47,42,39,219.5,106.5,220.5,174,0
LAClippers,Dallas,53,54,41,46,225.5,110.5,226.0,194,0
Utah,Washington,51,59,72,71,240.5,122.0,237.5,253,1
Orlando,NewYork,50,39,49,49,206.5,105.0,208.0,187,0
OklahomaCity,Atlanta,52,50,56,51,224.0,108.5,226.5,209,0
Minnesota,Phoenix,50,61,63,68,232.0,112.5,228.0,242,1
NewOrleans,Portland,54,51,42,47,239.0,117.0,242.0,194,0
Charlotte,LALakers,55,50,57,59,225.0,110.0,227.5,221,0
SanAntonio,Cleveland,47,49,51,79,213.5,108.5,216.0,226,1
Sacramento,Boston,50,50,63,40,232.5,112.5,34.5,203,1
GoldenState,Memphis,60,55,48,56,220.5,109.0,224.0,219,0
Detroit,Houston,55,51,55,52,216.0,104.0,216.0,213,0
Utah,Toronto,50,59,47,71,232.0,119.0,228.0,227,0
Brooklyn,Orlando,64,62,61,47,224.5,111.0,224.5,234,1
Indiana,Miami,62,64,55,66,216.5,107.5,215.5,247,1
Chicago,Denver,50,52,68,62,225.0,114.5,229.5,258,1
Dallas,Portland,70,54,67,53,227.5,112.0,233.5,244,1
Minnesota,Phoenix,63,55,43,53,233.0,113.5,231.0,214,0
Atlanta,LALakers,53,52,34,54,219.0,106.5,224.0,193,0
Sacramento,Philadelphia,63,62,61,48,228.5,112.0,237.0,234,0
GoldenState,Memphis,52,48,61,53,220.0,108.0,222.5,214,0
SanAntonio,Milwaukee,59,48,65,61,229.5,116.5,228.0,233,1
Charlotte,LAClippers,58,52,64,49,231.5,113.5,233.5,223,0
Indiana,Miami,58,48,43,47,218.5,107.0,217.0,215,0
OklahomaCity,Houston,53,75,47,51,218.5,108.0,216.5,226,1
NewOrleans,Denver,52,57,54,58,230.0,112.0,233.5,221,0
Orlando,Boston,58,46,58,46,215.5,109.5,216.5,208,0
Washington,Brooklyn,55,64,52,48,249.0,119.5,245.0,219,0
Chicago,Detroit,45,46,49,46,217.0,109.0,218.5,186,0
Toronto,Cleveland,51,65,50,55,216.5,106.5,217.0,221,1
Philadelphia,NewYork,38,47,43,48,211.5,102.0,215.0,201,0
LALakers,Phoenix,57,46,61,41,217.0,104.5,216.0,205,0
Dallas,Portland,57,62,53,52,227.0,112.0,230.5,224,0
Sacramento,Cleveland,71,51,44,58,224.0,110.5,225.0,224,0
OklahomaCity,Minnesota,47,60,52,56,230.5,111.5,226.5,215,0
Charlotte,SanAntonio,52,48,43,54,223.5,108.5,225.5,197,0
Boston,Memphis,54,71,55,54,218.5,113.5,221.5,258,1
Indiana,Milwaukee,74,69,61,49,232.5,114.0,232.0,253,1
Toronto,Houston,55,70,49,42,225.5,111.0,223.5,216,0
Utah,Chicago,52,46,62,55,227.5,116.0,231.0,215,0
Atlanta,LAClippers,59,52,61,57,225.0,110.0,226.0,229,1
Denver,Orlando,45,55,49,60,217.5,105.0,218.0,209,0
LALakers,NewOrleans,61,44,73,61,221.5,108.5,221.5,239,1
Washington,NewYork,70,48,70,56,221.0,108.5,225.0,244,1
Phoenix,Miami,45,56,57,52,213.5,108.5,215.5,210,0
Philadelphia,GoldenState,52,52,61,41,219.0,107.5,220.5,206,0
Brooklyn,Portland,78,53,52,45,232.5,114.0,236.5,228,0
Detroit,Indiana,45,63,57,62,219.5,105.5,218.5,227,1
Boston,Milwaukee,65,64,57,54,231.0,118.5,230.0,240,1
Phoenix,Orlando,56,62,59,46,215.5,111.0,213.5,223,1
Dallas,Minnesota,63,48,50,75,231.0,113.5,228.5,236,1
Cleveland,Chicago,50,58,42,47,214.0,105.5,219.5,197,0
Charlotte,Houston,52,61,50,56,223.0,109.0,224.0,219,0
Memphis,OklahomaCity,47,55,53,68,218.5,110.5,221.5,223,1
LAClippers,SanAntonio,70,50,66,49,222.0,109.0,220.5,235,1
Atlanta,Sacramento,56,58,45,59,232.0,113.0,237.0,218,0
Brooklyn,Utah,55,46,50,55,227.0,110.0,232.5,206,0
Portland,Miami,55,62,65,65,216.0,105.5,219.0,247,1
Washington,NewYork,45,60,40,63,224.0,110.0,226.5,208,0
LAClippers,SanAntonio,57,47,36,43,220.0,107.0,221.5,183,0
GoldenState,Sacramento,72,61,59,68,229.0,112.0,223.0,260,1
Philadelphia,LALakers,51,57,52,50,214.0,105.5,211.5,210,0
Brooklyn,Detroit,61,48,51,64,217.5,106.5,223.5,224,1
Boston,Milwaukee,58,57,77,44,235.5,119.5,232.5,236,1
Phoenix,Toronto,57,47,56,44,225.0,115.5,223.5,204,0
Denver,NewOrleans,59,58,54,50,231.5,112.5,230.5,221,0
Houston,Minnesota,62,55,50,41,230.0,113.0,226.0,208,0
Portland,Orlando,67,53,37,60,215.0,105.0,219.5,217,0
Miami,Charlotte,63,58,50,44,212.5,104.5,217.0,215,0
Indiana,Dallas,60,49,48,46,225.0,109.5,226.5,203,0
Memphis,Utah,62,54,51,64,229.0,117.5,226.5,231,1
Atlanta,GoldenState,59,63,62,48,218.0,106.5,231.0,232,1
Cleveland,LALakers,46,49,38,53,206.5,101.5,213.5,186,0
Detroit,Washington,55,54,45,44,224.5,108.5,227.0,198,0
Houston,Minnesota,70,52,54,60,229.5,111.0,227.5,236,1
NewYork,Milwaukee,57,54,47,40,217.5,105.5,223.5,198,0
Chicago,SanAntonio,53,51,65,55,219.5,112.5,223.0,224,1
Dallas,NewOrleans,55,51,52,57,224.0,108.5,228.5,215,0
Boston,OklahomaCity,46,53,57,49,216.5,111.0,220.0,205,0
Memphis,Utah,58,65,59,54,227.5,117.0,228.0,236,1
Cleveland,Sacramento,60,37,48,53,225.5,108.0,221.5,198,0
Philadelphia,LAClippers,59,66,56,53,221.5,108.5,223.0,234,1
Phoenix,Charlotte,55,43,45,37,219.5,112.0,221.0,198,0
Portland,Toronto,73,69,33,64,229.0,112.0,229.0,239,1
Atlanta,Denver,66,54,56,52,221.0,107.5,228.5,228,0
Orlando,LALakers,43,40,55,51,208.0,104.5,208.0,189,0
Indiana,Washington,52,63,72,69,230.0,112.0,236.5,256,1
Minnesota,Brooklyn,62,51,51,55,239.5,115.5,239.0,219,0
Miami,NewYork,37,42,60,47,206.0,100.0,208.0,186,0
NewOrleans,Boston,59,60,50,55,229.5,113.0,230.5,224,0
Memphis,Houston,50,64,67,49,226.5,116.0,221.5,230,1
Dallas,OklahomaCity,57,77,49,50,221.0,109.0,216.5,233,1
Toronto,Detroit,62,54,51,55,215.0,105.0,219.0,222,1
Sacramento,SanAntonio,58,70,60,59,229.5,111.5,227.0,247,1
Cleveland,Utah,45,42,55,47,221.5,107.5,222.0,189,0
Chicago,GoldenState,63,62,56,37,229.0,117.5,224.5,218,0
Milwaukee,LAClippers,64,48,70,52,229.5,116.5,229.5,234,1
Charlotte,Washington,61,59,50,48,224.5,110.5,231.5,218,0
Philadelphia,Denver,66,47,46,40,219.5,106.0,222.0,199,0
Atlanta,Phoenix,57,59,58,53,222.0,108.0,222.5,227,1
Orlando,LAClippers,39,49,55,56,215.5,109.5,218.5,199,0
Miami,Indiana,51,37,44,47,217.0,105.5,217.0,179,0
Portland,Detroit,64,39,63,59,221.5,108.0,219.5,225,1
Houston,Brooklyn,71,54,48,55,229.0,112.0,232.0,228,0
Dallas,Boston,55,54,54,58,225.0,109.5,224.5,221,0
Utah,Memphis,57,49,45,67,225.5,115.0,229.5,218,0
NewYork,Minnesota,45,56,50,52,217.5,105.5,221.0,203,0
Toronto,OklahomaCity,62,64,50,40,221.0,108.0,224.0,216,0
Sacramento,SanAntonio,60,62,57,47,230.5,112.5,232.0,226,0
Milwaukee,LALakers,54,52,58,45,222.5,113.5,223.5,209,0
Chicago,Phoenix,76,49,55,57,216.0,110.0,221.0,237,1
Philadelphia,Cleveland,62,52,44,50,214.5,105.0,213.0,208,0
Washington,Detroit,54,53,48,56,219.5,107.5,224.5,211,0
Charlotte,Brooklyn,43,73,41,43,224.0,109.0,229.5,200,0
GoldenState,Miami,47,66,54,58,217.5,106.5,219.0,225,1
Orlando,NewOrleans,53,44,50,55,213.0,108.5,224.5,225,1
Atlanta,SanAntonio,54,48,62,56,223.5,109.5,222.5,263,1
Denver,LAClippers,51,60,40,44,220.0,108.5,226.5,195,0
GoldenState,Toronto,53,51,60,43,219.5,106.0,228.5,207,0
Houston,Boston,58,38,56,68,223.0,107.5,223.5,220,0
Dallas,NewYork,47,48,46,44,213.0,104.0,214.5,185,0
Charlotte,Indiana,52,57,51,51,218.0,106.5,223.0,211,0
Minnesota,Memphis,58,76,42,52,232.5,114.0,232.0,228,0
Atlanta,NewOrleans,62,47,64,56,213.0,104.0,223.5,229,1
Chicago,Utah,51,56,54,58,224.5,114.5,228.0,219,0
OklahomaCity,Phoenix,56,67,56,64,221.0,107.0,220.0,243,1
Milwaukee,Portland,55,58,57,66,240.5,122.5,239.0,236,0
LALakers,Sacramento,56,62,49,42,221.0,107.5,222.0,209,0
Dallas,Washington,43,56,43,54,229.0,111.0,229.5,196,0
Cleveland,Miami,63,58,36,59,209.5,102.5,204.0,216,1
Minnesota,Philadelphia,55,69,56,55,225.5,111.0,228.0,235,1
NewYork,Detroit,56,45,48,57,202.5,99.5,205.5,206,1
Indiana,SanAntonio,65,61,69,57,222.5,108.0,222.5,272,1
Orlando,Utah,58,60,61,49,216.5,110.0,216.5,228,1
Milwaukee,Sacramento,59,59,72,67,238.0,120.5,239.5,257,1
OklahomaCity,Portland,54,57,52,55,231.0,112.0,227.5,218,0
Brooklyn,Chicago,53,50,58,61,223.5,111.0,225.5,222,0
LALakers,LAClippers,47,44,41,58,210.0,102.0,215.5,190,0
Charlotte,Boston,51,50,67,34,217.0,106.0,220.0,202,0
Memphis,Philadelphia,51,43,74,48,225.0,114.0,224.5,216,0
GoldenState,Atlanta,48,68,45,67,230.5,113.5,225.5,228,1
NewOrleans,Houston,65,64,52,56,220.0,108.5,222.5,237,1
Orlando,Denver,52,60,59,57,213.0,109.5,216.0,228,1
Detroit,OklahomaCity,49,56,65,70,214.0,104.5,211.0,240,1
Washington,Toronto,47,65,49,43,224.5,111.0,228.5,204,0
NewYork,Brooklyn,65,59,53,49,218.0,104.5,217.0,226,1
Sacramento,Minnesota,55,55,54,58,237.5,115.5,236.5,222,0
Utah,Dallas,52,40,64,58,222.0,112.5,226.5,214,0
Cleveland,SanAntonio,54,50,76,46,218.0,106.5,216.5,226,1
Phoenix,Houston,68,62,63,70,223.5,114.0,219.0,263,1
Chicago,Indiana,58,53,60,39,225.0,114.5,224.5,210,0
NewOrleans,Atlanta,54,68,75,33,231.5,113.0,225.5,230,1
LALakers,Toronto,68,42,50,51,209.0,100.5,215.5,211,0
Memphis,Miami,71,49,65,51,216.0,109.5,217.5,236,1
Detroit,Denver,71,61,63,58,213.0,105.0,219.0,253,1
Portland,LAClippers,79,60,51,59,229.0,112.0,226.5,249,1
Milwaukee,GoldenState,54,49,68,72,236.0,119.5,223.5,243,1
Minnesota,Indiana,66,67,70,75,233.0,114.5,227.5,278,1
Washington,Orlando,67,66,57,57,225.5,110.0,224.5,247,1
NewYork,Boston,40,53,50,57,208.0,101.5,214.0,200,0
NewOrleans,Brooklyn,69,69,59,53,232.5,113.5,231.0,250,1
Dallas,Houston,47,42,50,56,225.0,110.0,224.5,195,0
Charlotte,OklahomaCity,61,46,55,53,213.5,103.5,214.5,215,1
Memphis,Atlanta,63,68,66,47,228.0,116.5,229.5,244,1
SanAntonio,Denver,62,42,51,47,219.0,111.5,224.0,202,0
Utah,Phoenix,41,50,64,49,227.0,116.0,225.0,230,1
LALakers,Miami,59,51,53,51,206.0,101.0,205.0,214,1
Cleveland,OklahomaCity,76,50,42,63,219.0,108.0,211.5,231,1
Milwaukee,Dallas,60,51,53,53,227.5,115.5,229.0,217,0
Phoenix,LAClippers,50,60,54,52,221.0,113.0,224.5,216,0
Portland,Utah,59,50,59,57,233.0,114.0,231.5,225,0
Detroit,Sacramento,50,56,57,51,224.5,108.5,226.5,214,0
Chicago,Toronto,60,55,61,59,217.0,110.5,221.0,235,1
Indiana,Orlando,63,52,46,56,224.0,109.5,218.5,217,0
Chicago,Atlanta,58,61,51,58,225.5,115.0,228.5,228,0
Minnesota,Boston,64,59,66,59,227.5,112.5,228.0,281,1
Philadelphia,NewOrleans,45,55,44,51,229.0,111.5,226.5,195,0
Charlotte,Milwaukee,59,62,60,65,219.0,107.5,225.5,246,1
SanAntonio,Denver,62,49,68,61,220.0,112.0,218.5,240,1
Washington,GoldenState,55,52,57,53,240.0,117.0,239.0,217,0
Houston,LAClippers,62,51,64,58,220.0,106.5,226.5,235,1
LALakers,Brooklyn,58,61,50,58,222.0,108.0,234.0,227,0
Sacramento,Utah,65,59,60,56,229.5,113.0,230.0,240,1
Philadelphia,OklahomaCity,62,57,47,44,217.0,107.0,219.0,210,0
Washington,Phoenix,56,56,68,60,225.0,110.5,229.0,240,1
Detroit,Portland,56,53,62,50,226.5,110.5,224.0,221,0
Toronto,Cleveland,73,68,42,67,218.5,106.5,216.5,250,1
Atlanta,Charlotte,53,44,55,54,213.5,105.0,221.5,206,0
Boston,Denver,43,53,57,39,220.5,113.0,223.5,192,0
Milwaukee,Orlando,51,44,57,59,224.5,114.0,223.5,211,0
NewOrleans,Cleveland,68,62,54,41,223.5,109.0,229.0,225,0
Toronto,NewYork,43,55,56,44,216.5,105.5,213.5,198,0
Chicago,Minnesota,55,66,57,60,233.0,118.0,230.0,238,1
SanAntonio,Dallas,52,55,70,59,220.0,113.0,222.0,236,1
Indiana,Memphis,76,61,66,54,234.5,114.0,228.5,257,1
Detroit,LAClippers,65,60,68,62,215.0,104.0,219.5,255,1
LALakers,NewYork,54,53,42,58,205.5,101.0,204.5,207,1
SanAntonio,Orlando,44,53,53,67,216.5,109.0,222.5,217,0
Philadelphia,Dallas,56,52,49,51,217.5,105.0,223.5,208,0
Washington,Utah,75,60,51,60,234.0,114.0,235.0,246,1
Chicago,Memphis,44,51,49,47,228.5,115.5,230.0,191,0
Sacramento,NewOrleans,50,63,47,67,236.0,115.0,237.0,227,0
Denver,GoldenState,65,52,65,41,227.5,111.0,229.0,223,0
Houston,Phoenix,67,72,52,55,229.5,112.0,226.0,246,1
Atlanta,Toronto,55,65,48,43,220.5,109.5,223.5,211,0
LAClippers,Indiana,65,67,65,44,233.0,114.0,229.0,241,1
OklahomaCity,Utah,53,55,49,45,222.0,107.5,223.0,202,0
Boston,Portland,68,49,62,52,230.0,118.0,227.0,231,1
Brooklyn,Minnesota,58,67,53,46,231.5,114.5,234.5,224,0
Brooklyn,Philadelphia,60,63,55,62,225.0,108.5,230.0,240,1
Cleveland,Charlotte,50,40,51,52,210.0,101.5,213.0,193,0
SanAntonio,Toronto,62,53,52,62,221.5,114.0,220.5,229,1
Orlando,Chicago,54,53,58,56,214.0,109.0,222.0,221,0
NewYork,NewOrleans,52,53,77,40,219.5,107.0,220.0,222,1
Milwaukee,Minnesota,43,62,80,50,234.0,118.5,236.0,235,0
LAClippers,Detroit,57,45,48,48,216.5,106.5,221.0,198,0
GoldenState,OklahomaCity,68,61,79,48,224.0,109.5,224.5,256,1
Indiana,Houston,57,73,70,56,235.0,114.5,231.0,256,1
Dallas,Memphis,66,51,55,55,225.5,110.5,227.5,227,0
Washington,Sacramento,73,57,46,58,243.0,117.5,23.5,234,1
Miami,Denver,57,52,66,54,210.0,103.0,214.0,229,1
Milwaukee,Atlanta,62,54,60,53,235.5,118.5,229.0,229,0
GoldenState,Cleveland,59,56,53,52,226.5,110.5,224.5,220,0
Boston,LALakers,54,55,61,64,212.5,108.5,211.5,234,1
Sacramento,Phoenix,61,71,57,47,235.0,114.0,230.5,236,1
Indiana,Utah,56,69,53,52,233.5,115.0,233.5,230,0
LAClippers,Philadelphia,51,55,52,51,218.5,106.5,225.0,209,0
OklahomaCity,Detroit,57,55,53,49,217.0,106.0,217.0,214,0
Charlotte,Brooklyn,64,58,61,62,223.5,109.5,227.5,245,1
Orlando,Toronto,48,50,57,60,212.0,108.5,218.0,215,0
Miami,Minnesota,63,59,59,49,222.0,108.5,222.0,230,1
Denver,Houston,63,55,61,48,227.0,111.0,222.0,227,1
Portland,SanAntonio,59,46,63,45,229.5,112.5,232.5,213,0
NewYork,Dallas,59,49,54,64,212.0,104.0,212.0,226,1
Utah,LALakers,69,58,49,44,215.5,110.5,219.0,242,1
Detroit,Washington,54,62,57,48,226.5,109.5,228.5,221,0
Cleveland,Chicago,53,43,54,52,212.5,104.0,212.5,202,0
GoldenState,Boston,57,69,52,55,226.0,112.0,228.5,233,1
Memphis,Milwaukee,66,62,61,54,237.0,120.0,236.0,243,1
SanAntonio,Phoenix,47,62,46,41,223.5,115.5,230.0,196,0
Indiana,Atlanta,58,65,61,62,231.5,114.0,234.5,246,1
NewOrleans,NewYork,46,55,57,48,218.0,106.5,219.5,234,1
Brooklyn,Miami,63,61,46,46,224.0,108.0,225.0,216,0
Portland,Charlotte,68,48,49,45,216.5,106.0,221.0,210,0
OklahomaCity,Toronto,59,52,50,57,219.5,106.5,220.5,218,0
Sacramento,Dallas,42,75,47,64,232.0,113.0,229.5,228,0
Minnesota,LAClippers,55,70,48,56,234.0,113.0,234.5,229,0
Cleveland,Detroit,59,56,45,54,213.5,104.0,213.0,214,1
GoldenState,Philadelphia,48,62,35,58,226.5,111.0,225.5,203,0
Chicago,Boston,54,36,50,58,211.5,107.0,220.5,198,0
Houston,Miami,58,51,54,41,215.5,106.0,217.0,204,0
OklahomaCity,Washington,63,59,45,59,233.0,112.5,231.0,226,0
Phoenix,Milwaukee,49,60,64,59,233.0,118.0,233.5,255,1
SanAntonio,Indiana,57,42,49,55,233.5,118.0,230.5,203,0
Memphis,Denver,62,54,66,50,226.0,116.0,227.0,276,1
Utah,LALakers,52,42,56,58,215.5,110.0,214.5,208,0
Orlando,Atlanta,51,62,39,56,217.5,111.0,221.0,208,0
Brooklyn,NewOrleans,55,61,69,78,235.5,113.0,231.5,263,1
Charlotte,NewYork,63,63,47,33,208.5,102.5,210.0,206,0
Minnesota,Sacramento,82,66,54,52,239.5,117.0,237.5,254,1
LAClippers,Portland,61,55,52,57,222.0,108.5,226.5,225,0
Phoenix,Philadelphia,57,51,45,76,217.0,110.0,220.5,229,1
GoldenState,Washington,58,60,61,53,241.0,117.5,239.5,232,0
OklahomaCity,Indiana,62,62,55,59,231.0,112.0,225.5,238,1
Chicago,Cleveland,46,59,66,55,210.5,107.0,212.0,226,1
Brooklyn,Toronto,59,55,59,44,232.0,113.5,228.5,217,0
Utah,Houston,61,43,50,47,224.0,114.0,227.5,201,0
Detroit,Dallas,69,56,65,54,218.0,107.0,220.5,244,1
Memphis,LAClippers,63,52,54,53,223.5,113.5,226.5,222,0
Denver,Portland,71,46,49,45,230.0,111.5,225.5,211,0
Minnesota,Sacramento,78,51,64,60,241.0,117.0,239.0,253,1
NewOrleans,Orlando,56,70,52,57,219.5,107.0,224.5,235,1
Phoenix,Boston,47,43,52,43,220.5,112.5,219.5,185,0
Philadelphia,Milwaukee,66,71,58,46,224.5,109.0,226.5,241,1
Detroit,SanAntonio,51,53,48,45,214.0,104.5,216.5,197,0
Charlotte,Chicago,57,45,53,44,210.5,103.0,212.0,199,0
LALakers,Dallas,57,56,71,41,215.5,105.5,217.0,225,1
Boston,Brooklyn,46,65,50,52,224.5,114.5,229.5,213,0
Miami,Atlanta,61,62,61,37,211.5,104.5,214.0,221,1
Cleveland,Charlotte,42,61,53,54,211.5,103.0,209.5,210,1
Washington,OklahomaCity,71,67,52,48,232.0,113.0,229.5,238,1
LAClippers,Houston,73,53,30,57,223.5,108.5,221.0,213,0
Memphis,Portland,51,67,81,59,232.5,118.5,233.0,258,1
Denver,GoldenState,54,50,56,55,228.0,111.0,228.0,215,0
Toronto,NewYork,56,67,48,52,212.0,104.5,216.0,223,1
Philadelphia,Milwaukee,43,47,59,77,226.5,110.5,230.0,226,0
Detroit,Indiana,60,59,47,58,229.5,113.0,223.0,224,1
SanAntonio,NewOrleans,55,58,56,49,228.0,116.0,229.0,218,0
Chicago,Miami,51,51,41,64,203.5,103.5,210.0,207,0
LALakers,Dallas,49,55,54,43,217.5,106.0,216.5,201,0
Minnesota,Utah,66,44,46,41,231.0,112.0,233.0,197,0
Houston,Denver,62,60,62,61,219.0,107.0,225.0,245,1
Boston,Charlotte,56,59,73,41,211.5,108.0,214.5,229,1
Phoenix,Brooklyn,59,61,69,58,231.0,118.0,229.5,247,1
Memphis,Portland,43,62,63,65,235.5,119.5,235.5,233,0
Cleveland,Washington,59,64,57,49,226.0,110.0,230.5,229,0
Milwaukee,Atlanta,55,39,54,67,229.5,116.0,228.0,215,0
Indiana,Orlando,61,58,61,63,226.0,110.0,224.5,243,1
Sacramento,GoldenState,71,57,58,44,233.0,115.5,229.0,230,1
LALakers,Orlando,44,62,53,58,208.0,102.0,211.5,217,1
SanAntonio,Washington,72,55,63,76,231.5,116.5,228.5,289,1
Atlanta,Detroit,50,49,42,45,215.5,104.5,220.5,186,0
OklahomaCity,Philadelphia,60,45,54,52,219.0,106.5,219.5,211,0
Phoenix,NewYork,65,54,55,54,215.0,110.0,214.5,228,1
Cleveland,Toronto,56,41,54,57,212.5,103.5,218.5,208,0
Chicago,Miami,46,59,53,54,206.0,105.5,206.0,212,1
Utah,Minnesota,50,46,57,56,226.0,114.0,230.0,209,0
LAClippers,NewOrleans,53,57,63,50,229.0,112.0,227.5,223,0
Memphis,Denver,39,72,49,56,230.0,117.0,228.5,216,0
Dallas,Sacramento,48,63,61,47,225.5,110.0,227.5,219,0
Portland,Indiana,69,66,56,54,242.0,118.0,234.5,245,1
Milwaukee,Charlotte,61,46,60,51,225.5,114.0,220.5,218,0
OklahomaCity,Boston,53,51,52,78,215.5,105.5,219.5,234,1
Brooklyn,Toronto,54,54,55,56,232.0,112.5,233.0,219,0
Minnesota,Houston,51,58,48,64,234.0,114.0,230.0,221,0
Dallas,GoldenState,48,43,76,69,226.0,110.0,225.5,236,1
Atlanta,Philadelphia,54,52,50,54,213.0,103.5,220.5,210,0
LALakers,Washington,66,50,51,56,230.0,112.0,223.0,223,0
Orlando,Cleveland,42,52,49,70,210.5,108.0,210.0,213,1
Charlotte,Boston,58,47,63,63,214.5,104.5,218.0,231,1
Chicago,NewYork,51,49,51,56,210.5,108.5,207.5,207,0
SanAntonio,Miami,51,58,47,71,213.0,109.5,208.5,227,1
NewOrleans,Denver,60,51,54,61,230.0,112.0,228.5,226,0
Portland,Memphis,61,59,65,54,239.0,117.0,235.0,239,1
Utah,Sacramento,57,63,70,69,221.0,113.5,225.0,259,1
LAClippers,Phoenix,70,46,50,44,220.0,107.5,222.5,210,0
Dallas,Detroit,52,62,55,51,213.5,104.5,214.5,220,1
Brooklyn,Indiana,63,55,86,39,241.5,118.0,238.0,243,1
GoldenState,Minnesota,60,58,62,60,234.5,115.5,234.0,240,1
Milwaukee,Houston,67,71,64,77,233.0,118.5,232.0,279,1
Toronto,Denver,63,53,56,60,219.0,107.5,223.5,232,1
NewOrleans,OklahomaCity,51,52,44,57,232.5,112.5,229.5,204,0
Atlanta,Philadelphia,49,62,60,59,223.5,108.0,222.0,230,1
Washington,Cleveland,65,45,49,56,231.5,113.5,227.0,215,0
SanAntonio,Boston,55,70,68,63,222.0,113.5,224.5,283,1
Orlando,Memphis,39,43,51,34,222.0,113.5,224.5,167,0
Milwaukee,Chicago,44,52,47,63,224.0,113.5,221.5,206,0
Utah,Phoenix,62,58,48,53,219.0,112.0,222.5,221,0
Sacramento,LALakers,53,58,55,50,224.5,109.5,222.5,216,0
Detroit,Charlotte,44,56,49,52,216.0,105.5,213.5,201,0
GoldenState,Houston,46,58,51,45,233.0,114.0,233.0,200,0
NewOrleans,Minnesota,68,62,65,51,239.5,116.5,234.5,276,1
Miami,Cleveland,65,62,58,46,209.0,102.5,208.5,231,1
Chicago,Atlanta,57,60,40,48,217.5,112.0,214.5,205,0
Indiana,OklahomaCity,71,57,68,51,232.0,112.0,231.0,247,1
Memphis,Orlando,65,41,55,62,218.0,111.0,224.5,223,0
Washington,Dallas,64,71,51,63,232.5,114.5,231.5,249,1
Denver,LAClippers,55,44,57,58,222.0,108.0,223.5,214,0
Toronto,Utah,62,56,56,34,215.5,105.0,222.0,208,0
Brooklyn,Milwaukee,65,56,59,51,243.0,119.0,243.5,231,0
Portland,Boston,66,76,59,47,235.0,116.0,232.0,248,1
NewYork,Houston,58,45,61,55,218.5,106.0,216.5,219,1
Philadelphia,SanAntonio,64,49,55,46,219.0,107.0,21.5,224,1
Miami,Charlotte,67,56,57,52,213.0,104.5,212.0,232,1
Sacramento,Dallas,62,53,44,51,226.5,111.0,228.5,210,0
Phoenix,OklahomaCity,60,61,62,60,221.5,113.5,221.0,243,1
Toronto,LALakers,70,61,52,52,215.0,106.5,217.5,235,1
Orlando,Detroit,47,52,67,65,210.0,107.5,213.5,231,1
Indiana,Washington,67,81,76,71,246.0,120.0,246.0,295,1
GoldenState,NewOrleans,60,60,55,56,236.5,117.0,236.5,231,0
Philadelphia,Chicago,54,49,43,54,211.0,103.5,215.5,200,0
NewYork,Memphis,47,80,50,45,221.0,107.5,218.0,222,1
SanAntonio,Utah,53,50,58,48,220.5,112.5,223.0,209,0
Denver,LALakers,44,43,48,47,213.5,103.5,219.0,182,0
Phoenix,Cleveland,54,58,66,50,220.0,111.0,218.5,252,1
Charlotte,Detroit,58,44,48,51,218.0,107.0,215.5,201,0
Brooklyn,Milwaukee,67,57,62,56,242.5,119.0,240.5,242,1
Toronto,LAClippers,56,46,62,41,217.5,106.0,221.0,205,0
Boston,Orlando,66,42,67,53,221.0,112.0,218.5,228,1
Portland,Cleveland,57,67,58,64,226.5,110.5,228.0,246,1
Memphis,Minnesota,62,74,74,64,237.5,121.5,235.5,274,1
Philadelphia,Houston,69,69,61,51,220.5,109.0,224.5,250,1
Sacramento,Indiana,56,47,50,44,239.0,116.0,240.0,197,0
Washington,Milwaukee,66,76,56,71,243.0,119.0,242.0,269,1
SanAntonio,Utah,64,44,55,57,219.0,111.5,221.0,220,0
NewYork,Denver,46,61,51,52,214.5,105.0,214.5,210,0
Chicago,Charlotte,58,54,58,49,219.0,112.0,217.5,219,1
Brooklyn,Dallas,69,56,40,57,235.5,116.0,234.0,222,0
Washington,Toronto,64,47,57,62,235.5,114.5,234.0,260,1
Memphis,Detroit,63,44,41,60,222.5,113.0,221.5,208,0
Atlanta,Indiana,62,68,76,53,238.5,117.0,240.0,259,1
OklahomaCity,GoldenState,55,55,50,55,225.0,109.5,228.5,215,0
LALakers,LAClippers,49,58,56,49,212.0,104.0,211.5,212,1
NewOrleans,Philadelphia,53,71,55,37,223.5,108.5,228.0,216,0
Boston,Chicago,58,48,62,52,226.0,114.5,222.5,220,0
Houston,Milwaukee,68,59,72,75,233.0,112.5,231.5,274,1
Orlando,Charlotte,57,65,61,51,214.0,110.0,215.5,234,1
Minnesota,Miami,60,53,54,66,228.5,110.5,222.5,233,1
Cleveland,Dallas,52,47,52,49,217.0,105.5,220.0,200,0
NewYork,Phoenix,63,56,59,55,217.0,106.5,217.5,233,1
Denver,Utah,81,61,55,50,215.0,106.5,218.5,247,1
SanAntonio,Sacramento,46,55,58,58,223.5,114.0,227.0,217,0
LALakers,Portland,56,58,46,47,223.0,109.0,222.0,207,0
Washington,Indiana,65,60,68,55,250.5,122.5,247.5,265,1
Detroit,Philadelphia,51,48,63,60,216.5,106.5,221.0,222,1
Memphis,Toronto,52,41,60,55,225.5,114.5,227.0,208,0
Brooklyn,Denver,61,66,74,43,232.0,112.0,231.0,244,1
OklahomaCity,GoldenState,62,59,52,60,222.5,108.5,223.5,233,1
Houston,Utah,64,62,53,61,225.5,110.0,227.0,240,1
Miami,Boston,59,73,57,65,222.0,109.5,221.0,254,1
NewYork,LAClippers,55,55,43,53,215.0,106.0,216.0,206,0
Dallas,Cleveland,69,48,53,51,218.0,106.5,217.0,221,1
NewOrleans,Charlotte,59,65,61,37,224.0,110.0,220.0,222,1
Minnesota,Orlando,53,65,58,48,232.5,114.0,229.0,224,0
Chicago,Detroit,46,50,55,53,216.5,109.0,220.5,204,0
Phoenix,LALakers,49,57,69,58,217.0,110.0,214.0,233,1
OklahomaCity,Sacramento,58,64,55,47,224.0,110.0,221.5,224,1
Washington,Atlanta,66,57,52,74,237.0,116.0,237.5,249,1
Indiana,Cleveland,55,58,43,57,228.5,111.0,229.0,213,0
NewOrleans,Memphis,67,63,44,51,228.5,111.0,225.5,225,0
Milwaukee,SanAntonio,81,70,57,63,233.5,119.0,234.0,271,1
Utah,GoldenState,61,42,61,71,226.5,115.5,228.5,235,1
Houston,Portland,83,59,69,58,239.5,117.5,238.0,269,1
Minnesota,Detroit,50,52,49,68,228.0,111.0,227.5,219,0
Denver,Charlotte,64,59,54,52,223.5,109.5,220.5,229,1
Miami,Boston,56,62,54,78,224.5,109.5,222.5,250,1
LAClippers,Toronto,46,66,44,55,217.5,106.5,220.5,211,0
Brooklyn,Chicago,55,60,52,55,234.5,114.5,232.0,222,0
Dallas,Memphis,55,62,61,59,227.5,110.5,226.5,237,1
Philadelphia,Indiana,59,54,37,47,233.5,113.5,236.5,197,0
Orlando,Milwaukee,51,56,43,66,230.0,117.0,229.5,216,0
OklahomaCity,Sacramento,59,68,59,42,222.5,109.0,224.0,228,1
NewYork,LALakers,49,62,38,33,210.0,103.5,214.5,200,0
Washington,Atlanta,65,50,59,62,238.5,116.0,240.0,236,0
SanAntonio,Brooklyn,55,53,69,67,233.0,118.5,223.5,244,1
Boston,Cleveland,39,42,55,60,222.0,113.0,219.5,196,0
Portland,Utah,55,60,45,43,234.0,113.5,235.0,203,0
NewOrleans,Dallas,62,73,56,41,225.5,110.5,225.0,232,1
Houston,LALakers,60,52,84,50,220.0,108.0,223.5,246,1
LAClippers,Charlotte,54,37,70,42,220.5,107.0,223.5,203,0
Milwaukee,Indiana,77,58,70,70,241.5,123.0,241.0,275,1
Orlando,Atlanta,45,57,62,45,222.5,113.0,227.5,209,0
SanAntonio,NewYork,38,51,61,50,215.5,109.5,216.5,200,0
Philadelphia,Miami,60,41,55,44,218.5,106.0,217.5,200,0
Sacramento,Memphis,68,51,53,54,227.5,110.5,230.0,226,0
Toronto,Chicago,57,56,51,52,216.5,106.0,217.5,216,0
Denver,Minnesota,61,54,66,36,230.5,112.5,235.5,217,0
Portland,Phoenix,52,53,57,73,237.5,114.5,231.5,235,1
Cleveland,Washington,64,50,53,58,226.5,111.5,226.5,225,0
Denver,Detroit,54,56,51,34,217.0,106.5,220.0,195,0
Utah,OklahomaCity,50,58,50,44,221.0,113.5,222.0,202,0
Orlando,Philadelphia,51,58,56,54,213.5,109.0,219.5,219,0
LAClippers,Houston,63,79,56,39,225.0,111.5,227.0,237,1
Sacramento,Memphis,54,56,45,58,224.5,109.5,227.5,213,0
Toronto,Dallas,57,61,57,49,219.5,108.0,222.0,224,1
NewOrleans,GoldenState,73,59,57,58,220.0,108.5,231.0,247,1
LALakers,Indiana,64,56,64,53,226.5,110.5,228.0,237,1
Boston,Minnesota,63,50,50,69,233.5,118.5,230.5,232,1
Charlotte,NewYork,63,54,58,33,214.5,104.5,212.0,227,1
Chicago,Brooklyn,57,55,38,46,231.5,117.5,234.0,196,0
Utah,Sacramento,53,60,57,50,221.5,113.5,226.0,220,0
Houston,Atlanta,69,57,45,48,232.0,113.5,232.0,219,0
Memphis,GoldenState,59,45,51,59,228.0,116.0,230.0,214,0
Phoenix,SanAntonio,50,63,61,70,220.0,112.0,226.5,244,1
Cleveland,Brooklyn,58,65,52,57,225.5,109.5,224.5,232,1
Miami,Detroit,45,71,50,61,212.0,104.0,217.0,227,1
LAClippers,OklahomaCity,61,61,52,55,220.5,108.0,221.5,229,1
Dallas,Minnesota,60,76,72,49,230.0,112.0,230.0,257,1
Orlando,Philadelphia,58,67,64,56,214.0,110.5,222.5,245,1
LALakers,NewOrleans,64,58,45,41,222.0,108.0,223.5,208,0
Denver,Portland,65,62,64,57,228.5,112.0,230.5,248,1
Milwaukee,Chicago,56,53,67,54,224.5,113.5,224.5,230,1
Charlotte,Washington,58,50,61,56,230.5,112.5,228.5,225,0
Boston,NewYork,47,46,49,46,211.0,107.0,215.5,188,0
Indiana,Toronto,61,62,54,61,226.5,111.0,229.5,238,1
Charlotte,Indiana,64,50,72,75,226.0,109.5,229.0,261,1
Washington,Boston,48,58,64,48,233.0,114.0,234.5,218,0
SanAntonio,Memphis,57,48,32,59,224.0,114.0,225.0,196,0
GoldenState,LALakers,50,47,59,47,217.0,106.0,222.5,203,0
Indiana,Washington,59,59,79,60,240.5,119.0,241.5,257,1
Memphis,GoldenState,59,52,40,47,220.5,111.5,224.0,229,1
Miami,Milwaukee,46,57,55,40,226.0,110.5,229.0,216,0
Boston,Brooklyn,37,63,51,46,232.5,117.0,226.5,197,0
Dallas,LAClippers,63,52,51,50,217.5,107.0,223.0,216,0
Portland,Denver,65,54,63,50,226.0,111.0,228.0,232,1
Atlanta,NewYork,40,62,42,68,214.0,105.0,217.0,212,0
Washington,Philadelphia,55,68,69,51,227.5,112.0,229.5,243,1
LALakers,Phoenix,57,41,51,40,213.5,104.5,215.5,189,0
Memphis,Utah,41,51,65,64,216.5,110.0,215.5,221,1
Miami,Milwaukee,66,63,56,45,223.5,109.0,221.5,230,1
Portland,Denver,56,78,54,49,224.5,111.5,228.5,237,1
Boston,Brooklyn,66,52,73,47,228.0,114.5,227.0,238,1
LALakers,Phoenix,54,46,51,60,210.5,102.5,209.5,211,1
Dallas,LAClippers,68,76,49,55,215.5,107.5,216.0,248,1
Atlanta,NewYork,47,54,50,42,213.0,105.5,214.0,193,0
Milwaukee,Miami,40,45,61,51,224.5,113.0,227.5,197,0
Phoenix,LALakers,55,28,56,65,211.0,107.0,210.5,204,0
Denver,Portland,69,54,40,72,227.0,111.0,229.0,235,1
NewYork,Atlanta,60,42,56,41,212.0,103.0,211.0,199,0
Brooklyn,Boston,65,53,62,64,227.0,111.5,228.5,244,1
LAClippers,Dallas,65,59,51,51,219.0,106.5,220.5,226,1
Milwaukee,Miami,48,73,55,47,221.5,113.5,222.5,223,1
Denver,Portland,56,48,55,51,227.5,111.0,228.5,210,0
Philadelphia,Washington,64,66,65,40,229.0,111.5,229.0,235,1
Utah,Memphis,56,57,68,51,224.5,114.5,224.5,232,1
NewYork,Atlanta,51,51,57,50,209.0,103.5,209.5,209,0
Phoenix,LALakers,47,57,42,46,209.5,106.5,210.5,192,0
Brooklyn,Boston,67,66,70,64,228.0,111.5,229.5,267,1
LAClippers,Dallas,53,53,36,45,219.5,106.5,222.5,187,0
Philadelphia,Washington,59,62,51,64,231.0,112.5,230.5,236,1
Utah,Memphis,65,48,74,46,224.5,114.5,224.0,233,1
Boston,Brooklyn,55,55,55,67,234.5,118.0,231.5,232,1
Portland,Denver,63,64,59,56,226.5,111.5,226.0,287,1
LALakers,Phoenix,60,42,53,45,209.5,102.0,209.5,200,0
Atlanta,NewYork,42,57,37,56,209.0,103.0,207.5,192,0
Dallas,LAClippers,63,47,54,41,217.5,106.0,217.5,205,0
Memphis,Utah,74,52,56,54,226.5,115.5,226.0,236,1
Washington,Philadelphia,58,70,69,44,229.0,113.0,230.5,241,1
Phoenix,LALakers,50,53,62,48,207.5,105.0,208.5,213,1
Denver,Portland,62,67,70,42,228.0,112.5,228.5,241,1
LAClippers,Dallas,54,39,57,51,215.5,105.0,216.5,201,0
Milwaukee,Brooklyn,62,62,58,40,239.5,120.5,240.0,222,0
Atlanta,Philadelphia,69,59,54,70,219.5,107.5,220.5,252,1
Dallas,LAClippers,73,59,53,52,211.5,104.0,214.5,237,1
Milwaukee,Brooklyn,55,51,54,51,238.0,119.0,235.0,211,0
Denver,Phoenix,56,59,52,60,222.0,109.5,220.0,227,1
Atlanta,Philadelphia,53,59,63,45,225.5,110.0,222.5,220,0
LAClippers,Utah,43,64,51,63,222.0,109.0,221.5,221,0
Denver,Phoenix,46,48,59,68,224.5,109.5,221.0,221,0
Brooklyn,Milwaukee,41,46,45,37,235.0,114.0,234.0,169,0
LAClippers,Utah,59,60,60,49,222.5,109.5,221.0,228,1
Philadelphia,Atlanta,48,69,53,68,224.5,108.5,224.5,238,1
Phoenix,Denver,64,50,52,52,223.5,113.5,222.5,218,0
Utah,LAClippers,50,63,64,61,222.5,113.0,223.5,238,1
Brooklyn,Milwaukee,49,52,49,53,228.5,110.0,230.0,203,0
Phoenix,Denver,50,68,61,64,223.0,113.5,221.0,243,1
Philadelphia,Atlanta,48,63,51,41,226.0,111.5,225.0,203,0
Utah,LAClippers,43,69,55,55,223.5,113.5,223.5,222,0
Milwaukee,Brooklyn,44,58,66,54,222.0,113.0,220.5,222,1
Atlanta,Philadelphia,62,40,54,59,224.0,109.0,224.5,215,0
LAClippers,Utah,73,52,50,55,219.5,110.5,223.5,230,1
Brooklyn,Milwaukee,45,62,38,48,220.5,107.5,220.5,193,0
Philadelphia,Atlanta,51,47,58,47,223.5,108.0,222.5,203,0
Utah,LAClippers,64,58,63,65,221.0,111.0,218.5,250,1
Milwaukee,Brooklyn,53,47,63,55,215.5,109.0,216.5,226,1
Atlanta,Philadelphia,53,41,53,52,216.0,106.0,217.5,199,0
LAClippers,Phoenix,42,69,75,48,219.5,112.0,221.5,234,1
LAClippers,Phoenix,47,48,51,61,222.5,112.0,224.0,207,0
Atlanta,Milwaukee,53,60,60,56,225.0,111.0,227.5,229,1
Phoenix,LAClippers,50,44,55,49,221.0,111.5,218.5,198,0
Atlanta,Milwaukee,62,60,44,50,226.0,110.5,226.5,216,0
Milwaukee,Atlanta,59,53,56,47,224.0,113.5,224.5,215,0
LAClippers,Phoenix,62,49,58,49,213.5,109.0,215.5,218,1
Milwaukee,Atlanta,47,42,60,49,215.0,108.0,221.5,198,0
Phoenix,LAClippers,62,61,57,53,214.5,109.5,215.0,233,1
Atlanta,Milwaukee,58,63,48,66,213.0,105.5,219.5,235,1
Milwaukee,Phoenix,56,50,62,55,219.5,112.5,217.0,223,1
Milwaukee,Phoenix,55,46,65,60,221.0,112.0,221.0,226,1
Phoenix,Milwaukee,53,52,69,46,220.0,113.0,222.0,220,0
Phoenix,Milwaukee,43,61,54,54,221.0,113.5,220.5,212,0
Milwaukee,Phoenix,58,67,65,52,220.0,112.5,218.5,242,1
Phoenix,Milwaukee,45,44,65,49,221.0,112.5,223.0,203,0
Indiana,Charlotte,65,69,46,65,223.0,110.5,228.5,245,1
Chicago,Detroit,34,50,56,42,218.0,110.5,220.5,182,0
Washington,Toronto,44,50,46,41,223.0,109.0,220.0,181,0
Boston,NewYork,64,48,56,64,220.0,112.5,217.5,272,1
Philadelphia,NewOrleans,54,52,45,63,224.0,109.0,227.5,214,0
Houston,Minnesota,53,64,53,60,232.0,113.0,228.5,230,1
OklahomaCity,Utah,45,51,50,47,221.5,107.0,221.5,193,0
Sacramento,Portland,47,64,74,60,234.0,114.0,231.5,245,1
Denver,Phoenix,46,63,58,41,224.0,108.5,224.5,208,0
Dallas,Atlanta,42,53,55,50,225.5,110.0,224.5,200,0
Milwaukee,Miami,57,58,59,58,222.5,114.5,224.5,232,1
LAClippers,GoldenState,71,62,50,45,229.0,116.5,225.5,228,1
NewYork,Orlando,52,48,50,67,212.0,103.5,212.0,217,1
Charlotte,Cleveland,57,56,66,56,226.0,111.0,225.5,235,1
Indiana,Washington,68,78,56,44,225.5,111.5,230.0,269,1
Toronto,Boston,46,52,50,50,217.5,105.0,221.0,198,0
Brooklyn,Philadelphia,62,55,59,47,224.5,109.5,229.5,223,0
OklahomaCity,Houston,55,61,57,42,221.0,107.0,225.5,215,0
NewOrleans,Chicago,45,67,55,73,222.5,113.5,224.0,240,1
SanAntonio,Denver,48,55,46,49,222.0,108.0,219.0,198,0
Phoenix,LALakers,49,52,60,59,222.0,112.5,226.5,220,0
Utah,Sacramento,50,48,63,50,227.0,116.5,226.5,211,0
Atlanta,Cleveland,51,56,48,41,223.5,109.5,223.0,196,0
Miami,Indiana,52,50,25,45,222.0,107.5,224.0,193,0
Dallas,Toronto,43,53,50,52,217.5,105.0,218.0,198,0
NewOrleans,Minnesota,55,40,41,49,228.5,115.5,226.0,185,0
Detroit,Chicago,59,38,36,46,213.5,104.0,214.5,179,0
Milwaukee,SanAntonio,64,44,58,66,225.5,114.5,223.5,232,1
Phoenix,Portland,54,60,73,52,229.0,116.5,232.0,239,1
Memphis,LAClippers,59,62,65,48,226.0,115.5,226.0,234,1
Charlotte,Brooklyn,58,50,49,49,233.0,114.5,231.5,206,0
Orlando,NewYork,56,53,45,60,212.0,108.0,215.0,214,0
Boston,Houston,52,52,57,43,221.5,113.0,225.5,204,0
Philadelphia,OklahomaCity,62,48,55,53,216.0,106.0,216.5,218,1
GoldenState,Sacramento,60,62,56,48,234.5,114.5,231.0,226,0
Memphis,LALakers,53,65,59,62,225.5,115.0,221.0,239,1
Milwaukee,Indiana,64,59,64,41,229.5,117.5,10.5,228,1
Boston,Charlotte,66,68,57,53,225.0,115.0,224.0,269,1
Orlando,Miami,42,59,50,46,211.5,108.0,213.5,197,0
Chicago,Toronto,48,64,60,47,213.5,109.5,213.0,219,1
Detroit,Atlanta,46,70,58,52,212.5,104.5,213.5,226,1
Washington,Brooklyn,58,43,45,48,229.0,111.5,233.5,194,0
NewOrleans,Minnesota,44,53,56,52,224.5,113.5,225.0,205,0
Cleveland,Denver,53,43,49,41,221.0,107.0,220.5,186,0
Portland,LAClippers,48,50,54,50,229.5,117.0,234.5,202,0
Philadelphia,NewYork,49,55,58,49,217.0,105.5,218.5,211,0
GoldenState,OklahomaCity,63,44,50,47,223.5,108.5,224.0,204,0
Houston,Dallas,58,59,62,43,222.5,109.0,220.5,222,1
LALakers,SanAntonio,56,67,59,46,220.0,109.0,220.0,246,1
Denver,Utah,66,64,51,51,218.5,106.5,220.0,232,1
Charlotte,Orlando,62,63,59,47,221.0,107.0,220.5,231,1
Miami,Brooklyn,51,49,55,44,218.0,106.5,222.5,199,0
Indiana,Toronto,53,52,53,60,214.0,105.5,220.0,218,0
Atlanta,NewOrleans,52,60,49,40,220.5,108.5,222.0,201,0
Washington,Boston,43,71,59,50,224.0,109.0,228.5,223,0
LALakers,OklahomaCity,60,68,64,46,217.0,106.5,220.5,238,1
Minnesota,Milwaukee,78,46,49,48,231.0,113.0,228.5,221,0
Sacramento,Phoenix,52,62,44,59,224.5,110.0,228.0,217,0
Memphis,Portland,51,57,56,48,233.0,117.5,235.5,212,0
Cleveland,LAClippers,37,50,49,35,219.0,106.0,220.0,171,0
Detroit,Philadelphia,43,55,48,66,211.0,102.5,217.0,212,0
Atlanta,Washington,65,54,67,47,222.5,109.5,224.0,233,1
NewYork,Chicago,52,54,49,52,216.5,104.5,215.0,207,0
Utah,Houston,50,51,63,49,222.5,113.5,223.5,213,0
SanAntonio,Dallas,40,56,56,51,219.5,107.0,221.5,203,0
Orlando,Toronto,43,62,50,64,206.5,105.5,210.0,219,1
Charlotte,Miami,55,55,49,54,221.5,106.0,220.5,213,0
Indiana,Brooklyn,64,49,46,44,223.0,107.5,223.0,203,0
Sacramento,NewOrleans,59,48,42,73,221.0,108.5,222.5,222,0
LAClippers,Portland,49,39,55,60,223.5,113.5,225.0,203,0
Dallas,Denver,50,48,45,38,216.5,105.0,219.5,181,0
Cleveland,LALakers,49,59,65,41,221.5,107.0,219.5,214,0
Boston,Washington,45,55,49,57,223.5,113.0,225.0,227,1
Orlando,Detroit,45,50,60,58,207.5,105.0,205.5,213,1
NewYork,NewOrleans,62,60,49,69,214.0,104.0,217.0,240,1
Toronto,Indiana,47,46,40,58,212.0,103.5,215.5,191,0
Atlanta,Philadelphia,43,63,52,58,216.5,105.0,218.5,216,0
Utah,Chicago,49,62,40,55,218.5,111.0,216.5,206,0
SanAntonio,Milwaukee,51,41,44,59,223.5,109.0,224.5,195,0
Miami,Memphis,60,61,60,51,215.0,105.0,217.5,232,1
OklahomaCity,GoldenState,48,51,41,45,217.0,105.0,220.0,185,0
Denver,Minnesota,55,35,52,42,219.5,106.0,222.0,184,0
Cleveland,Phoenix,55,41,47,50,216.0,105.0,218.0,193,0
Sacramento,Dallas,53,47,54,50,218.5,107.0,219.0,204,0
Portland,Charlotte,56,57,64,61,231.0,112.0,230.0,238,1
Utah,Milwaukee,53,52,48,49,222.0,114.5,224.5,202,0
Detroit,Brooklyn,53,60,57,38,211.0,102.0,215.0,208,0
Houston,LALakers,42,47,40,51,224.5,109.0,224.0,180,0
Cleveland,Charlotte,61,53,50,59,220.0,106.0,224.5,223,0
Portland,Philadelphia,48,59,60,49,221.5,108.0,220.5,216,0
SanAntonio,Indiana,76,58,58,57,215.5,105.0,218.5,249,1
Toronto,NewYork,60,50,60,47,209.0,103.0,211.5,217,1
Washington,Atlanta,57,66,38,68,222.0,106.0,224.0,229,1
Denver,Memphis,57,61,37,48,215.5,105.5,216.0,203,0
Orlando,Minnesota,58,53,39,62,217.0,109.0,218.0,212,0
OklahomaCity,LAClippers,37,47,56,53,210.0,103.0,214.0,193,0
Milwaukee,Detroit,47,49,56,54,211.5,108.5,216.0,206,0
Miami,Dallas,54,78,55,48,209.5,103.5,212.5,235,1
Sacramento,Utah,62,55,60,55,223.5,108.5,220.0,232,1
NewOrleans,Phoenix,58,49,51,54,215.0,111.0,216.5,212,0
Houston,LALakers,67,67,42,60,219.5,107.0,219.0,236,1
Portland,Cleveland,49,64,51,47,216.5,105.5,219.5,211,0
Boston,Orlando,54,36,41,40,212.5,108.5,214.0,171,0
Toronto,Washington,58,49,56,46,212.0,104.0,215.0,209,0
Chicago,Philadelphia,48,54,54,45,215.5,109.0,217.5,201,0
Atlanta,Brooklyn,63,57,54,51,221.0,109.0,218.0,225,1
Dallas,SanAntonio,56,61,47,53,217.0,106.5,216.0,217,1
NewOrleans,Sacramento,53,55,71,32,219.0,111.0,218.5,211,0
Charlotte,GoldenState,47,58,42,59,226.5,109.5,224.0,206,0
Philadelphia,Detroit,63,66,39,39,207.5,102.0,208.5,207,0
Boston,Miami,42,42,48,41,213.5,108.0,215.0,173,0
Houston,Phoenix,66,51,62,55,220.0,108.0,217.5,234,1
OklahomaCity,LALakers,46,54,52,59,214.0,105.0,217.5,211,0
SanAntonio,Orlando,50,35,49,57,213.0,104.0,212.0,191,0
Brooklyn,Detroit,51,27,62,46,210.5,107.5,212.0,186,0
Cleveland,Toronto,57,48,49,49,204.0,99.0,212.5,203,0
LAClippers,Minnesota,56,48,43,41,215.5,111.0,215.5,188,0
NewOrleans,GoldenState,69,35,50,57,213.5,108.5,219.5,211,0
Charlotte,Sacramento,63,64,68,55,232.0,110.0,228.0,250,1
Indiana,Portland,43,69,53,51,222.5,109.0,224.0,216,0
Houston,Denver,53,40,50,46,215.0,103.0,218.0,189,0
Philadelphia,Chicago,43,61,57,58,215.0,102.5,211.5,219,1
Boston,Dallas,44,53,54,60,211.0,107.5,213.0,211,0
Atlanta,Phoenix,51,66,67,54,222.0,108.5,222.0,238,1
LALakers,Portland,50,37,68,40,223.5,108.0,218.5,195,0
Brooklyn,Toronto,55,58,52,54,210.0,103.5,211.0,219,1
Indiana,Sacramento,46,45,50,44,225.0,114.5,223.0,185,0
Cleveland,NewYork,59,54,51,71,207.5,100.5,209.0,235,1
Utah,Orlando,43,59,58,47,211.0,109.0,212.0,207,0
Milwaukee,Washington,50,51,52,42,219.5,112.5,221.5,195,0
SanAntonio,OklahomaCity,42,58,48,45,213.5,104.0,212.0,193,0
Houston,GoldenState,69,61,56,41,218.5,106.5,222.0,227,1
Charlotte,LAClippers,70,49,57,50,224.5,108.5,224.0,226,1
NewYork,Philadelphia,49,53,39,58,213.5,103.5,210.0,199,0
Minnesota,Memphis,68,44,61,53,221.0,105.0,218.5,243,1
NewOrleans,Dallas,49,49,49,53,210.5,107.0,210.5,200,0
Atlanta,GoldenState,66,60,61,53,222.0,108.0,223.0,240,1
Phoenix,Sacramento,62,69,43,39,224.0,113.5,222.5,213,0
Charlotte,LALakers,55,66,60,49,225.5,107.5,224.5,249,1
Milwaukee,Philadelphia,69,50,65,43,215.0,109.0,222.5,227,1
Atlanta,Utah,58,54,63,33,223.0,107.5,22.0,208,1
Portland,LAClippers,59,52,51,64,220.0,107.0,222.5,226,1
Washington,Cleveland,46,47,49,49,208.5,101.0,213.5,191,0
Brooklyn,Orlando,51,67,51,44,211.0,104.0,212.0,213,1
Toronto,Boston,58,50,40,44,206.0,101.0,212.0,192,0
Milwaukee,NewYork,53,40,55,64,216.0,108.0,218.0,212,0
Detroit,Houston,44,55,62,55,211.5,103.0,210.5,216,1
Charlotte,Memphis,70,42,47,67,228.0,110.5,226.5,226,0
OklahomaCity,NewOrleans,57,47,52,52,208.5,102.0,211.0,208,0
Dallas,Chicago,65,50,60,49,215.0,103.0,214.0,224,1
Sacramento,SanAntonio,54,71,66,62,222.5,108.0,222.5,253,1
Portland,Phoenix,53,54,57,64,225.0,109.5,221.0,228,1
Indiana,Denver,43,45,46,65,205.0,104.0,213.0,199,0
Minnesota,GoldenState,59,64,54,56,222.5,107.0,220.0,233,1
Miami,LALakers,53,59,56,56,215.0,103.5,215.0,237,1
Toronto,Philadelphia,57,52,50,65,212.0,104.0,213.5,224,1
Indiana,Utah,62,49,51,49,215.0,105.5,219.5,211,0
Miami,LAClippers,65,49,50,57,211.5,104.5,214.5,221,1
Detroit,Cleveland,42,51,33,50,200.0,97.0,204.0,176,0
Milwaukee,Boston,60,46,63,47,209.0,106.0,216.0,235,1
Portland,Houston,57,43,48,48,222.5,108.0,223.5,196,0
Brooklyn,NewOrleans,58,67,53,54,214.5,104.5,211.5,232,1
Phoenix,Memphis,59,46,51,57,222.5,113.5,222.0,213,0
Sacramento,OklahomaCity,39,71,53,45,218.5,105.0,217.5,208,0
Dallas,SanAntonio,53,72,54,53,220.0,107.5,217.5,232,1
Atlanta,Denver,57,38,53,53,214.5,104.0,215.5,201,0
Chicago,GoldenState,52,44,52,64,222.0,112.0,221.5,212,0
Miami,Utah,51,55,58,52,212.0,103.0,213.5,216,1
Washington,Orlando,46,41,54,55,203.0,98.0,204.5,196,0
Philadelphia,Indiana,57,73,46,55,214.0,105.0,217.5,231,1
Memphis,NewOrleans,57,49,49,58,218.5,111.0,221.5,213,0
Detroit,Toronto,65,64,59,60,203.0,100.0,201.5,248,1
Boston,Cleveland,29,61,46,44,202.0,104.5,202.5,180,0
Minnesota,LAClippers,58,55,56,62,221.0,108.5,222.5,231,1
SanAntonio,LALakers,63,52,54,51,219.5,106.0,223.0,220,0
GoldenState,Charlotte,57,57,61,33,227.5,111.5,224.0,208,0
Phoenix,Houston,50,45,48,61,221.5,112.0,223.0,204,0
Brooklyn,OklahomaCity,55,54,55,52,215.5,105.0,212.0,216,1
Portland,Denver,51,69,50,49,208.0,102.0,217.0,219,1
Chicago,LAClippers,47,52,49,42,219.0,111.0,221.0,190,0
NewOrleans,Washington,50,49,54,52,208.5,107.5,213.5,205,0
Boston,Cleveland,41,35,53,61,199.0,102.0,199.0,190,0
Sacramento,Detroit,43,69,50,74,214.0,104.0,213.0,236,1
Indiana,NewYork,36,61,46,33,211.0,102.5,217.0,176,0
Orlando,Atlanta,61,55,61,63,215.0,108.5,214.0,240,1
Houston,Memphis,53,77,46,62,219.0,108.0,221.0,238,1
Denver,Dallas,67,40,55,50,209.0,103.5,209.0,212,1
Phoenix,Minnesota,39,40,49,67,222.0,112.5,223.0,195,0
Miami,OklahomaCity,47,39,55,52,207.0,101.0,210.5,193,0
Toronto,Portland,57,64,49,61,216.5,105.5,212.5,231,1
Chicago,LALakers,58,47,62,57,216.0,109.5,219.0,224,1
GoldenState,Brooklyn,65,56,53,42,223.5,108.5,220.5,216,0
Philadelphia,Utah,58,52,53,42,216.5,106.5,217.0,205,0
SanAntonio,LAClippers,45,65,44,44,221.5,107.0,218.5,198,0
Indiana,Detroit,45,45,56,40,206.0,100.0,210.0,186,0
Washington,Charlotte,53,43,44,44,220.5,106.5,215.0,184,0
NewOrleans,Miami,55,44,52,60,210.5,106.5,220.0,211,0
Orlando,NewYork,44,55,40,63,207.0,105.0,210.0,202,0
Cleveland,Brooklyn,56,47,51,54,206.5,100.5,207.0,208,1
Boston,Atlanta,59,48,61,41,216.5,110.0,215.0,209,0
LALakers,Milwaukee,62,55,51,43,223.0,109.5,214.5,211,0
Houston,OklahomaCity,41,53,50,46,214.5,105.5,213.5,190,0
Sacramento,Minnesota,40,52,57,55,228.0,109.5,224.5,204,0
Dallas,Phoenix,47,44,50,62,212.0,107.0,220.0,203,0
Chicago,Portland,57,54,55,53,221.5,112.0,221.5,219,0
Washington,Miami,40,47,66,56,206.5,100.0,210.0,209,0
GoldenState,Cleveland,56,49,44,44,208.5,101.5,208.0,193,0
SanAntonio,Minnesota,54,65,52,34,220.0,106.5,223.0,205,0
Philadelphia,Denver,47,63,46,36,209.0,102.0,209.0,192,0
Toronto,Utah,59,65,48,50,214.5,105.5,213.0,222,1
Indiana,Charlotte,49,62,72,56,216.0,109.5,218.0,239,1
LALakers,Boston,68,53,54,63,213.0,104.0,212.5,238,1
Orlando,Brooklyn,66,49,58,55,209.0,107.0,209.0,228,1
OklahomaCity,Milwaukee,58,47,43,37,215.5,105.5,216.5,185,0
LAClippers,NewOrleans,45,53,43,34,214.5,109.5,216.5,175,0
Chicago,Denver,60,45,61,56,206.0,105.0,211.5,222,1
Dallas,Phoenix,51,55,57,53,211.0,104.0,211.5,216,1
Toronto,Sacramento,57,51,54,35,221.0,107.5,220.0,197,0
Houston,NewYork,34,60,51,60,213.5,104.0,211.5,205,0
NewOrleans,Indiana,51,53,56,45,206.5,105.0,214.5,205,0
Miami,Washington,51,33,62,57,207.0,100.0,210.0,203,0
OklahomaCity,Boston,53,50,60,53,205.0,101.0,205.5,216,1
Memphis,Minnesota,63,52,69,49,221.0,113.0,218.5,233,1
Orlando,Milwaukee,60,52,55,58,215.5,109.5,213.0,225,1
Utah,Sacramento,57,46,61,64,221.0,113.5,225.0,228,1
Philadelphia,Portland,55,46,63,65,217.0,106.0,218.5,229,1
Dallas,LAClippers,41,52,40,55,209.0,101.0,215.5,188,0
LALakers,Detroit,56,73,54,54,213.0,104.5,209.0,237,1
Denver,Phoenix,76,57,45,45,208.5,103.0,209.5,223,1
NewYork,Chicago,45,51,50,66,213.0,104.0,210.0,212,1
Toronto,GoldenState,60,48,61,54,217.0,106.0,215.5,223,1
Brooklyn,Cleveland,51,64,51,63,208.5,103.0,207.5,229,1
Charlotte,Washington,53,56,47,56,216.0,103.5,216.0,212,0
OklahomaCity,Atlanta,59,67,38,50,212.0,103.5,212.0,214,1
Houston,Boston,43,56,50,49,213.5,103.0,211.5,198,0
Indiana,Chicago,47,66,37,36,216.5,106.5,208.0,186,0
Orlando,Milwaukee,52,61,48,54,218.5,111.0,216.5,215,0
Minnesota,NewOrleans,57,59,42,48,214.0,103.5,213.5,206,0
Phoenix,SanAntonio,44,57,64,61,220.0,112.0,220.5,226,1
Memphis,Utah,57,57,74,49,221.5,112.5,222.5,237,1
Philadelphia,Sacramento,61,46,52,37,220.5,107.5,216.5,196,0
Miami,Detroit,45,54,44,49,208.5,101.5,205.5,192,0
LALakers,NewYork,56,58,50,42,214.5,105.5,214.5,206,0
Denver,Portland,60,58,51,50,212.5,104.0,212.5,219,1
LALakers,Indiana,57,69,40,58,217.0,107.0,218.5,240,1
Phoenix,Cleveland,69,58,46,62,211.5,108.5,211.0,235,1
Charlotte,Orlando,52,49,58,46,219.0,107.0,219.5,205,0
Detroit,Milwaukee,58,58,46,45,213.0,103.5,214.5,207,0
Utah,OklahomaCity,46,55,60,53,208.0,108.0,208.5,214,1
Chicago,Houston,62,57,53,59,217.5,111.5,213.5,231,1
Miami,Minnesota,57,59,52,46,213.5,103.5,212.5,214,1
Toronto,Memphis,57,73,53,56,218.0,105.5,221.5,239,1
Washington,NewOrleans,63,59,46,61,211.0,104.0,209.5,229,1
Atlanta,SanAntonio,54,69,63,44,222.5,108.0,221.5,230,1
Portland,Sacramento,68,72,45,61,225.5,110.0,226.0,246,1
Philadelphia,GoldenState,57,56,57,42,216.5,105.5,218.5,212,0
Detroit,LAClippers,48,56,40,59,205.5,100.0,206.0,203,0
Minnesota,Charlotte,58,68,56,66,226.5,108.0,224.5,248,1
Phoenix,NewYork,60,41,58,56,214.0,108.0,216.5,215,0
Chicago,Orlando,54,47,58,52,212.5,108.5,213.5,211,0
Atlanta,Memphis,50,60,61,61,227.0,109.5,224.5,232,1
Toronto,Indiana,66,57,50,38,209.0,101.0,213.5,211,0
Washington,OklahomaCity,52,58,34,56,209.5,102.5,208.5,200,0
Boston,SanAntonio,44,45,44,51,213.5,108.5,215.5,184,0
NewOrleans,Utah,51,40,56,48,218.5,110.5,213.0,195,0
Milwaukee,Denver,43,62,58,66,215.5,110.0,213.5,229,1
Portland,GoldenState,53,49,59,60,225.0,110.0,224.0,221,0
Sacramento,LALakers,40,46,65,49,229.0,109.5,224.5,278,1
Minnesota,Philadelphia,55,42,45,58,218.0,105.5,218.0,241,1
NewYork,Atlanta,55,46,58,30,217.0,104.5,218.0,189,0
Phoenix,Brooklyn,54,48,60,58,226.0,114.0,219.0,220,1
Charlotte,Houston,73,71,65,61,227.5,111.0,221.5,289,1
Miami,Chicago,47,48,51,65,209.5,101.0,212.0,211,0
Orlando,Cleveland,49,54,44,50,204.5,105.0,203.5,197,0
Washington,Dallas,77,53,54,50,213.0,104.5,210.5,234,1
NewOrleans,Utah,60,49,54,69,215.0,109.5,217.0,232,1
GoldenState,LAClippers,44,42,57,52,215.5,104.0,218.0,195,0
Milwaukee,Indiana,52,47,66,53,216.5,110.5,217.5,218,1
Sacramento,Memphis,63,65,52,49,223.0,107.0,214.5,229,1
Boston,Toronto,53,52,51,50,207.0,105.5,210.0,206,0
Detroit,LALakers,44,55,54,63,214.5,103.5,216.5,216,0
Orlando,Philadelphia,50,47,62,38,205.5,104.0,208.5,197,0
Denver,Miami,55,51,67,58,205.5,99.0,207.5,231,1
OklahomaCity,Houston,51,32,49,59,217.5,105.5,213.5,191,0
Indiana,Minnesota,46,59,49,44,220.5,106.5,218.0,198,0
Charlotte,Chicago,61,66,62,63,224.5,109.5,225.0,252,1
Cleveland,Dallas,53,40,59,58,210.5,102.5,207.0,210,1
Washington,SanAntonio,40,56,66,53,214.5,104.5,214.5,215,1
Portland,Utah,44,58,76,58,221.5,108.0,223.0,236,1
NewOrleans,LAClippers,59,60,49,59,210.5,108.0,211.0,227,1
Memphis,Toronto,45,44,48,52,214.5,109.5,219.5,189,0
NewYork,Brooklyn,61,60,51,50,215.0,105.5,218.5,222,1
GoldenState,Phoenix,66,44,48,42,222.5,108.0,221.0,200,0
Detroit,Portland,48,51,46,57,209.5,101.5,216.0,202,0
Minnesota,Washington,48,62,69,43,217.0,105.0,216.5,222,1
Atlanta,Indiana,67,55,53,50,217.5,105.5,217.5,225,1
Denver,Orlando,44,66,52,49,208.0,101.0,207.5,211,1
Philadelphia,Boston,41,43,43,48,206.5,99.5,210.5,175,0
Cleveland,Miami,47,57,46,46,206.5,100.5,204.5,196,0
Dallas,NewOrleans,64,49,64,69,216.0,105.0,213.5,246,1
Houston,OklahomaCity,50,63,41,70,216.5,105.0,211.5,224,1
Charlotte,Milwaukee,66,62,64,60,230.5,112.0,230.0,252,1
Sacramento,LAClippers,50,64,61,64,215.0,104.5,215.5,239,1
Chicago,NewYork,56,64,52,62,209.5,106.5,213.5,234,1
Milwaukee,Toronto,49,39,53,49,216.0,108.5,213.5,190,0
OklahomaCity,Memphis,47,61,67,56,210.5,102.0,215.5,231,1
Detroit,Phoenix,48,72,48,49,208.0,102.5,210.5,217,1
SanAntonio,Portland,54,61,34,48,215.5,106.0,221.5,197,0
Miami,Indiana,57,60,56,44,206.0,101.5,208.0,217,1
Cleveland,Washington,63,48,60,46,208.5,101.5,209.0,217,1
Philadelphia,Atlanta,53,43,69,29,216.0,103.5,213.0,194,0
Minnesota,Brooklyn,61,53,57,44,219.0,105.5,219.0,215,0
Orlando,Houston,55,55,57,67,217.5,111.0,216.0,234,1
NewOrleans,Dallas,33,59,55,51,215.0,110.5,218.5,198,0
Boston,Utah,63,52,82,70,209.5,106.5,213.0,267,1
Phoenix,GoldenState,49,50,49,66,215.0,110.5,215.5,214,0
LAClippers,LALakers,45,58,63,68,219.0,110.5,217.0,234,1
Denver,NewYork,55,54,54,49,209.0,102.5,210.5,212,1
Chicago,Brooklyn,62,46,53,57,222.0,113.0,220.0,218,0
Miami,Milwaukee,57,64,60,45,211.0,102.0,215.5,226,1
SanAntonio,GoldenState,57,68,62,32,219.0,107.5,219.5,219,0
Boston,Portland,61,61,65,75,211.0,108.5,217.5,262,1
LAClippers,Sacramento,58,37,51,57,219.0,111.0,215.5,203,0
Utah,Cleveland,61,54,58,44,213.5,108.5,210.0,217,1
Washington,Toronto,35,70,47,40,212.5,103.5,212.5,192,0
Charlotte,Atlanta,60,69,62,66,225.5,109.5,224.5,257,1
NewOrleans,Houston,54,52,73,47,222.0,113.5,222.5,226,1
Philadelphia,Charlotte,57,72,59,50,214.0,106.0,206.5,251,1
OklahomaCity,Detroit,65,48,40,64,205.0,102.0,206.5,217,1
Washington,Indiana,46,59,61,60,211.5,103.0,212.5,226,1
Memphis,Miami,59,50,40,46,213.0,109.5,215.5,195,0
Denver,Chicago,45,50,53,58,213.5,103.5,214.0,206,0
Atlanta,Minnesota,57,52,65,57,221.5,108.5,219.5,231,1
Cleveland,Milwaukee,48,58,60,50,215.0,103.5,213.5,216,1
SanAntonio,Phoenix,59,40,50,63,215.5,104.0,218.5,212,0
LAClippers,Portland,53,44,54,41,213.0,108.5,215.5,192,0
Orlando,GoldenState,57,52,68,44,217.5,111.0,216.0,221,1
Brooklyn,Dallas,48,64,49,40,221.0,107.5,215.5,201,0
NewYork,SanAntonio,56,62,58,54,211.5,102.5,212.5,230,1
Boston,LALakers,64,51,51,53,220.5,111.5,217.5,219,1
NewYork,Indiana,65,62,45,52,208.0,101.0,213.0,224,1
Washington,Detroit,56,56,63,37,210.5,101.5,209.5,235,1
Philadelphia,Charlotte,52,52,59,53,216.0,104.5,217.5,216,0
OklahomaCity,Toronto,62,56,45,56,206.0,100.5,208.0,219,1
Milwaukee,Miami,50,45,65,57,217.5,111.0,216.5,217,1
Brooklyn,Houston,53,66,44,55,223.0,109.0,225.0,218,0
Utah,Minnesota,67,52,57,64,218.0,112.0,220.5,240,1
Dallas,Memphis,51,49,51,49,219.0,105.0,215.5,200,0
Denver,NewOrleans,68,53,36,53,213.5,103.5,216.0,234,1
Orlando,Sacramento,74,63,59,76,223.0,114.5,220.0,272,1
Portland,GoldenState,49,43,50,56,215.5,104.5,217.5,198,0
Utah,Philadelphia,59,56,49,50,216.0,110.5,217.5,214,0
LALakers,Memphis,54,58,51,40,221.5,107.5,221.0,203,0
Denver,SanAntonio,66,73,51,44,216.5,105.0,214.5,234,1
Sacramento,Charlotte,73,67,57,50,232.5,114.0,227.5,247,1
Dallas,Indiana,48,62,52,37,213.5,103.5,213.5,199,0
Brooklyn,Atlanta,52,55,73,38,227.5,110.0,224.0,218,0
NewYork,Toronto,45,47,42,43,207.5,100.0,209.0,177,0
Cleveland,Minnesota,54,55,54,66,214.0,104.5,213.5,229,1
Milwaukee,Houston,49,74,62,52,227.5,115.0,225.0,237,1
LALakers,OklahomaCity,50,59,52,50,217.5,105.5,216.0,211,0
Detroit,NewOrleans,57,52,41,52,211.5,102.5,212.5,202,0
Boston,Phoenix,49,47,57,48,214.5,108.5,216.5,201,0
Orlando,LAClippers,53,40,60,57,215.5,109.5,211.5,210,0
Utah,Washington,52,49,49,71,221.0,112.5,219.0,221,1
Houston,Memphis,69,41,53,56,218.0,106.0,222.5,219,0
Chicago,Miami,64,53,39,54,210.0,106.5,211.5,210,0
Sacramento,Cleveland,59,74,46,41,222.5,108.5,215.0,220,1
GoldenState,Philadelphia,45,50,48,52,212.5,103.5,212.5,195,0
Milwaukee,NewYork,42,67,63,37,216.0,110.5,215.5,209,0
Brooklyn,Detroit,55,62,60,43,211.5,103.0,211.5,220,1
NewOrleans,SanAntonio,54,52,59,44,220.5,113.5,216.5,209,0
Dallas,OklahomaCity,55,47,49,36,206.5,100.5,209.5,187,0
Minnesota,Portland,59,52,62,54,226.0,109.5,219.0,227,1
Orlando,LALakers,43,58,46,53,221.0,110.5,220.5,200,0
Miami,Cleveland,48,51,52,48,208.0,100.5,207.0,199,0
GoldenState,Indiana,54,48,62,38,214.0,104.5,213.5,202,0
Sacramento,Toronto,52,63,47,63,222.0,108.0,220.0,225,1
Houston,Atlanta,66,61,62,69,227.0,110.0,225.5,258,1
Milwaukee,Boston,51,50,58,61,223.0,113.0,218.5,220,1
Philadelphia,Memphis,67,57,52,41,209.0,102.0,210.5,217,1
Charlotte,Dallas,57,56,47,56,216.5,105.5,219.5,216,0
Washington,Denver,51,49,61,59,215.5,103.5,215.5,220,1
Phoenix,LAClippers,48,52,48,58,212.0,109.0,213.0,206,0
GoldenState,NewYork,48,47,40,66,211.5,102.5,211.5,201,0
Toronto,Brooklyn,65,57,69,49,216.5,105.0,217.0,260,1
Phoenix,Portland,53,39,56,56,217.0,111.5,218.0,218,0
Atlanta,Orlando,52,62,52,44,223.5,108.5,220.5,210,0
Houston,Cleveland,51,56,56,50,217.0,105.0,216.5,213,0
Miami,Philadelphia,47,60,44,46,203.0,98.5,207.0,197,0
NewOrleans,OklahomaCity,52,44,57,70,212.0,108.0,210.5,223,1
Indiana,Milwaukee,66,45,63,39,214.5,105.0,217.0,213,0
Charlotte,SanAntonio,77,53,62,54,224.0,109.0,228.0,246,1
Minnesota,Denver,72,64,60,35,223.0,107.5,217.0,231,1
LAClippers,Utah,66,58,50,53,217.5,111.0,215.5,227,1
Detroit,Indiana,61,73,60,41,208.0,101.0,210.0,235,1
NewYork,Houston,69,39,58,53,215.5,104.0,216.0,219,1
Washington,Phoenix,54,58,48,56,213.0,104.5,216.5,216,0
Miami,Orlando,53,70,53,44,203.0,99.0,208.5,220,1
Denver,Atlanta,55,71,67,55,225.0,108.5,222.0,248,1
GoldenState,Boston,60,62,41,55,216.5,105.0,214.5,218,1
SanAntonio,Utah,73,59,64,58,226.5,110.0,222.5,254,1
Charlotte,Portland,65,71,53,52,230.0,112.5,228.0,241,1
Memphis,Sacramento,60,54,52,63,221.0,113.5,225.5,229,1
Milwaukee,NewOrleans,49,52,53,52,214.5,109.0,217.0,228,1
Houston,Detroit,68,43,52,60,219.5,106.0,215.0,223,1
Orlando,Brooklyn,43,51,46,53,211.0,107.5,214.5,193,0
GoldenState,Toronto,49,56,60,54,202.5,98.5,209.0,219,1
LAClippers,OklahomaCity,43,66,51,47,209.5,107.5,207.5,207,0
NewYork,Boston,50,59,65,47,208.5,101.5,210.5,221,1
Cleveland,Milwaukee,54,59,49,47,210.5,103.0,214.0,209,0
Washington,Utah,60,49,55,48,222.5,108.5,219.0,212,0
LALakers,Chicago,50,70,47,58,217.0,106.5,213.5,225,1
SanAntonio,Sacramento,64,55,57,59,227.0,110.0,226.0,235,1
Portland,Memphis,60,43,54,48,221.5,106.5,220.5,205,0
Miami,Detroit,43,51,52,44,208.0,101.5,204.0,190,0
Dallas,Minnesota,52,54,68,42,214.0,104.5,214.0,216,1
Charlotte,Phoenix,52,64,72,55,232.0,114.0,226.5,243,1
Philadelphia,Boston,48,52,55,56,214.5,104.5,213.5,211,0
OklahomaCity,Memphis,44,53,49,55,215.5,105.0,211.5,201,0
Houston,Chicago,61,66,61,63,223.0,107.0,223.5,251,1
Charlotte,Utah,51,44,53,66,237.5,114.0,234.0,214,0
Sacramento,GoldenState,42,62,59,48,221.5,107.0,223.5,211,0
SanAntonio,LAClippers,62,48,47,51,220.0,107.0,216.5,208,0
Detroit,NewYork,41,44,64,47,206.0,100.0,206.5,196,0
Minnesota,Dallas,69,42,55,50,213.0,104.5,212.5,216,1
Phoenix,LALakers,49,57,52,40,223.5,113.0,218.5,198,0
Orlando,Atlanta,42,42,47,71,208.5,106.5,211.5,202,0
Cleveland,Boston,57,54,47,54,216.5,105.0,215.5,212,0
Houston,Milwaukee,49,64,60,59,224.0,109.5,224.5,232,1
Denver,OklahomaCity,46,66,42,48,213.0,104.5,215.5,202,0
LAClippers,Sacramento,45,42,55,52,216.5,110.5,219.5,194,0
Atlanta,Philadelphia,50,52,52,40,205.0,100.0,214.5,194,0
Houston,Indiana,64,57,64,39,223.5,108.5,219.0,224,1
NewOrleans,Orlando,49,49,63,53,211.0,107.5,210.5,214,1
Detroit,Miami,58,58,59,52,207.5,101.0,206.0,227,1
Washington,NewYork,58,63,55,65,206.5,100.5,210.5,241,1
Milwaukee,Dallas,38,46,65,48,208.5,106.0,215.5,197,0
Minnesota,Utah,62,65,64,53,225.5,110.5,224.5,244,1
Charlotte,Denver,53,64,54,51,231.0,112.0,229.0,222,0
OklahomaCity,Phoenix,46,47,58,63,213.5,104.0,215.0,214,0
Memphis,GoldenState,58,47,62,50,217.0,111.5,217.5,217,0
SanAntonio,LALakers,57,64,76,51,226.0,108.5,224.0,248,1
Atlanta,NewYork,51,61,35,41,206.5,101.0,218.5,188,0
Boston,Milwaukee,57,52,75,46,221.5,113.5,234.5,230,0
GoldenState,Phoenix,60,60,48,55,215.5,105.5,228.5,223,0
Brooklyn,LALakers,61,67,56,53,222.0,108.5,238.5,237,0
Dallas,Utah,59,69,52,56,214.0,103.5,224.5,236,1
Orlando,Miami,46,35,51,44,203.0,104.0,207.0,176,0
Philadelphia,Washington,56,62,46,49,206.0,100.5,208.5,213,1
Memphis,Sacramento,44,55,67,63,227.5,116.0,226.5,229,1
NewOrleans,OklahomaCity,50,56,64,59,212.5,109.0,209.5,229,1
Detroit,SanAntonio,68,64,67,54,221.0,108.0,216.0,253,1
Indiana,Chicago,60,51,55,52,219.5,107.0,215.5,218,1
Denver,LAClippers,62,57,43,41,212.0,103.5,214.5,203,0
Houston,Charlotte,62,52,52,56,233.0,112.5,236.0,222,0
Chicago,Atlanta,67,65,53,63,219.0,113.5,208.5,248,1
Boston,Minnesota,52,49,52,58,214.0,110.0,218.5,211,0
Utah,SanAntonio,61,35,56,62,230.0,118.0,228.5,214,0
Memphis,Phoenix,49,59,56,63,222.5,114.0,218.0,227,1
Dallas,Portland,63,62,65,59,214.5,104.5,213.5,249,1
Brooklyn,LAClippers,71,55,56,50,215.0,104.5,216.5,232,1
Milwaukee,Orlando,56,61,62,58,216.0,112.5,216.0,237,1
Philadelphia,Toronto,51,52,63,57,215.0,104.5,211.5,223,1
Washington,Miami,62,54,48,67,203.0,99.0,211.5,231,1
NewYork,Minnesota,51,34,49,50,211.5,101.5,213.5,184,0
LALakers,Houston,69,57,63,66,227.0,110.5,228.5,255,1
Denver,GoldenState,47,49,39,40,217.0,105.5,215.5,175,0
OklahomaCity,Sacramento,66,52,50,60,225.0,108.0,218.5,228,1
NewYork,Detroit,43,46,46,44,214.5,102.0,206.5,179,0
Charlotte,Indiana,61,67,44,52,225.5,110.0,227.5,224,0
LAClippers,Boston,47,40,45,41,210.0,106.5,211.5,173,0
LALakers,Memphis,53,49,59,42,224.5,109.0,225.5,203,0
Atlanta,Chicago,74,53,64,57,227.5,111.5,220.5,248,1
OklahomaCity,Phoenix,56,56,54,46,218.5,106.0,217.0,212,0
Utah,Portland,63,65,50,47,228.5,116.5,230.0,225,0
Philadelphia,Brooklyn,70,39,57,46,221.0,107.5,217.0,212,0
Cleveland,Washington,61,48,54,40,209.0,101.5,211.0,203,0
Milwaukee,Orlando,56,58,67,73,218.0,111.5,216.0,254,1
Phoenix,Boston,52,56,69,54,217.0,111.0,214.5,231,1
Chicago,Indiana,48,56,57,53,220.0,112.5,219.0,214,0
Miami,Houston,71,63,53,43,218.5,107.0,215.0,230,1
Atlanta,Cleveland,57,60,62,60,218.0,105.5,215.5,239,1
LAClippers,Toronto,61,57,51,55,212.5,109.0,209.0,224,1
NewYork,OklahomaCity,43,57,39,36,208.5,101.5,205.5,175,0
SanAntonio,Memphis,58,66,45,54,227.0,109.5,224.5,223,0
Minnesota,Utah,51,62,60,55,222.0,107.5,224.0,228,1
Portland,LALakers,71,52,55,67,227.0,109.5,231.0,245,1
NewOrleans,Milwaukee,51,69,58,71,221.0,113.5,219.5,249,1
SanAntonio,Detroit,49,62,55,44,222.0,108.5,222.5,233,1
LAClippers,Brooklyn,59,43,65,69,220.0,111.5,213.5,236,1
Denver,Houston,61,71,41,62,220.0,107.0,222.5,235,1
GoldenState,Utah,53,61,63,62,223.5,109.5,222.0,239,1
NewYork,Toronto,57,44,69,55,208.0,101.0,209.5,225,1
Indiana,Cleveland,60,54,58,40,207.5,101.5,215.5,212,0
Orlando,Boston,47,40,55,58,213.0,108.5,213.5,227,1
Miami,Sacramento,44,74,62,48,222.5,109.0,221.5,228,1
Dallas,OklahomaCity,48,42,47,44,206.5,100.5,209.5,181,0
Phoenix,Charlotte,63,57,60,52,234.0,119.0,231.5,232,1
Minnesota,LALakers,55,56,47,53,222.0,108.0,223.5,211,0
Houston,Philadelphia,64,61,70,51,218.5,106.0,221.0,246,1
Charlotte,Washington,63,57,54,71,230.5,111.5,229.0,245,1
Memphis,Brooklyn,53,50,66,53,230.0,116.5,227.0,222,0
Detroit,Milwaukee,58,67,47,49,226.5,110.0,226.0,221,0
Orlando,Chicago,36,49,50,65,217.5,111.5,223.0,200,0
Utah,NewOrleans,47,54,58,60,229.0,117.0,226.0,219,0
Denver,Dallas,44,39,49,60,213.0,102.0,213.0,192,0
Atlanta,Portland,68,67,70,62,223.0,108.5,226.0,267,1
Miami,GoldenState,58,55,58,52,215.5,105.5,219.0,223,1
Minnesota,LAClippers,47,63,40,76,215.5,105.0,219.0,226,1
SanAntonio,Toronto,59,62,57,55,223.0,108.5,217.5,233,1
Memphis,Cleveland,57,55,39,65,216.0,110.5,217.5,216,0
Indiana,NewYork,57,53,51,37,205.5,100.5,209.5,198,0
Phoenix,NewOrleans,73,45,61,54,225.0,115.0,218.5,233,1
Sacramento,LALakers,57,59,52,68,230.0,110.5,228.5,236,1
Philadelphia,Orlando,66,55,56,45,212.0,105.0,209.5,222,1
Detroit,Charlotte,56,60,59,76,227.0,109.5,225.0,251,1
Houston,Washington,55,54,60,56,230.5,110.5,222.0,225,1
SanAntonio,Boston,60,54,43,39,223.0,108.5,220.0,196,0
GoldenState,Dallas,42,47,48,44,213.0,104.0,209.5,181,0
Brooklyn,Indiana,69,64,62,55,224.5,109.5,217.5,250,1
OklahomaCity,Minnesota,40,45,47,56,218.5,106.0,210.5,188,0
Toronto,Milwaukee,77,68,35,48,221.5,109.0,221.0,228,1
Atlanta,Sacramento,57,42,54,57,229.0,110.0,229.5,210,0
Miami,Portland,53,52,58,61,215.5,104.5,214.0,224,1
Boston,NewYork,43,67,51,52,207.0,105.0,209.5,213,1
GoldenState,NewOrleans,38,55,54,50,212.0,103.5,216.0,197,0
Detroit,Memphis,50,58,50,48,218.5,106.0,218.0,206,0
LAClippers,Phoenix,41,55,45,54,222.0,113.5,216.5,195,0
Milwaukee,Brooklyn,50,59,69,52,232.5,119.0,229.5,230,1
Utah,Toronto,65,46,75,44,216.5,109.5,224.0,230,1
Minnesota,OklahomaCity,60,70,53,57,218.5,107.0,215.0,240,1
Washington,Chicago,69,70,63,50,225.0,109.0,219.5,252,1
Sacramento,Denver,58,62,61,51,225.5,110.0,220.5,232,1
Cleveland,Portland,45,59,56,55,216.5,105.5,215.5,215,0
Atlanta,LALakers,62,63,63,64,231.5,112.5,225.5,252,1
Memphis,LAClippers,64,58,56,53,214.0,110.0,214.5,231,1
Utah,Indiana,60,53,63,62,226.0,115.5,220.5,238,1
Orlando,Detroit,57,40,49,43,215.0,109.5,210.0,189,0
Milwaukee,Charlotte,56,32,76,56,235.0,119.0,233.0,220,0
NewYork,Boston,47,39,50,38,205.5,98.5,209.5,174,0
Miami,Phoenix,62,59,56,46,218.5,108.0,217.0,223,1
Atlanta,LAClippers,54,58,47,40,227.0,110.0,225.0,199,0
Washington,Orlando,46,45,47,64,220.0,106.0,220.0,202,0
NewOrleans,Toronto,53,44,59,50,220.5,111.5,222.5,206,0
Minnesota,Houston,62,67,70,65,235.0,113.5,232.0,264,1
Chicago,Dallas,54,55,53,50,220.5,112.0,218.0,212,0
SanAntonio,Brooklyn,64,47,69,46,232.5,112.0,229.5,240,1
Cleveland,GoldenState,45,52,42,39,217.0,105.5,216.5,178,0
Sacramento,Portland,48,45,56,42,223.0,107.0,225.0,191,0
Memphis,LALakers,54,63,73,56,230.0,117.0,226.5,246,1
Utah,Detroit,56,53,63,70,224.0,114.5,223.0,242,1
Milwaukee,Charlotte,47,48,62,45,236.5,120.5,234.5,202,0
SanAntonio,NewYork,49,51,57,50,212.5,102.0,214.5,207,0
Indiana,Boston,40,41,47,50,211.5,102.0,215.5,199,0
Cleveland,Sacramento,50,61,52,54,220.5,106.0,218.5,217,0
Philadelphia,Houston,63,49,51,39,226.5,110.5,226.5,202,0
Brooklyn,Portland,59,58,51,54,225.5,111.0,227.5,222,0
OklahomaCity,Washington,61,58,68,53,210.5,103.5,217.0,240,1
Phoenix,Toronto,54,40,46,54,222.0,113.0,223.5,194,0
GoldenState,Memphis,52,58,67,47,222.0,109.0,218.5,224,1
Minnesota,NewOrleans,71,53,62,67,226.0,110.5,228.0,253,1
Denver,LAClippers,34,35,52,51,213.0,103.5,218.0,172,0
Detroit,Chicago,55,58,50,57,220.0,107.5,221.0,220,0
Charlotte,Philadelphia,69,45,47,46,225.5,110.0,226.5,207,0
Orlando,Washington,49,46,61,62,213.5,108.5,218.0,218,0
Boston,Indiana,60,43,55,61,211.0,107.5,210.5,219,1
Dallas,NewYork,51,50,49,43,204.0,99.5,204.5,193,0
Miami,Atlanta,48,59,46,53,221.5,108.0,221.0,206,0
Houston,SanAntonio,75,55,51,71,234.5,113.5,233.0,252,1
Cleveland,Utah,51,59,46,46,224.5,109.0,222.0,202,0
LALakers,Sacramento,63,65,63,50,231.0,113.0,230.5,241,1
Brooklyn,Chicago,69,53,58,70,238.0,115.5,227.5,250,1
Minnesota,Memphis,56,57,61,50,231.0,113.0,227.0,224,0
LAClippers,NewOrleans,43,44,63,52,213.0,107.5,214.0,202,0
OklahomaCity,Brooklyn,64,57,62,56,216.0,105.0,213.5,239,1
Portland,Denver,69,58,54,67,210.0,104.0,216.0,248,1
Orlando,Charlotte,71,53,55,46,223.5,114.0,224.0,225,1
Toronto,Detroit,58,41,50,41,210.5,102.0,213.5,190,0
Phoenix,Indiana,42,42,72,50,219.5,112.0,215.5,206,0
Boston,Philadelphia,46,44,59,61,207.5,106.5,211.0,210,0
GoldenState,Chicago,65,60,59,50,225.5,109.5,220.0,234,1
Atlanta,Miami,70,64,59,49,222.5,108.5,220.0,242,1
Cleveland,SanAntonio,61,62,47,53,220.0,106.5,218.5,223,1
Houston,Sacramento,71,54,62,53,238.5,116.0,237.5,240,1
Dallas,Memphis,54,51,52,40,218.5,106.0,217.5,197,0
Toronto,Milwaukee,49,46,47,57,218.5,105.5,221.5,199,0
Portland,Washington,53,72,49,51,215.0,105.0,218.5,225,1
NewOrleans,Brooklyn,54,56,62,53,230.0,117.5,223.5,225,1
NewYork,Atlanta,59,57,46,63,214.5,104.5,215.5,225,1
Cleveland,OklahomaCity,56,46,66,41,208.5,100.5,209.0,209,0
Chicago,Boston,54,49,64,59,214.0,109.5,219.5,226,1
LAClippers,SanAntonio,43,60,62,30,221.0,112.5,217.5,195,0
LALakers,Denver,63,70,48,48,225.5,109.5,221.5,229,1
Orlando,Dallas,55,43,55,47,211.0,108.5,208.0,200,0
Houston,Sacramento,50,65,58,57,239.5,115.5,238.5,230,0
GoldenState,Minnesota,52,54,66,46,215.5,105.0,226.5,218,0
Utah,Denver,70,56,53,48,224.0,115.0,223.5,227,1
Phoenix,Detroit,74,44,67,58,216.0,111.0,215.5,243,1
NewOrleans,Boston,47,38,55,56,213.5,110.0,216.0,196,0
Charlotte,NewYork,57,49,47,31,214.5,106.0,218.0,184,0
Philadelphia,Washington,67,49,58,41,221.5,108.0,213.0,215,1
Brooklyn,Cleveland,61,63,51,46,222.0,108.0,219.5,221,1
Chicago,Memphis,40,63,61,61,225.0,114.5,224.0,225,1
Indiana,LAClippers,67,60,67,78,210.5,104.5,209.5,272,1
Milwaukee,Atlanta,43,69,59,64,233.0,118.5,229.0,235,1
Portland,Orlando,39,55,48,44,219.0,106.5,214.0,186,0
Toronto,Miami,57,52,46,48,206.0,100.5,209.5,203,0
Phoenix,SanAntonio,61,54,63,50,229.0,118.0,223.5,228,1
OklahomaCity,Dallas,57,38,54,57,210.5,102.5,206.5,206,0
Utah,LALakers,49,49,52,46,230.5,117.0,229.0,196,0
Minnesota,NewYork,53,59,65,45,216.5,106.0,212.5,222,1
Detroit,GoldenState,55,49,42,42,217.5,107.0,215.5,188,0
Orlando,Philadelphia,46,58,70,59,213.5,110.0,211.5,233,1
Charlotte,Boston,52,52,56,53,222.5,108.0,220.5,213,0
Portland,Miami,49,65,44,38,210.5,102.0,215.5,196,0
Minnesota,Atlanta,68,66,65,57,235.5,114.0,233.0,256,1
Memphis,Milwaukee,66,42,75,57,228.0,116.0,225.5,240,1
Toronto,Dallas,58,51,50,41,207.5,101.5,206.0,200,0
OklahomaCity,SanAntonio,54,66,64,30,221.0,108.0,219.5,214,0
Houston,Utah,63,56,45,63,230.0,112.5,233.0,227,0
Detroit,Sacramento,59,78,71,56,221.0,108.5,220.5,264,1
LAClippers,Denver,54,52,56,66,213.0,109.0,211.0,258,1
Indiana,LALakers,55,51,50,59,224.5,108.5,222.5,215,0
NewOrleans,NewYork,44,44,50,55,210.5,107.5,210.0,193,0
Phoenix,Dallas,48,50,58,54,217.0,112.5,213.0,210,0
Indiana,GoldenState,53,65,48,54,217.5,107.0,216.5,238,1
OklahomaCity,Charlotte,57,64,47,51,224.5,108.5,221.5,219,0
LALakers,Orlando,51,65,47,58,217.5,107.0,221.0,221,0
LAClippers,Philadelphia,41,53,56,53,213.5,109.0,211.5,203,0
Portland,Boston,55,57,53,49,212.0,103.0,214.5,214,0
Toronto,Washington,50,59,59,46,218.5,106.0,216.5,214,0
Chicago,Milwaukee,44,45,48,47,227.0,114.5,224.0,184,0
Detroit,Utah,53,59,57,43,216.5,105.0,218.0,212,0
Memphis,Denver,65,66,59,50,224.5,115.0,218.0,240,1
Houston,GoldenState,54,43,55,56,230.5,111.5,226.0,208,0
OklahomaCity,Cleveland,46,46,54,35,208.0,100.0,207.5,181,0
Sacramento,Milwaukee,62,54,64,80,226.5,110.5,230.5,260,1
Indiana,Phoenix,49,64,53,50,219.0,107.5,217.5,216,0
LAClippers,NewYork,70,57,45,40,204.0,105.0,206.0,212,1
Boston,Washington,56,49,55,43,216.5,109.5,217.5,203,0
Portland,Toronto,48,50,55,66,215.5,104.0,214.5,219,1
Chicago,Orlando,42,48,69,50,215.5,110.5,216.0,209,0
LALakers,Miami,64,57,38,61,212.0,102.5,216.5,220,1
Atlanta,Charlotte,52,47,52,53,233.5,112.5,236.5,204,0
Philadelphia,SanAntonio,52,54,57,61,222.0,108.0,222.0,224,1
Memphis,Dallas,40,42,56,57,219.0,112.0,216.0,195,0
Detroit,Denver,59,61,48,60,217.0,106.0,217.5,228,1
Brooklyn,Minnesota,73,61,63,64,237.0,115.0,239.0,261,1
Utah,GoldenState,62,47,49,28,218.0,112.0,221.5,186,0
NewYork,Cleveland,51,49,45,43,201.5,98.5,203.0,188,0
Indiana,NewOrleans,63,60,39,68,218.0,106.5,214.5,230,1
Utah,Phoenix,52,62,58,52,220.5,112.0,222.5,224,1
Chicago,OklahomaCity,62,44,64,51,218.0,112.0,214.5,221,1
LAClippers,Washington,55,47,67,62,219.0,111.5,216.0,231,1
Denver,Detroit,66,62,54,33,218.5,107.0,219.0,215,0
Charlotte,Toronto,66,71,54,47,220.5,108.0,221.5,238,1
LALakers,Brooklyn,58,57,55,32,225.0,109.5,226.0,202,0
Sacramento,Boston,51,42,59,51,218.0,106.5,219.0,203,0
SanAntonio,Houston,57,60,62,59,234.5,114.5,235.5,238,1
Dallas,GoldenState,49,65,61,47,212.0,105.5,212.0,222,1
Minnesota,Portland,55,63,48,50,234.5,113.5,227.5,216,0
NewOrleans,Philadelphia,44,64,64,52,211.5,108.0,215.5,224,1
LAClippers,Orlando,48,49,57,59,213.0,109.5,210.5,213,1
Milwaukee,Cleveland,61,61,50,42,217.5,111.5,217.5,214,0
Sacramento,Atlanta,54,63,51,57,227.0,110.5,233.0,225,0
Memphis,SanAntonio,59,60,61,48,228.5,116.5,227.5,228,1
NewYork,Miami,46,59,54,47,202.5,98.0,201.0,206,1
Phoenix,Utah,57,41,40,64,223.0,114.5,221.5,202,0
Dallas,Portland,65,62,52,65,217.5,106.0,216.0,244,1
Denver,Brooklyn,57,62,68,55,219.0,106.5,219.0,242,1
Toronto,Chicago,58,59,56,43,220.0,107.5,220.5,216,0
LALakers,Philadelphia,54,48,54,36,216.0,105.5,217.5,192,0
Minnesota,GoldenState,58,60,58,63,229.5,112.5,228.0,239,1
LALakers,Charlotte,52,62,58,59,226.0,109.5,228.5,231,1
Detroit,Orlando,58,60,49,55,215.5,104.5,211.0,222,1
Boston,Atlanta,52,57,48,43,217.5,111.5,218.5,200,0
LAClippers,Miami,47,55,74,59,208.5,107.5,208.5,235,1
Portland,Houston,52,67,57,59,235.0,114.5,232.5,235,1
Utah,Memphis,61,49,56,62,225.0,115.5,224.5,228,1
Chicago,SanAntonio,64,67,58,64,232.0,118.5,228.0,253,1
Minnesota,Phoenix,72,68,53,65,228.5,111.0,230.5,258,1
NewYork,Milwaukee,69,61,51,50,216.5,105.5,214.0,231,1
Denver,NewOrleans,43,55,66,57,222.5,107.0,214.5,221,1
Boston,NewOrleans,42,44,62,56,215.5,109.5,213.5,204,0
Indiana,Dallas,57,75,52,53,216.5,106.0,216.0,237,1
Sacramento,Philadelphia,58,53,53,40,218.5,106.5,221.5,204,0
Washington,Memphis,45,59,55,51,228.0,110.0,227.0,210,0
Toronto,Miami,55,57,48,40,212.0,102.0,208.0,244,1
Brooklyn,GoldenState,51,50,53,62,226.0,109.5,232.0,216,0
LALakers,Atlanta,67,66,59,58,224.0,108.0,226.0,250,1
LAClippers,Charlotte,49,49,62,45,226.0,115.0,225.0,205,0
Portland,Chicago,64,74,58,50,228.0,111.0,229.0,246,1
Cleveland,Detroit,53,51,68,48,207.5,101.0,211.5,220,1
Denver,Milwaukee,63,59,62,52,232.0,113.5,227.0,236,1
Dallas,Orlando,57,66,56,39,212.5,104.0,213.0,218,1
Utah,Minnesota,46,54,67,65,228.0,116.5,227.0,232,1
SanAntonio,Phoenix,54,51,65,55,230.0,111.5,232.0,225,0
NewOrleans,Cleveland,36,41,49,57,207.0,106.0,210.5,183,0
Memphis,Philadelphia,69,52,43,58,217.5,112.5,219.0,241,1
Sacramento,NewYork,54,41,55,62,212.0,102.0,214.5,212,0
Miami,Boston,41,58,65,50,208.5,101.0,209.5,214,1
GoldenState,Houston,48,65,52,65,231.5,113.0,230.5,230,0
Portland,OklahomaCity,50,36,40,53,214.5,103.5,218.5,179,0
Toronto,Atlanta,49,56,47,54,212.5,104.0,219.0,206,0
NewOrleans,Detroit,64,58,49,41,218.0,111.0,214.5,212,0
Washington,Milwaukee,44,49,58,59,228.5,110.5,225.5,210,0
Denver,Minnesota,58,62,58,67,228.5,110.5,232.0,245,1
Orlando,Chicago,67,66,64,44,223.0,115.5,220.5,241,1
GoldenState,SanAntonio,66,64,63,51,219.0,107.5,226.5,244,1
Brooklyn,Phoenix,68,55,50,59,230.0,113.0,227.0,232,1
Miami,Toronto,54,58,51,53,210.5,103.0,210.5,216,1
Washington,Philadelphia,57,56,47,49,209.0,103.0,216.5,209,0
Orlando,Indiana,62,58,54,63,225.0,115.5,219.5,237,1
Charlotte,Boston,49,58,59,54,225.0,109.0,220.5,220,0
Memphis,NewYork,62,54,55,57,218.0,111.0,217.0,228,1
Cleveland,Houston,63,54,56,46,217.5,105.5,219.5,219,0
OklahomaCity,Dallas,58,44,59,45,207.0,101.5,208.5,234,1
Denver,Utah,58,63,40,51,216.0,106.0,226.0,212,0
Brooklyn,Sacramento,55,61,53,44,231.0,112.0,230.5,213,0
Portland,LALakers,44,63,40,46,225.0,108.0,222.0,193,0
Minnesota,Detroit,63,69,65,48,226.5,110.5,225.5,245,1
Phoenix,Atlanta,62,63,66,48,229.0,116.5,223.5,239,1
LALakers,LAClippers,54,60,62,45,218.5,111.0,217.5,221,1
Sacramento,GoldenState,57,70,50,63,224.5,107.5,221.0,240,1
Chicago,Toronto,50,54,64,60,223.0,112.5,223.0,247,1
Miami,SanAntonio,40,64,50,53,223.5,108.0,220.5,207,0
Cleveland,Charlotte,53,45,43,62,216.5,105.0,218.5,203,0
Boston,Detroit,44,33,57,61,215.5,109.0,214.0,195,0
Chicago,Indiana,73,54,56,54,228.5,115.5,231.5,237,1
Atlanta,Toronto,67,52,63,57,221.0,107.5,216.5,239,1
Houston,SanAntonio,58,53,63,63,237.0,113.5,234.5,237,1
Philadelphia,Dallas,57,59,47,42,210.5,102.5,212.5,205,0
Brooklyn,Utah,57,58,63,49,228.0,110.0,228.5,227,0
NewOrleans,Denver,56,47,61,54,221.5,114.0,222.5,218,0
OklahomaCity,Portland,40,56,55,38,213.5,102.5,214.0,189,0
Memphis,Orlando,61,71,57,61,226.0,115.5,223.5,250,1
Phoenix,Washington,54,37,45,39,218.5,111.5,223.0,175,0
Miami,Charlotte,54,43,43,50,227.0,110.0,224.5,190,0
NewYork,LALakers,71,56,44,51,215.5,105.0,213.0,237,1
OklahomaCity,Sacramento,66,55,47,48,211.0,103.0,216.5,216,0
Milwaukee,Portland,60,64,58,63,230.0,117.5,227.0,245,1
Detroit,Minnesota,50,61,51,61,231.0,112.0,229.5,223,0
Philadelphia,Chicago,60,53,57,57,220.0,106.5,219.5,227,1
Brooklyn,Denver,79,72,47,30,228.0,111.0,229.5,228,0
Indiana,Cleveland,39,44,46,54,212.5,102.5,216.5,183,0
Atlanta,Dallas,55,49,52,41,223.5,107.5,218.5,197,0
Boston,Orlando,36,52,51,60,215.0,108.5,216.0,199,0
NewOrleans,Houston,47,56,61,63,226.5,116.5,231.0,227,0
Milwaukee,LAClippers,60,51,69,70,227.0,115.5,227.0,250,1
Miami,Washington,63,50,48,60,207.5,101.5,212.5,221,1
Phoenix,Chicago,65,51,69,66,228.5,115.5,228.0,251,1
GoldenState,OklahomaCity,43,59,55,51,210.0,103.5,212.5,208,0
NewYork,Utah,56,60,52,49,218.5,106.0,213.5,217,1
Phoenix,Philadelphia,54,60,53,56,217.5,111.0,216.5,223,1
Boston,Brooklyn,51,61,56,49,213.5,109.5,216.5,217,1
Indiana,Atlanta,62,64,55,64,227.5,111.0,226.5,245,1
Houston,NewOrleans,65,52,45,45,224.5,110.0,229.0,207,0
LAClippers,Memphis,65,60,53,66,226.5,116.0,228.0,244,1
Detroit,Dallas,62,54,53,33,212.0,103.5,213.5,202,0
NewYork,Denver,76,67,62,42,221.0,107.5,217.5,247,1
Milwaukee,LALakers,62,72,60,53,234.5,118.5,230.0,247,1
Orlando,Portland,60,49,53,46,222.0,113.5,224.5,208,0
Minnesota,Sacramento,70,70,52,56,235.0,114.5,233.5,248,1
SanAntonio,Cleveland,59,46,52,40,217.5,104.0,218.0,197,0
Chicago,Charlotte,57,46,62,65,237.0,119.0,230.5,230,0
Toronto,OklahomaCity,56,54,49,56,205.0,101.5,210.0,215,1
Minnesota,Sacramento,66,69,65,51,236.5,115.0,233.5,251,1
LALakers,Portland,36,65,53,58,221.5,107.5,225.0,212,0
GoldenState,Utah,61,43,40,52,226.0,109.0,221.0,196,0
Memphis,Detroit,60,55,60,64,225.0,114.5,225.5,239,1
Brooklyn,Washington,51,63,50,61,218.5,106.5,218.5,225,1
Miami,NewOrleans,51,60,45,53,217.5,106.0,217.0,209,0
Toronto,Houston,78,59,59,63,224.0,109.5,226.5,259,1
LAClippers,Dallas,64,45,61,47,215.0,111.0,216.0,217,1
Milwaukee,Phoenix,65,55,54,64,233.5,118.0,232.5,238,1
NewYork,GoldenState,61,58,51,60,216.5,105.5,218.0,230,1
OklahomaCity,Philadelphia,48,39,51,49,206.0,100.5,208.5,187,0
Cleveland,Indiana,75,62,47,49,215.5,104.5,215.0,233,1
Charlotte,Detroit,65,69,63,63,227.5,111.5,225.5,260,1
Denver,Boston,62,49,44,55,218.5,105.5,217.5,210,0
SanAntonio,Atlanta,72,57,61,67,233.0,112.0,232.0,257,1
Orlando,Utah,40,43,68,62,223.0,114.0,221.5,213,0
NewYork,Portland,43,58,68,46,216.5,105.5,218.5,215,0
Memphis,Charlotte,51,66,57,69,239.5,122.0,233.0,243,1
SanAntonio,NewOrleans,70,42,68,58,229.5,111.5,225.0,238,1
Sacramento,Washington,53,71,56,53,226.0,109.0,221.5,233,1
Cleveland,Philadelphia,59,50,42,45,209.5,102.0,206.5,196,0
Denver,Toronto,56,57,56,50,221.5,107.0,222.5,219,0
OklahomaCity,Chicago,51,53,57,46,216.5,106.0,220.0,207,0
Brooklyn,Miami,52,70,45,59,223.0,108.5,220.5,226,1
LAClippers,Dallas,49,48,40,59,213.0,109.0,215.0,196,0
LALakers,GoldenState,58,69,62,43,227.0,111.0,225.5,232,1
Orlando,Phoenix,62,58,58,59,222.5,114.5,225.0,237,1
Atlanta,Boston,45,55,65,35,223.5,108.0,220.5,200,0
Minnesota,Indiana,70,66,64,49,239.0,116.5,235.5,249,1
Detroit,Washington,46,54,65,32,217.0,105.5,218.5,197,0
OklahomaCity,NewYork,60,63,62,39,206.5,102.0,206.5,250,1
Sacramento,Brooklyn,59,44,43,48,229.5,111.0,224.5,194,0
Portland,Milwaukee,61,64,47,57,225.5,108.5,232.0,229,0
Toronto,NewOrleans,46,58,59,47,219.5,106.0,222.0,210,0
SanAntonio,Chicago,56,60,56,57,234.5,114.0,233.5,229,0
Orlando,Denver,43,50,62,77,222.5,113.5,225.0,232,1
Houston,Utah,60,71,47,58,233.0,113.0,229.5,236,1
GoldenState,LAClippers,71,49,52,51,218.5,107.5,222.5,223,1
Boston,Philadelphia,54,57,48,63,209.0,108.0,211.0,222,1
Dallas,Miami,51,59,49,47,211.0,103.5,221.0,206,0
Cleveland,Atlanta,70,57,57,56,221.5,108.0,221.0,240,1
Indiana,Milwaukee,61,71,61,54,239.0,115.5,232.0,247,1
Memphis,NewOrleans,64,54,58,54,225.0,115.5,227.5,230,1
Charlotte,Minnesota,51,59,55,51,244.0,118.0,244.0,246,1
LAClippers,Phoenix,48,52,53,46,223.0,114.5,222.0,199,0
Atlanta,Orlando,62,63,61,53,227.5,110.0,227.5,239,1
Brooklyn,NewYork,56,53,51,57,215.0,104.5,217.5,217,0
Detroit,Boston,48,52,67,56,213.0,104.0,215.5,223,1
Sacramento,Chicago,63,61,54,65,232.5,113.0,233.0,243,1
SanAntonio,OklahomaCity,63,68,39,50,218.5,107.0,218.5,220,1
Portland,Memphis,68,57,59,58,230.5,111.5,227.5,242,1
Toronto,Minnesota,53,47,46,48,228.0,110.0,230.5,194,0
Houston,Phoenix,59,67,58,61,234.5,113.5,234.0,245,1
Utah,LALakers,54,45,51,57,226.0,113.0,227.0,207,0
Miami,Charlotte,67,34,34,39,227.0,109.0,225.5,218,0
Washington,Brooklyn,54,52,50,64,214.0,104.0,217.5,220,1
Dallas,NewOrleans,72,57,57,57,217.0,106.0,215.5,243,1
Philadelphia,Milwaukee,51,79,63,50,222.5,107.5,223.0,243,1
Houston,LAClippers,63,67,56,67,227.0,110.5,228.5,253,1
Cleveland,Detroit,60,47,55,47,209.0,103.0,211.0,209,0
Boston,Brooklyn,57,62,52,64,213.5,110.0,213.5,235,1
Atlanta,Chicago,43,59,62,56,240.5,116.0,234.5,220,0
Phoenix,OklahomaCity,45,48,69,66,221.0,113.5,214.0,228,1
Memphis,Minnesota,52,57,58,66,240.0,122.5,239.0,233,0
GoldenState,Portland,63,64,46,54,226.0,109.5,223.0,227,1
Houston,Orlando,60,49,60,61,235.0,114.5,228.5,230,1
OklahomaCity,Indiana,65,65,55,61,226.5,110.0,216.0,254,1
Toronto,Charlotte,47,70,41,60,225.0,108.0,225.5,218,0
SanAntonio,Washington,63,83,55,59,226.0,111.0,225.0,310,1
Miami,NewYork,62,58,55,40,212.0,103.5,211.0,215,1
Philadelphia,Minnesota,59,55,52,69,230.0,111.0,227.0,235,1
Dallas,Utah,65,62,48,48,216.5,105.0,215.0,223,1
NewOrleans,Phoenix,53,50,73,43,229.0,117.0,224.0,219,0
LAClippers,LALakers,46,58,46,57,221.5,113.0,223.5,207,0
Boston,Detroit,56,54,50,57,216.5,111.0,215.0,217,1
Toronto,Atlanta,69,55,54,49,225.0,111.0,225.5,227,1
SanAntonio,Miami,68,51,77,66,223.5,108.5,224.0,262,1
Washington,Cleveland,41,41,54,42,206.5,100.0,209.0,178,0
Memphis,Chicago,53,58,61,54,237.5,120.5,236.0,226,0
Brooklyn,Milwaukee,57,55,77,60,238.5,114.5,234.0,249,1
Sacramento,Denver,68,50,52,55,237.0,115.0,235.5,225,0
Philadelphia,NewYork,73,48,59,54,219.0,107.0,215.5,234,1
Utah,Phoenix,64,52,67,49,226.0,115.0,227.5,232,1
Boston,Indiana,57,64,54,60,226.5,115.5,223.5,235,1
Detroit,Charlotte,59,53,54,66,229.0,111.0,226.5,253,1
LAClippers,Houston,47,49,58,43,230.5,117.0,229.5,197,0
Dallas,GoldenState,61,47,54,46,217.5,106.5,219.5,208,0
NewOrleans,LALakers,44,47,69,58,226.0,115.0,225.5,218,0
Indiana,Orlando,63,48,54,57,233.0,112.5,229.5,222,0
Minnesota,Cleveland,63,62,64,60,217.5,106.0,222.0,249,1
Toronto,Brooklyn,69,50,50,61,216.5,105.5,222.0,230,1
Chicago,Miami,51,50,57,53,222.5,113.0,227.0,211,0
SanAntonio,Memphis,76,50,55,42,239.5,116.5,234.5,223,0
Charlotte,Milwaukee,64,65,55,52,238.0,115.0,242.0,236,0
Sacramento,OklahomaCity,67,51,71,52,228.0,110.5,223.5,241,1
Detroit,Washington,51,76,45,57,217.5,107.0,217.5,229,1
Atlanta,Boston,47,69,44,45,226.5,109.5,222.5,205,0
Brooklyn,Toronto,57,57,56,47,218.5,106.5,218.5,217,0
LAClippers,Houston,56,43,65,49,227.0,117.0,228.5,213,0
Dallas,LALakers,55,72,45,41,218.5,106.0,217.5,213,0
Charlotte,Cleveland,69,44,63,41,220.0,106.5,215.5,217,1
Indiana,Orlando,53,67,47,53,232.5,113.5,231.5,236,1
NewYork,Philadelphia,58,59,57,57,223.5,108.5,221.0,231,1
Miami,Milwaukee,64,66,60,49,225.0,109.0,227.0,239,1
Sacramento,NewOrleans,64,62,52,42,235.0,114.0,232.5,220,0
Utah,Houston,45,74,57,58,229.0,117.5,232.0,259,1
OklahomaCity,Denver,48,64,53,61,225.5,109.0,225.5,226,1
Portland,Phoenix,57,54,50,49,224.5,110.5,228.0,210,0
Chicago,Atlanta,64,55,63,72,236.0,119.5,231.5,254,1
Miami,Brooklyn,58,69,45,48,223.5,108.5,221.0,220,0
Detroit,Toronto,53,64,51,46,219.0,106.5,216.5,214,0
Memphis,Boston,46,46,63,72,223.0,114.5,224.0,227,1
Sacramento,SanAntonio,57,58,55,57,243.0,116.5,237.5,227,0
GoldenState,Dallas,65,57,68,45,221.0,107.5,219.0,235,1
LALakers,LAClippers,67,62,58,56,220.5,107.5,218.5,243,1
Cleveland,Philadelphia,73,61,62,48,216.0,106.0,219.5,244,1
Indiana,Detroit,71,56,50,40,230.5,111.5,230.5,217,0
Atlanta,Washington,58,69,50,54,224.5,109.5,221.5,231,1
Milwaukee,Chicago,50,60,59,61,240.5,122.0,238.0,230,0
Orlando,Toronto,50,37,45,68,219.5,112.0,230.5,200,0
Utah,NewOrleans,52,51,55,56,223.0,112.5,226.5,214,0
Minnesota,OklahomaCity,66,71,58,44,230.5,112.5,230.5,239,1
Houston,Denver,51,46,60,60,233.5,112.0,232.5,217,0
NewYork,Phoenix,50,63,61,55,221.5,107.5,224.5,229,1
Sacramento,Dallas,62,54,61,50,220.5,107.0,221.5,227,1
SanAntonio,Charlotte,61,61,74,44,237.0,115.5,241.5,240,0
Orlando,Memphis,60,53,58,49,229.0,116.5,231.5,220,0
Philadelphia,Miami,36,58,47,40,214.0,103.5,220.5,181,0
Portland,Minnesota,66,61,83,46,235.0,113.5,232.5,256,1
GoldenState,LALakers,57,72,54,57,229.0,111.5,224.5,240,1
Brooklyn,Boston,63,55,61,67,226.0,110.5,224.5,246,1
Phoenix,Milwaukee,63,60,58,73,231.5,117.5,231.5,254,1
Indiana,Washington,56,62,65,73,226.5,110.5,227.5,256,1
Utah,OklahomaCity,57,49,61,52,221.0,113.0,223.5,219,0
Memphis,Houston,61,53,70,51,238.0,121.0,237.5,235,0
Toronto,Cleveland,59,46,30,65,210.5,102.5,210.5,200,0
NewOrleans,Denver,54,65,59,70,229.0,117.5,228.0,268,1
NewYork,LAClippers,47,52,49,61,221.0,108.5,217.0,209,0
Chicago,Philadelphia,69,43,53,62,233.5,119.5,229.5,227,0
Atlanta,Detroit,59,56,39,48,229.5,111.0,225.5,223,0
Houston,Miami,57,63,48,61,224.5,108.5,226.0,229,1
Portland,Minnesota,46,49,55,55,229.0,111.5,235.0,205,0
LALakers,SanAntonio,53,65,69,40,233.0,113.0,233.5,227,0
Utah,Dallas,54,55,44,61,216.0,110.0,217.0,214,0
GoldenState,Denver,71,69,65,50,221.0,108.0,223.5,255,1
NewYork,Sacramento,50,61,68,67,231.5,114.0,228.5,246,1
Brooklyn,Charlotte,54,58,72,69,239.5,116.0,239.5,253,1
Phoenix,Orlando,50,46,54,51,221.5,113.5,224.5,201,0
Cleveland,Indiana,56,70,62,63,221.5,108.0,221.5,251,1
NewOrleans,Memphis,78,57,61,47,230.0,118.0,231.0,243,1
Milwaukee,OklahomaCity,73,68,57,59,232.0,118.5,230.5,257,1
LAClippers,GoldenState,42,48,57,62,225.0,114.5,219.0,209,0
Chicago,Detroit,51,58,66,47,229.0,117.5,226.0,222,0
Boston,Charlotte,51,49,65,51,224.5,114.5,227.0,216,0
Phoenix,Miami,56,56,53,36,219.5,112.5,215.5,201,0
Atlanta,Milwaukee,63,59,57,60,241.0,117.5,236.5,239,1
LALakers,Houston,70,61,64,45,236.5,115.5,235.0,269,1
Orlando,NewOrleans,47,50,57,56,221.5,113.5,223.0,210,0
OklahomaCity,Minnesota,53,68,59,54,235.5,114.5,230.0,234,1
Toronto,SanAntonio,63,56,56,48,228.5,111.0,227.5,223,0
NewYork,Dallas,48,47,53,36,217.0,104.0,215.0,184,0
Portland,Utah,48,50,47,63,223.5,107.5,217.0,208,0
Washington,LAClippers,57,55,56,56,217.5,106.5,219.5,224,1
Brooklyn,Philadelphia,63,60,49,57,236.5,114.0,230.0,229,0
GoldenState,Denver,59,52,61,43,230.0,112.0,222.5,215,0
Minnesota,Orlando,60,65,65,38,232.5,113.5,233.5,228,0
Detroit,Boston,66,57,59,35,215.5,106.0,215.0,217,1
LAClippers,Atlanta,57,62,56,43,225.5,116.0,227.5,218,0
Dallas,Houston,54,57,57,45,227.0,109.5,225.5,213,0
NewYork,Memphis,64,53,66,49,229.0,111.0,230.0,232,1
Cleveland,Miami,46,69,42,65,210.0,102.0,209.0,222,1
Charlotte,NewOrleans,49,67,69,77,225.5,110.5,231.0,262,1
Utah,SanAntonio,63,46,29,68,228.5,116.5,230.0,206,0
Toronto,Phoenix,54,54,70,51,221.5,110.0,223.0,229,1
Washington,LALakers,52,59,60,60,229.5,111.5,226.5,231,1
Indiana,SanAntonio,60,75,44,48,239.5,116.5,235.0,227,0
Minnesota,Miami,55,67,53,42,230.5,112.5,225.5,217,0
Cleveland,Chicago,46,49,48,49,217.0,105.5,221.0,192,0
Sacramento,Utah,79,59,50,71,229.5,112.0,232.0,259,1
Toronto,Denver,53,75,64,50,221.0,108.0,225.5,242,1
Washington,Portland,64,62,68,51,220.5,106.5,219.0,245,1
NewYork,Brooklyn,65,57,49,46,225.0,109.5,224.5,217,0
LAClippers,Detroit,40,52,50,66,217.5,111.0,217.5,208,0
Dallas,Boston,38,47,64,38,213.0,103.0,217.0,187,0
Philadelphia,Orlando,53,53,48,54,221.5,107.5,223.0,230,1
Memphis,OklahomaCity,64,51,59,69,229.0,116.5,229.5,243,1
Indiana,Atlanta,65,71,61,62,237.5,114.5,236.0,259,1
Houston,NewOrleans,61,62,47,65,231.5,113.5,228.0,235,1
LALakers,Phoenix,70,65,74,42,232.5,113.5,228.0,251,1
LAClippers,Cleveland,60,53,55,44,214.0,110.5,211.5,231,1
Portland,Atlanta,63,62,48,62,231.0,111.5,233.5,235,1
Denver,Philadelphia,59,52,58,55,224.0,109.0,221.5,224,1
Charlotte,OklahomaCity,70,59,64,57,230.0,111.0,231.0,250,1
Minnesota,SanAntonio,72,76,79,61,241.5,118.0,237.5,288,1
Washington,GoldenState,63,67,55,53,227.0,110.5,226.0,238,1
Chicago,Sacramento,44,62,59,50,236.5,119.0,235.5,215,0
Milwaukee,Utah,76,51,55,46,232.0,117.5,236.0,228,0
Toronto,LALakers,45,53,64,55,226.5,109.0,224.5,217,0
Brooklyn,Orlando,78,64,63,53,232.0,112.5,231.0,258,1
Memphis,Indiana,57,66,51,63,236.0,120.0,233.0,237,1
Detroit,Miami,51,57,33,62,213.5,104.5,216.5,203,0
Phoenix,NewOrleans,62,64,57,63,231.5,117.5,225.0,246,1
Atlanta,Charlotte,62,67,41,52,240.5,117.0,237.5,222,0
Denver,Washington,62,63,60,51,230.0,111.5,228.5,236,1
Philadelphia,Cleveland,53,78,44,57,220.0,107.5,218.0,232,1
Portland,NewYork,66,55,47,58,222.5,108.5,224.5,226,1
Dallas,Brooklyn,53,66,51,54,222.5,108.0,220.5,224,1
Phoenix,Houston,66,51,60,64,236.5,120.0,235.5,241,1
LALakers,Minnesota,48,65,50,65,242.0,117.0,237.0,228,0
OklahomaCity,SanAntonio,66,58,65,53,233.5,113.5,235.0,242,1
Chicago,Utah,54,49,67,65,224.5,115.0,225.5,235,1
Milwaukee,Sacramento,59,70,64,68,241.5,123.0,240.0,261,1
Boston,GoldenState,40,40,68,50,220.0,112.0,221.5,198,0
Toronto,LAClippers,54,44,54,51,214.5,104.0,218.0,203,0
Detroit,Orlando,76,59,65,54,219.5,106.5,219.0,254,1
Dallas,Philadelphia,53,58,49,52,216.5,105.5,221.5,212,0
Denver,Cleveland,60,55,50,49,226.0,109.5,220.5,235,1
Portland,Brooklyn,67,70,65,49,228.0,111.0,225.5,251,1
LALakers,Toronto,63,51,63,55,226.0,109.0,224.5,251,1
Memphis,Atlanta,61,54,48,62,232.5,117.5,236.0,225,0
Washington,NewYork,50,51,40,56,225.5,108.5,224.0,197,0
Indiana,Houston,60,57,61,61,243.5,117.5,239.5,239,0
OklahomaCity,Miami,53,70,59,46,218.5,106.5,220.0,228,1
NewOrleans,SanAntonio,45,52,55,63,237.0,120.0,235.0,215,0
LAClippers,Utah,50,55,48,60,213.0,109.5,220.0,213,0
Boston,Sacramento,58,57,56,52,221.0,112.0,226.5,223,0
Chicago,Phoenix,57,52,58,64,232.0,118.0,231.0,231,0
Milwaukee,Minnesota,62,62,64,69,242.5,124.0,242.0,257,1
Dallas,Charlotte,59,54,69,55,224.0,108.5,225.5,237,1
Detroit,Cleveland,55,60,48,59,218.0,106.5,215.0,222,1
LALakers,Washington,62,63,67,54,230.0,112.0,231.0,246,1
Memphis,Houston,51,49,55,65,237.0,120.5,232.5,220,0
Portland,Indiana,57,60,59,51,237.0,114.5,232.5,227,0
Phoenix,Sacramento,48,60,62,50,230.5,117.0,231.5,251,1
NewOrleans,Atlanta,53,57,57,62,235.0,119.5,232.5,229,0
OklahomaCity,Orlando,56,32,38,49,221.0,107.5,227.0,175,0
Utah,NewYork,57,56,45,43,224.0,113.5,222.5,201,0
Boston,Denver,60,51,62,55,221.5,113.0,221.5,228,1
SanAntonio,GoldenState,58,62,47,51,225.5,108.5,229.0,218,0
Toronto,Philadelphia,64,47,32,38,219.0,106.0,223.5,181,0
Portland,Detroit,51,68,65,50,222.5,107.5,224.0,234,1
LALakers,Cleveland,63,66,64,58,228.0,111.0,222.0,251,1
Miami,Philadelphia,58,55,45,61,210.0,102.5,216.5,219,1
NewOrleans,Charlotte,41,51,70,47,236.5,119.5,234.5,209,0
Utah,Brooklyn,53,51,62,54,229.5,117.5,229.0,220,0
Toronto,Chicago,54,55,48,55,219.0,106.0,225.5,212,0
Boston,OklahomaCity,59,57,76,63,216.0,111.5,215.5,255,1
Washington,Houston,65,49,49,49,233.5,113.0,234.5,212,0
Minnesota,Dallas,52,62,53,51,228.5,112.0,230.0,218,0
GoldenState,Orlando,42,42,55,45,216.0,104.5,218.5,184,0
Atlanta,NewYork,64,58,54,52,226.0,110.5,226.0,228,1
Chicago,Milwaukee,53,49,58,64,234.5,119.5,231.0,224,0
LAClippers,Denver,64,69,54,55,222.5,115.0,223.0,242,1
Atlanta,Detroit,57,53,61,52,227.5,110.5,224.5,223,0
Sacramento,Indiana,71,56,47,45,233.5,114.0,238.0,219,0
NewYork,Charlotte,64,61,61,41,226.0,108.5,227.0,227,0
GoldenState,Miami,46,54,61,61,209.5,102.5,215.0,222,1
Brooklyn,Memphis,72,66,69,45,237.5,114.5,236.5,252,1
Utah,Boston,63,50,48,61,215.5,110.5,221.5,222,1
Phoenix,Minnesota,55,60,56,70,239.0,120.5,236.0,241,1
Houston,Dallas,46,59,49,47,218.5,106.5,227.0,201,0
Philadelphia,LALakers,57,56,71,63,226.0,110.0,228.5,247,1
SanAntonio,Portland,72,62,61,34,231.0,112.5,233.5,229,0
Cleveland,Toronto,42,64,52,63,214.0,103.5,214.0,221,1
Washington,Milwaukee,45,57,56,58,228.5,111.0,233.5,216,0
Chicago,NewOrleans,70,55,46,64,223.5,115.0,228.5,235,1
Indiana,Memphis,67,55,56,58,236.0,114.5,235.5,236,1
Phoenix,Denver,62,72,76,60,232.0,118.5,231.0,270,1
Utah,Charlotte,47,58,50,53,227.5,116.0,231.5,208,0
Washington,Detroit,49,55,45,48,223.0,106.5,219.0,197,0
GoldenState,Atlanta,78,58,48,47,223.0,109.5,221.0,231,1
Dallas,Minnesota,48,63,45,55,228.0,111.0,227.5,211,0
NewYork,Miami,57,50,54,53,214.0,103.5,215.5,214,0
Houston,Portland,57,62,59,53,234.0,114.0,235.5,231,0
Philadelphia,LAClippers,54,53,57,55,218.0,106.5,222.0,219,0
SanAntonio,NewOrleans,54,61,53,42,230.5,111.5,234.0,210,0
Sacramento,Orlando,69,59,37,45,220.5,108.0,224.0,224,0
Indiana,Toronto,62,58,46,56,223.0,108.0,227.0,222,0
Brooklyn,Miami,52,61,51,41,231.5,112.5,227.0,205,0
Milwaukee,Memphis,60,45,72,52,233.5,119.0,225.5,229,1
Chicago,Cleveland,44,44,50,54,223.0,112.0,220.5,192,0
OklahomaCity,Denver,57,50,56,57,229.0,111.5,225.5,220,0
Houston,Portland,52,68,43,50,232.5,114.5,232.0,213,0
NewYork,Detroit,56,50,53,47,218.5,106.5,220.0,206,0
Minnesota,Boston,64,57,65,60,230.0,112.5,227.0,246,1
GoldenState,Washington,52,58,63,65,217.0,105.0,221.5,238,1
Philadelphia,Phoenix,76,48,53,41,226.5,110.0,229.5,218,0
LALakers,NewOrleans,54,64,66,40,233.5,112.5,228.0,224,0
Charlotte,Brooklyn,58,58,66,47,238.0,115.0,237.5,229,0
Utah,Dallas,50,67,52,45,217.0,110.5,222.0,214,0
Denver,Charlotte,62,51,64,45,232.0,112.5,232.5,222,0
Orlando,Cleveland,49,64,48,47,216.5,111.5,215.0,208,0
Atlanta,Indiana,74,63,55,63,236.5,114.5,234.5,255,1
Sacramento,Miami,50,48,63,62,217.5,105.0,220.0,223,1
Chicago,NewYork,52,51,53,57,218.0,112.0,223.5,213,0
Boston,Toronto,68,49,43,52,212.0,109.5,220.0,227,1
GoldenState,Memphis,36,64,62,56,221.0,107.5,225.0,218,0
SanAntonio,Houston,70,52,58,63,233.0,114.5,238.0,243,1
OklahomaCity,Portland,62,57,51,60,220.5,108.0,223.0,265,1
Chicago,Washington,51,46,51,53,223.5,113.0,226.5,201,0
LALakers,Dallas,68,70,59,41,219.5,108.0,222.0,238,1
Detroit,Brooklyn,68,54,68,63,233.5,113.0,228.5,253,1
Utah,LAClippers,46,63,67,60,217.0,111.0,213.5,236,1
Denver,Indiana,58,64,60,61,237.5,114.0,232.5,243,1
Dallas,Cleveland,64,64,61,43,215.0,105.0,215.0,232,1
Orlando,Washington,63,51,51,72,219.0,112.0,223.0,237,1
Minnesota,Toronto,50,72,57,48,229.0,112.5,228.5,227,0
Miami,Boston,54,51,57,42,213.0,104.5,214.0,204,0
Sacramento,Houston,67,71,69,32,231.0,113.5,236.5,239,1
Atlanta,OklahomaCity,66,77,61,50,228.5,111.5,229.5,254,1
Memphis,SanAntonio,58,59,62,44,234.0,119.0,31.0,223,1
NewOrleans,Portland,68,37,62,57,225.5,115.5,228.0,224,0
Phoenix,GoldenState,61,37,54,58,222.0,114.0,225.5,210,0
Philadelphia,Detroit,45,59,48,44,225.5,109.0,223.0,196,0
Milwaukee,Brooklyn,53,63,57,47,243.5,124.0,238.0,239,1
Cleveland,Atlanta,64,55,56,63,229.0,109.5,220.5,238,1
LAClippers,Chicago,54,55,65,62,221.0,112.5,223.0,265,1
LALakers,Utah,62,59,63,47,228.0,111.5,225.0,231,1
Dallas,Washington,71,49,52,66,216.5,105.0,220.0,238,1
Toronto,Orlando,52,53,43,43,217.0,105.5,218.5,191,0
Indiana,Boston,65,64,58,64,227.0,110.5,221.5,251,1
Sacramento,Houston,67,52,58,62,235.0,113.5,231.5,239,1
LAClippers,Milwaukee,64,71,67,70,217.5,112.0,32.5,272,1
Detroit,OklahomaCity,41,66,42,62,222.0,108.0,219.5,211,0
Phoenix,Memphis,57,47,63,69,229.0,116.5,227.5,236,1
Portland,SanAntonio,63,63,56,59,230.5,111.5,231.0,241,1
Minnesota,Denver,75,60,57,74,242.0,116.5,233.5,266,1
NewOrleans,LALakers,55,45,73,52,229.5,117.5,231.5,225,0
Charlotte,Philadelphia,55,56,72,75,229.5,112.0,231.5,258,1
Cleveland,NewYork,69,59,59,33,221.0,106.0,214.5,220,1
Brooklyn,Atlanta,58,57,66,56,243.0,118.0,242.5,237,0
Miami,Chicago,61,62,54,59,216.5,105.5,220.0,236,1
Utah,GoldenState,53,50,65,50,219.0,112.0,219.5,218,0
Dallas,Milwaukee,58,54,65,53,227.0,110.0,227.5,230,1
Washington,Boston,57,72,54,63,222.5,109.5,220.5,246,1
Denver,LALakers,52,71,66,58,231.5,113.0,231.0,247,1
Detroit,Indiana,72,56,61,49,233.0,113.5,232.0,238,1
Philadelphia,Cleveland,44,60,57,59,225.0,109.0,227.5,220,0
NewYork,Orlando,49,55,52,50,216.0,105.5,216.0,206,0
Phoenix,OklahomaCity,47,58,54,54,221.5,114.0,226.5,213,0
Portland,SanAntonio,49,55,50,51,231.5,110.5,231.5,205,0
Miami,Toronto,62,38,57,66,214.5,104.0,214.0,223,1
Minnesota,Houston,74,74,60,63,246.5,119.5,244.0,271,1
GoldenState,Sacramento,42,62,44,51,221.0,107.0,224.0,199,0
NewOrleans,LAClippers,68,42,53,56,223.0,115.0,223.5,219,0
Cleveland,Orlando,71,49,57,58,221.5,106.5,214.5,235,1
Philadelphia,Indiana,64,77,65,47,235.0,113.5,231.0,253,1
Atlanta,Toronto,58,50,64,54,226.5,109.5,226.5,226,0
Houston,Brooklyn,55,56,53,59,244.5,117.5,244.5,223,0
Charlotte,Miami,61,69,69,60,225.0,109.5,224.5,259,1
Washington,Minnesota,73,60,61,52,239.0,117.0,233.5,246,1
Milwaukee,Chicago,46,58,74,55,231.0,118.0,228.5,233,1
Portland,OklahomaCity,56,46,47,43,220.5,107.0,223.0,192,0
SanAntonio,Denver,62,46,56,49,234.5,113.0,237.0,213,0
Memphis,Utah,43,57,66,54,226.5,114.5,221.0,236,1
NewOrleans,Sacramento,52,65,62,53,224.5,116.0,227.0,232,1
LALakers,Phoenix,59,62,57,53,234.5,114.0,232.5,231,0
Dallas,Detroit,66,57,62,59,218.5,106.5,220.5,244,1
Brooklyn,NewYork,54,63,37,54,229.5,110.5,230.5,208,0
Washington,Atlanta,71,61,46,43,235.5,114.5,231.5,221,0
Boston,Chicago,51,67,40,53,225.5,114.5,223.0,211,0
OklahomaCity,Utah,72,57,62,47,215.0,105.5,223.0,238,1
Phoenix,LAClippers,48,43,57,74,223.0,113.5,228.0,222,0
Orlando,Charlotte,58,62,59,50,230.5,118.5,227.0,229,1
Boston,Milwaukee,65,63,71,49,227.0,116.5,226.5,248,1
Philadelphia,Toronto,59,57,56,61,219.5,107.0,215.0,233,1
SanAntonio,Minnesota,65,56,58,69,239.0,116.0,238.0,248,1
Portland,NewOrleans,61,56,60,44,223.0,107.5,222.5,221,0
Memphis,Denver,64,59,60,48,234.5,119.0,233.0,231,0
LALakers,GoldenState,59,68,48,65,219.0,107.5,224.0,240,1
Milwaukee,Detroit,38,56,64,74,232.0,117.0,228.5,232,1
Houston,Toronto,56,67,57,52,228.0,111.5,228.5,232,1
Cleveland,Brooklyn,53,63,55,54,233.0,112.5,228.5,225,0
Atlanta,Miami,46,71,61,44,231.0,113.0,229.5,222,0
Charlotte,Chicago,69,61,64,56,236.5,114.0,227.5,250,1
Portland,Dallas,49,63,64,30,222.0,108.0,221.0,206,0
Phoenix,Utah,54,57,56,49,229.0,118.0,226.5,216,0
OklahomaCity,LALakers,55,53,64,49,225.0,110.0,229.5,221,0
Indiana,Philadelphia,60,60,70,63,237.0,114.0,231.0,253,1
Sacramento,LAClippers,47,57,59,52,224.5,109.5,227.5,215,0
NewOrleans,Memphis,48,63,88,56,229.5,117.5,232.5,255,1
GoldenState,SanAntonio,44,54,51,45,218.5,106.0,222.5,194,0
Boston,Memphis,57,64,62,66,224.0,114.0,227.5,249,1
Chicago,Minnesota,54,63,67,60,229.5,117.5,231.5,244,1
Miami,Orlando,62,65,62,47,218.0,106.5,221.5,236,1
OklahomaCity,LAClippers,57,60,45,64,216.5,107.5,220.5,226,1
Indiana,Brooklyn,70,66,61,63,245.0,120.0,234.5,260,1
Utah,Portland,35,57,42,57,220.0,113.0,230.5,191,0
SanAntonio,Dallas,57,61,61,71,225.5,109.5,224.5,250,1
Sacramento,Phoenix,57,61,45,62,227.0,111.5,231.5,225,0
Milwaukee,Cleveland,66,59,65,58,226.5,116.5,223.5,248,1
GoldenState,NewOrleans,53,63,49,70,222.5,109.0,223.5,235,1
Washington,Charlotte,61,49,61,61,233.5,114.5,230.5,232,1
Detroit,Philadelphia,66,56,59,43,221.0,108.0,233.5,224,0
Atlanta,Houston,59,73,61,51,241.0,118.5,236.5,244,1
LALakers,Denver,69,69,65,67,229.5,112.5,229.5,287,1
Cleveland,Brooklyn,60,40,58,65,227.5,110.5,230.5,223,0
LAClippers,Minnesota,46,58,58,51,231.0,117.5,231.0,213,0
Charlotte,Atlanta,55,57,66,57,235.0,115.5,239.0,235,0
SanAntonio,NewOrleans,48,63,56,49,225.0,110.5,230.5,216,0
Atlanta,Cleveland,61,51,56,40,223.0,108.5,226.0,208,0
NewOrleans,LAClippers,52,50,56,48,216.5,112.0,217.0,206,0
Utah,Dallas,43,45,50,54,208.0,106.5,217.5,192,0
Minnesota,Memphis,74,53,62,58,238.0,116.0,235.0,247,1
Toronto,Philadelphia,62,58,75,47,215.5,105.0,217.5,242,1
Denver,GoldenState,53,52,55,70,223.0,108.5,225.5,230,1
Brooklyn,Boston,57,65,59,48,227.0,112.0,226.0,229,1
Atlanta,Miami,40,59,47,60,220.5,107.5,215.5,206,0
Chicago,Milwaukee,55,39,51,34,230.0,116.5,229.5,179,0
Toronto,Philadelphia,65,54,47,43,217.0,106.0,220.5,209,0
Utah,Dallas,48,55,55,56,206.5,106.5,203.5,214,1
Denver,GoldenState,51,57,74,50,222.5,108.5,224.5,232,1
Atlanta,Miami,51,59,53,57,221.0,107.5,217.0,220,1
Minnesota,Memphis,65,44,64,47,240.5,115.5,241.5,220,0
NewOrleans,Phoenix,58,59,56,66,221.5,113.5,222.5,239,1
Brooklyn,Boston,57,63,55,46,225.0,110.5,228.0,221,0
Philadelphia,Toronto,48,54,47,41,216.5,105.0,214.5,205,0
Chicago,Milwaukee,57,55,55,57,225.0,114.0,225.0,224,0
Memphis,Minnesota,60,35,55,49,237.5,120.5,238.0,199,0
Dallas,Utah,47,72,69,56,207.5,101.0,209.0,244,1
GoldenState,Denver,66,62,48,55,222.5,109.0,224.5,231,1
Miami,Atlanta,46,69,47,59,222.0,108.5,220.0,221,1
Milwaukee,Chicago,50,51,48,43,222.0,114.0,223.5,192,0
Philadelphia,Toronto,48,55,54,55,213.0,104.0,214.0,212,0
Dallas,Utah,47,49,63,40,214.0,104.0,211.5,199,0
Boston,Brooklyn,55,48,50,59,222.5,113.5,223.5,212,0
Memphis,Minnesota,61,55,64,57,232.5,119.0,233.5,237,1
Milwaukee,Chicago,47,50,67,50,219.5,111.0,219.0,214,0
GoldenState,Denver,47,68,72,60,224.0,110.0,224.0,247,1
Miami,Atlanta,51,45,45,55,220.0,105.5,221.0,196,0
Phoenix,NewOrleans,47,53,58,63,215.0,110.5,217.5,221,1
Boston,Brooklyn,56,52,60,60,222.0,113.5,220.5,228,1
Toronto,Philadelphia,56,39,46,50,211.5,103.0,210.0,191,0
Utah,Dallas,42,46,48,43,212.5,108.5,212.0,179,0
Atlanta,Miami,43,53,43,52,216.0,104.0,218.0,191,0
Minnesota,Memphis,59,49,51,61,231.0,112.0,232.5,220,0
NewOrleans,Phoenix,52,53,62,42,216.0,110.5,215.5,209,0
Chicago,Milwaukee,52,50,57,57,217.5,111.5,218.5,216,0
Denver,GoldenState,55,41,52,52,226.0,109.0,225.5,200,0
Phoenix,NewOrleans,56,50,61,57,216.5,111.5,214.0,224,1
Dallas,Utah,36,58,55,45,210.0,102.5,210.5,194,0
Philadelphia,Toronto,63,60,54,52,209.5,103.5,210.0,229,1
Memphis,Minnesota,57,44,57,62,229.5,117.0,229.0,220,0
Milwaukee,Boston,51,51,46,42,218.0,113.0,218.0,190,0
GoldenState,Memphis,56,60,65,52,224.0,110.5,217.5,233,1
Philadelphia,Miami,52,49,51,46,209.5,103.0,207.0,198,0
Dallas,Phoenix,60,65,50,60,214.5,107.0,212.5,235,1
Milwaukee,Boston,53,52,44,46,216.0,109.5,215.0,195,0
GoldenState,Memphis,58,49,47,53,227.5,111.0,227.0,207,0
Philadelphia,Miami,55,57,59,51,208.5,102.5,206.5,222,1
Dallas,Phoenix,60,58,54,66,217.5,106.5,216.0,238,1
Miami,Philadelphia,38,37,58,45,210.5,100.5,210.5,178,0
Phoenix,Dallas,49,46,54,48,217.5,111.0,219.5,197,0
Boston,Milwaukee,41,55,51,57,212.0,109.5,213.0,204,0
Memphis,GoldenState,54,67,60,73,225.5,115.0,226.5,254,1
Phoenix,Dallas,62,62,41,47,214.5,110.5,215.0,212,0
Miami,Philadelphia,58,62,54,50,208.0,102.5,207.5,224,1
Boston,Milwaukee,43,52,58,71,213.0,109.0,210.0,224,1
Memphis,GoldenState,44,35,52,68,222.5,113.5,227.0,199,0
Philadelphia,Miami,50,50,47,58,208.0,102.0,210.0,205,0
Dallas,Phoenix,49,46,47,48,215.5,104.5,213.0,190,0
GoldenState,Memphis,66,61,59,43,219.0,107.0,219.5,229,1
Miami,Philadelphia,53,44,40,52,206.0,101.5,208.0,189,0
Phoenix,Dallas,53,52,61,33,210.5,107.5,214.0,199,0
Boston,Milwaukee,54,42,56,51,212.5,109.5,212.0,203,0
Memphis,GoldenState,56,48,51,51,218.5,112.5,219.5,206,0
Milwaukee,Boston,46,45,52,47,204.5,105.0,210.0,190,0
Dallas,Phoenix,44,40,58,71,204.5,103.5,210.0,213,1
Boston,Miami,53,63,53,56,203.0,105.0,206.5,225,1
Dallas,GoldenState,46,53,58,42,216.5,105.0,214.5,199,0
Boston,Miami,59,56,52,62,206.0,105.5,205.5,229,1
Dallas,GoldenState,57,11,100,75,214.5,107.0,214.0,243,1
Miami,Boston,57,52,50,53,207.5,103.5,208.5,212,1
Miami,Boston,40,50,38,56,205.5,100.0,208.5,184,0
GoldenState,Dallas,52,57,60,59,215.5,105.5,215.5,228,1
Boston,Miami,36,43,48,46,203.5,103.5,204.0,173,0
Dallas,GoldenState,51,70,57,52,215.0,105.0,216.5,230,1
Miami,Boston,51,43,63,57,201.5,99.0,200.0,214,1
Boston,Miami,49,55,53,39,198.0,103.0,200.5,196,0
Boston,GoldenState,60,50,62,56,214.0,109.0,210.5,228,1
Boston,GoldenState,61,41,49,44,213.5,110.5,212.5,195,0
GoldenState,Boston,55,69,58,34,214.5,106.0,212.5,216,1
GoldenState,Boston,55,48,54,47,213.5,105.5,212.5,204,0
Boston,Golden State,43,47,59,49,211.0,107.5,212.5,198,0
Golden State,Boston,49,44,49,51,211.5,103.5,212.5,193,0
Philadelphia,Boston,53,73,60,57,216.0,107.0,229.0,243,1
LALakers,GoldenState,47,64,51,70,223.5,114.0,229.5,232,1
Washington,Indiana,61,51,52,57,229.0,111.5,227.0,221,0
Orlando,Detroit,45,67,62,48,216.5,106.0,218.0,222,1
NewYork,Memphis,48,59,57,52,227.0,110.0,226.5,227,1
NewOrleans,Brooklyn,46,62,68,62,232.5,118.0,226.5,238,1
Cleveland,Toronto,50,58,52,53,216.5,105.5,214.0,213,0
Houston,Atlanta,46,63,55,60,235.0,113.5,232.5,224,0
Chicago,Miami,61,57,64,42,216.0,111.0,216.5,224,1
Charlotte,SanAntonio,60,55,58,58,221.5,108.5,231.0,231,0
OklahomaCity,Minnesota,57,60,57,49,226.5,110.0,232.0,223,0
Denver,Utah,67,61,46,51,225.5,109.5,218.5,225,1
Dallas,Phoenix,56,51,50,55,218.0,106.5,216.5,212,0
Portland,Sacramento,55,51,62,55,230.0,112.0,224.0,223,0
Milwaukee,Philadelphia,54,38,44,42,224.5,114.0,225.0,178,0
LAClippers,LALakers,58,54,50,38,227.0,115.5,220.5,200,0
Chicago,Washington,56,50,45,51,221.0,112.0,222.5,202,0
SanAntonio,Indiana,62,63,62,84,232.5,112.5,227.5,271,1
NewOrleans,Charlotte,59,53,66,58,226.0,115.0,230.5,236,1
Toronto,Brooklyn,52,49,56,57,226.5,109.0,225.5,214,0
Boston,Miami,52,58,56,49,221.0,107.0,215.5,215,0
Detroit,NewYork,50,74,60,52,221.0,107.0,218.5,236,1
Orlando,Atlanta,46,58,57,45,225.5,110.0,222.0,206,0
Memphis,Houston,58,74,63,56,230.5,116.5,229.5,251,1
Utah,Minnesota,67,52,56,65,227.0,115.5,225.5,258,1
Denver,GoldenState,74,48,64,65,229.5,111.5,227.5,251,1
Phoenix,Portland,53,47,54,50,224.0,114.5,225.5,224,0
SanAntonio,Philadelphia,44,61,57,57,224.5,109.5,223.0,219,0
Boston,Orlando,69,67,57,53,215.5,106.5,219.0,246,1
Toronto,Miami,71,50,54,46,216.5,106.0,216.5,221,1
Cleveland,Chicago,59,65,48,52,221.0,107.0,217.5,224,1
Houston,Milwaukee,64,51,62,53,227.5,109.5,229.5,230,1
Memphis,Dallas,56,44,70,63,220.0,110.5,220.5,233,1
OklahomaCity,Denver,57,53,63,66,227.0,110.5,224.0,239,1
LAClippers,Sacramento,55,52,59,54,225.5,116.0,221.0,220,0
Portland,LALakers,56,47,58,49,227.0,110.0,222.5,210,0
Charlotte,Atlanta,52,62,74,47,227.5,112.5,229.5,235,1
Utah,NewOrleans,50,66,61,43,231.5,116.5,230.5,243,1
Minnesota,OklahomaCity,49,48,59,66,225.5,109.5,222.5,222,0
Sacramento,GoldenState,75,85,47,48,232.5,114.5,223.5,255,1
Phoenix,LAClippers,51,51,56,49,219.0,112.0,217.5,207,0
Indiana,Philadelphia,56,54,56,60,228.5,111.0,225.0,226,1
Orlando,NewYork,62,62,54,39,223.0,108.5,218.5,217,0
Toronto,Miami,50,41,56,41,214.0,104.5,217.0,188,0
SanAntonio,Minnesota,67,57,50,47,234.5,115.5,230.5,221,0
Brooklyn,Memphis,73,60,73,52,235.5,115.0,227.5,258,1
Boston,Chicago,69,50,60,43,225.5,109.5,222.5,222,0
Utah,Houston,39,57,54,72,234.0,119.0,232.0,222,0
Denver,Portland,54,62,69,60,227.5,111.5,229.0,245,1
Detroit,Washington,53,52,55,59,221.0,107.0,223.5,219,0
Dallas,NewOrleans,71,59,46,48,218.5,107.0,220.5,224,1
LAClippers,OklahomaCity,41,51,60,50,217.5,110.5,219.5,202,0
GoldenState,Phoenix,66,72,53,48,227.5,110.5,224.5,239,1
Orlando,Cleveland,54,50,38,53,215.5,104.5,219.0,195,0
Atlanta,Detroit,68,55,55,53,229.0,110.0,228.0,231,1
Charlotte,NewYork,62,69,57,56,224.0,115.5,226.5,265,1
Brooklyn,Milwaukee,45,53,56,55,230.0,111.5,233.5,209,0
SanAntonio,Minnesota,67,54,75,60,235.0,113.0,231.5,256,1
Indiana,Chicago,65,68,63,37,233.5,112.5,233.5,233,0
Houston,Utah,43,67,54,46,232.5,112.5,232.5,210,0
Miami,Portland,59,58,58,42,220.5,108.5,222.5,217,0
LALakers,Denver,48,60,49,52,230.5,117.5,227.0,209,0
Dallas,Brooklyn,53,67,54,50,225.5,109.5,227.5,254,1
LAClippers,OklahomaCity,58,55,63,52,218.5,111.5,216.0,228,1
Miami,GoldenState,61,61,57,54,228.0,110.0,223.5,233,1
Memphis,Sacramento,60,59,58,58,236.5,120.5,235.0,235,0
Atlanta,Detroit,64,72,64,48,229.5,112.5,222.5,248,1
Charlotte,Orlando,41,40,54,71,220.5,110.5,229.5,206,0
Philadelphia,Toronto,54,59,38,51,214.5,104.5,215.0,202,0
Cleveland,Boston,67,70,57,34,218.5,106.0,223.5,255,1
Indiana,Washington,64,71,56,53,228.5,111.5,229.5,244,1
LALakers,Minnesota,53,51,49,60,232.0,117.5,227.5,213,0
NewYork,Milwaukee,50,62,69,46,223.5,108.0,224.5,227,1
Chicago,SanAntonio,65,57,66,65,230.5,118.0,228.5,253,1
NewOrleans,Phoenix,48,61,67,59,226.0,116.0,225.5,235,1
Houston,Portland,55,72,51,58,222.5,109.0,228.5,236,1
Miami,Sacramento,55,65,52,60,227.5,109.0,226.5,232,1
GoldenState,Charlotte,57,55,51,51,233.5,113.5,234.5,233,0
Indiana,Brooklyn,52,73,57,59,239.5,117.0,233.5,241,1
Philadelphia,Chicago,59,61,57,46,221.5,107.5,219.5,223,1
Atlanta,Milwaukee,62,48,65,63,228.5,110.0,226.0,238,1
Memphis,Utah,54,62,70,61,225.0,116.5,232.0,247,1
OklahomaCity,Dallas,52,45,46,55,219.0,105.5,223.5,228,1
NewOrleans,LAClippers,43,61,41,58,226.0,115.5,224.5,203,0
Washington,Boston,49,56,50,51,221.5,108.0,224.5,206,0
NewYork,Cleveland,65,56,56,52,220.0,107.0,224.5,229,1
GoldenState,Detroit,66,52,73,51,231.5,112.5,230.5,242,1
Minnesota,SanAntonio,49,55,51,50,237.5,113.0,235.5,205,0
Orlando,Dallas,63,57,51,48,211.5,103.5,218.5,219,1
Houston,Phoenix,53,68,55,57,227.5,110.0,228.0,233,1
Denver,LALakers,57,49,72,53,228.5,111.0,220.5,231,1
Philadelphia,Washington,58,46,55,70,216.0,106.0,221.5,229,1
Indiana,Brooklyn,51,64,62,48,236.5,114.5,236.0,225,0
Atlanta,Toronto,62,55,58,73,222.5,107.5,223.5,248,1
Detroit,Milwaukee,57,55,53,53,224.0,109.5,227.0,218,0
Memphis,Utah,49,56,66,55,231.5,118.0,235.0,226,0
Houston,LAClippers,53,50,46,39,225.5,110.0,223.5,188,0
Chicago,Brooklyn,52,58,47,50,233.0,118.0,233.5,207,0
Orlando,OklahomaCity,65,64,44,51,216.5,106.0,218.5,224,1
Minnesota,Phoenix,44,57,56,66,228.0,111.0,230.0,223,0
Washington,Philadelphia,56,52,73,51,217.0,107.0,219.5,232,1
Boston,Cleveland,62,44,53,55,220.0,108.0,220.5,227,1
Charlotte,Chicago,53,60,41,40,225.0,111.5,228.5,194,0
Sacramento,Miami,65,39,49,64,220.5,107.5,226.5,217,0
Atlanta,NewYork,53,69,42,47,233.0,113.0,228.5,211,0
Toronto,SanAntonio,63,50,61,69,223.5,109.0,225.5,243,1
LAClippers,Houston,58,51,56,45,223.0,114.5,223.0,210,0
Detroit,Milwaukee,57,46,50,54,223.0,108.0,224.0,207,0
Utah,Dallas,58,39,55,51,222.0,114.0,223.0,203,0
Memphis,Portland,53,44,53,67,227.5,116.0,228.5,217,0
NewOrleans,LALakers,50,50,61,61,230.0,117.0,229.0,237,1
GoldenState,Orlando,60,58,76,65,226.0,110.0,224.5,259,1
Denver,OklahomaCity,71,57,60,44,228.5,111.0,227.5,232,1
Brooklyn,Washington,66,60,40,48,222.5,108.0,230.5,214,0
Miami,Indiana,57,55,45,43,225.0,109.0,228.5,200,0
NewYork,Philadelphia,43,68,46,53,220.5,105.5,222.5,210,0
Cleveland,Detroit,45,51,62,42,215.0,104.5,227.5,200,0
Chicago,Boston,57,63,60,62,223.5,113.0,221.5,242,1
Charlotte,Memphis,64,54,55,56,226.5,111.0,231.5,229,0
LAClippers,SanAntonio,46,66,56,51,225.5,115.5,223.0,219,0
Toronto,Dallas,60,59,58,44,215.5,104.5,217.0,221,1
GoldenState,NewOrleans,53,62,52,52,226.5,109.5,231.5,219,0
Portland,Phoenix,53,55,58,48,217.0,106.0,222.5,214,0
Milwaukee,Minnesota,60,55,64,38,225.5,115.5,227.5,217,0
Utah,LALakers,74,63,58,51,229.0,117.0,22.0,246,1
Sacramento,Orlando,58,54,48,52,228.5,111.0,224.5,249,1
Brooklyn,Charlotte,51,45,43,53,224.0,107.5,223.5,192,0
NewOrleans,Atlanta,57,55,61,45,234.5,119.0,234.5,245,1
Boston,NewYork,61,72,64,54,227.0,110.5,223.5,251,1
Houston,Minnesota,74,43,69,60,234.0,114.0,231.5,246,1
OklahomaCity,Milwaukee,68,52,51,31,219.0,106.5,222.0,202,0
SanAntonio,Denver,67,54,54,52,235.5,114.0,235.5,227,0
Portland,Phoenix,61,40,44,39,215.5,105.0,215.5,184,0
Cleveland,LALakers,66,56,45,47,222.5,109.0,223.5,214,0
Washington,Memphis,49,51,55,45,224.0,113.5,228.0,200,0
Utah,LAClippers,58,61,50,43,218.5,111.5,225.5,212,0
Washington,Charlotte,44,50,54,60,213.5,109.0,221.0,208,0
Houston,Orlando,63,73,52,73,224.0,109.0,229.0,261,1
OklahomaCity,Detroit,61,50,57,47,223.5,108.0,224.0,215,0
NewOrleans,Indiana,62,51,78,60,233.5,119.0,233.5,251,1
Phoenix,Philadelphia,53,50,42,43,215.0,109.0,217.0,188,0
Milwaukee,Atlanta,61,49,59,46,219.5,112.5,226.5,215,0
Portland,Miami,56,57,41,63,216.5,105.5,220.5,217,0
Toronto,Chicago,57,54,45,52,221.5,108.5,221.0,208,0
Boston,Memphis,62,57,50,46,233.0,112.5,230.5,215,0
NewYork,Minnesota,67,61,55,44,235.5,113.5,229.0,227,0
Denver,SanAntonio,56,71,56,41,234.5,113.5,231.5,224,0
Brooklyn,Dallas,63,40,42,45,216.0,103.5,219.5,190,0
Sacramento,GoldenState,60,62,45,62,235.5,113.0,230.0,229,0
LALakers,Utah,76,71,66,42,224.5,115.0,229.0,255,1
Denver,Indiana,62,64,58,57,236.0,113.5,234.0,241,1
Portland,Charlotte,55,56,54,35,221.5,107.0,222.0,200,0
Dallas,Orlando,52,52,43,34,212.5,102.5,217.5,181,0
Houston,Toronto,66,45,57,57,224.5,108.0,224.5,225,1
NewYork,Brooklyn,60,53,50,34,221.0,106.0,225.5,197,0
Detroit,Boston,50,62,62,66,226.0,109.0,223.5,240,1
Utah,Atlanta,48,69,58,69,231.5,119.0,227.5,244,1
Memphis,SanAntonio,70,55,58,41,234.5,119.5,232.5,246,1
Phoenix,Minnesota,64,56,66,60,224.0,114.5,226.0,246,1
Milwaukee,OklahomaCity,54,56,61,67,213.5,110.5,220.5,268,1
NewOrleans,Chicago,44,58,59,65,232.0,118.5,228.5,226,0
Cleveland,Sacramento,63,64,63,57,228.0,110.5,225.0,247,1
LALakers,LAClippers,59,47,56,53,219.0,112.5,222.0,215,0
Dallas,Washington,62,57,51,48,209.5,102.0,209.0,218,1
Philadelphia,Atlanta,49,39,58,53,222.0,106.5,222.5,199,0
Charlotte,Miami,59,49,50,50,213.0,108.5,218.0,229,1
Portland,NewOrleans,54,54,44,49,223.0,109.0,225.0,201,0
Phoenix,Orlando,53,57,51,50,215.5,110.0,214.5,211,0
Denver,Boston,58,65,65,55,230.5,112.0,230.5,243,1
Detroit,NewYork,56,70,48,59,224.0,108.0,225.0,233,1
Milwaukee,SanAntonio,58,42,59,45,218.5,113.0,220.5,204,0
Toronto,OklahomaCity,53,73,65,54,219.5,107.0,219.0,245,1
Minnesota,Memphis,63,72,45,37,234.5,113.5,235.5,217,0
Cleveland,GoldenState,50,50,51,56,231.5,112.5,228.0,207,0
Sacramento,LALakers,46,70,59,59,233.0,112.5,226.0,234,1
Brooklyn,LAClippers,43,61,42,59,212.0,103.5,214.0,205,0
Utah,Washington,58,58,60,57,221.0,114.0,221.5,233,1
Boston,Detroit,59,53,58,55,225.0,109.5,225.0,225,0
Toronto,Indiana,54,63,55,50,229.0,111.5,225.5,222,0
Atlanta,Philadelphia,61,57,65,47,223.0,108.5,221.5,230,1
Charlotte,Miami,67,49,70,61,214.5,109.5,215.5,247,1
Houston,NewOrleans,60,53,60,52,233.5,113.5,228.0,225,0
Portland,Dallas,60,56,57,56,219.0,105.5,217.5,229,1
OklahomaCity,NewYork,84,68,76,52,226.0,116.0,225.0,280,1
Memphis,Washington,42,64,50,38,217.5,112.0,225.0,194,0
Utah,Philadelphia,56,52,48,47,217.5,111.5,220.0,203,0
GoldenState,Sacramento,65,61,63,48,236.5,115.5,234.0,237,1
Brooklyn,LALakers,48,53,56,62,217.5,105.5,227.0,219,0
Charlotte,Orlando,54,49,50,64,225.0,108.0,221.5,217,0
Toronto,Detroit,50,59,56,61,218.5,106.0,220.0,226,1
OklahomaCity,Boston,67,64,54,63,229.0,117.0,227.5,248,1
LAClippers,Houston,54,50,63,61,219.5,112.5,221.0,228,1
Atlanta,Milwaukee,53,60,61,53,226.0,109.0,224.5,227,1
SanAntonio,GoldenState,59,47,61,60,234.0,113.5,232.5,227,0
Memphis,NewOrleans,67,52,57,39,223.5,115.0,230.0,215,0
LAClippers,Dallas,45,41,48,70,212.5,108.5,211.5,204,0
NewYork,Utah,50,69,49,61,231.5,111.5,230.5,229,0
SanAntonio,Portland,59,59,64,45,226.0,110.5,224.0,227,1
Brooklyn,Sacramento,66,61,70,77,225.0,109.0,224.0,274,1
Indiana,Charlotte,54,69,57,58,237.0,115.5,232.5,238,1
OklahomaCity,Washington,66,55,55,65,230.5,110.5,224.0,241,1
Minnesota,Orlando,66,57,55,56,224.0,107.5,224.0,234,1
Cleveland,Milwaukee,71,50,52,38,218.0,105.5,219.5,211,0
Chicago,NewOrleans,60,51,62,61,226.5,116.0,226.5,234,1
Houston,Dallas,59,49,42,43,218.0,106.0,221.5,193,0
NewYork,Denver,57,52,55,45,226.0,109.5,232.5,209,0
GoldenState,Phoenix,69,68,55,57,227.0,111.5,226.5,249,1
Brooklyn,Portland,56,62,49,49,220.5,106.5,220.5,216,0
SanAntonio,Sacramento,65,54,52,71,236.5,115.0,237.5,242,1
Detroit,LAClippers,38,54,43,52,219.0,107.0,216.5,187,0
Miami,Washington,64,62,43,39,216.5,106.0,218.5,213,0
Milwaukee,Philadelphia,58,59,56,39,212.5,108.5,218.5,212,0
Charlotte,Cleveland,42,62,48,58,220.0,107.0,222.0,254,1
Indiana,Houston,35,60,46,49,236.0,113.0,232.5,190,0
OklahomaCity,Memphis,61,61,53,56,230.0,111.5,229.5,231,1
Orlando,Chicago,61,57,48,49,221.0,107.5,221.5,215,0
Boston,NewOrleans,65,59,43,59,227.5,112.0,227.5,226,0
Phoenix,Utah,77,63,72,55,228.0,116.5,226.5,267,1
NewYork,GoldenState,54,57,50,51,234.5,113.5,233.0,212,0
Detroit,LALakers,67,65,59,58,225.5,110.5,225.0,249,1
Toronto,Atlanta,60,57,54,51,226.0,110.0,224.5,246,1
Orlando,Indiana,50,56,67,54,226.5,108.5,228.5,227,0
Minnesota,Philadelphia,56,58,65,42,217.5,105.0,224.0,221,0
Utah,Portland,43,66,57,65,228.0,117.0,223.5,231,1
SanAntonio,LAClippers,62,50,48,56,221.0,106.5,224.5,216,0
NewYork,Phoenix,50,58,57,46,227.0,109.0,224.5,211,0
Detroit,Sacramento,71,67,66,62,234.5,113.0,233.0,266,1
Charlotte,Washington,62,52,42,52,220.5,112.5,225.0,208,0
Miami,Cleveland,55,46,58,41,213.0,103.0,214.5,200,0
Memphis,Brooklyn,57,62,70,53,224.0,114.0,226.5,242,1
GoldenState,Houston,68,58,65,56,233.0,113.0,232.0,247,1
Denver,Dallas,50,61,42,42,217.5,105.0,218.0,195,0
SanAntonio,LALakers,54,60,48,53,228.0,110.5,227.5,215,0
Atlanta,Cleveland,64,59,44,49,228.0,110.0,226.5,216,0
Orlando,Indiana,55,44,54,72,225.5,108.5,226.5,225,0
Portland,Milwaukee,62,62,48,58,214.0,104.5,217.5,230,1
NewYork,OklahomaCity,72,55,58,63,227.5,109.5,232.0,248,1
Boston,Chicago,51,62,61,54,230.0,111.5,226.0,228,1
Miami,Minnesota,63,44,56,43,220.5,105.5,216.5,206,0
Utah,LAClippers,58,64,59,54,222.5,113.5,221.5,235,1
Brooklyn,Philadelphia,59,61,47,54,217.0,106.0,217.5,221,1
Sacramento,Memphis,59,64,41,58,237.0,115.0,236.5,222,0
Detroit,Denver,57,58,49,54,227.5,110.5,221.0,218,0
LALakers,Phoenix,48,60,57,55,227.0,114.5,227.5,220,0
Philadelphia,Charlotte,54,53,47,54,215.5,105.5,214.5,208,0
Portland,Cleveland,49,56,57,48,213.5,102.5,218.0,210,0
Brooklyn,Toronto,64,39,64,43,223.0,108.0,221.5,210,0
Washington,Miami,54,49,60,55,209.5,107.5,211.5,218,1
Dallas,Boston,57,62,67,51,221.0,107.0,220.5,237,1
Sacramento,Atlanta,61,68,56,36,241.5,117.5,238.5,221,0
Denver,OklahomaCity,59,73,49,59,230.0,112.0,229.0,257,1
Chicago,Milwaukee,65,58,50,58,224.0,114.0,220.5,231,1
NewOrleans,SanAntonio,48,65,76,50,227.5,115.5,231.0,239,1
Detroit,Utah,55,65,68,53,233.5,113.0,226.0,241,1
Portland,NewYork,56,67,55,54,217.0,105.0,222.5,261,1
Brooklyn,Indiana,58,64,60,63,233.5,113.5,233.5,245,1
Cleveland,Milwaukee,55,60,45,59,215.5,105.0,219.0,219,0
Atlanta,Houston,71,70,57,52,232.5,113.5,235.5,250,1
Sacramento,Boston,58,68,52,48,238.5,115.5,232.0,226,0
Washington,Miami,66,49,55,47,214.5,110.5,211.5,217,1
LALakers,SanAntonio,54,46,54,45,235.0,118.5,228.5,199,0
Detroit,Phoenix,45,62,56,47,224.5,107.5,226.5,210,0
Utah,GoldenState,60,50,73,64,239.5,121.0,233.0,247,1
Denver,LAClippers,57,59,48,54,219.0,106.0,221.0,218,0
Dallas,Toronto,53,53,48,51,215.0,103.5,215.5,205,0
LALakers,SanAntonio,67,71,65,78,231.5,118.0,231.0,281,1
Utah,Phoenix,54,51,54,66,232.0,119.5,229.0,225,0
Portland,Brooklyn,55,60,49,44,223.5,108.0,222.5,208,0
GoldenState,Minnesota,74,58,66,53,237.0,115.0,233.5,251,1
Miami,Atlanta,54,57,55,38,226.0,109.5,222.0,204,0
Philadelphia,Orlando,68,44,58,66,213.0,103.0,215.0,236,1
Washington,Boston,61,66,74,50,220.5,112.0,226.5,251,1
Memphis,NewYork,51,55,70,74,228.5,116.5,230.0,250,1
Cleveland,Detroit,46,61,44,45,217.5,105.0,223.0,196,0
Dallas,Milwaukee,74,61,65,39,215.5,106.5,216.5,239,1
Atlanta,Philadelphia,57,49,56,43,220.5,107.0,221.0,205,0
Minnesota,Washington,71,64,71,63,228.0,110.5,227.5,269,1
Orlando,Brooklyn,51,52,60,48,224.0,108.5,222.5,211,0
Cleveland,Toronto,50,45,52,41,218.0,104.0,213.0,188,0
Charlotte,Boston,64,69,70,42,225.0,110.0,220.5,245,1
OklahomaCity,NewOrleans,60,46,49,51,232.5,118.0,231.0,206,0
Houston,Denver,81,57,59,45,228.0,111.0,232.0,242,1
Chicago,Utah,54,59,53,55,235.0,120.0,235.0,221,0
NewYork,Detroit,72,54,59,65,225.5,109.0,224.5,250,1
GoldenState,Dallas,60,49,70,50,227.0,111.0,225.5,229,1
LAClippers,Portland,55,59,63,53,211.0,107.0,217.5,230,1
Philadelphia,Cleveland,46,71,39,42,209.0,100.0,210.5,198,0
Atlanta,Orlando,65,55,56,57,228.0,110.5,226.5,233,1
Miami,Boston,73,55,70,57,223.5,109.0,223.5,255,1
Milwaukee,NewYork,42,50,53,67,227.5,115.0,227.0,212,0
Washington,Brooklyn,57,53,47,63,228.0,116.5,222.5,220,0
SanAntonio,OklahomaCity,67,70,47,46,230.0,111.5,237.5,230,0
Memphis,Minnesota,53,39,55,63,231.5,118.0,233.0,210,0
Toronto,NewOrleans,69,52,59,54,221.5,107.5,224.5,234,1
Houston,Denver,68,53,47,52,230.0,110.5,231.5,220,0
LAClippers,Utah,61,57,61,58,223.0,114.0,226.5,237,1
Chicago,Phoenix,57,50,80,58,226.5,115.5,223.0,245,1
Indiana,Sacramento,53,57,79,62,242.5,118.5,233.5,251,1
Portland,LALakers,46,82,51,58,224.0,108.5,226.0,237,1
Dallas,Detroit,72,49,67,46,220.5,107.0,223.0,256,1
Washington,Charlotte,67,66,62,38,225.5,114.5,222.0,233,1
Miami,Boston,54,67,47,52,227.5,111.0,224.5,236,1
LALakers,Milwaukee,64,60,74,64,231.0,117.0,225.0,262,1
Denver,Atlanta,53,53,65,55,225.5,108.0,231.0,226,0
Toronto,Brooklyn,58,63,44,54,223.0,108.0,221.0,219,0
Orlando,Cleveland,52,49,45,57,217.5,105.5,215.0,203,0
Philadelphia,Memphis,59,59,50,58,218.0,106.0,219.5,226,1
NewOrleans,SanAntonio,50,51,51,64,232.5,118.5,232.0,216,0
Houston,Phoenix,63,58,61,61,229.5,111.5,229.0,243,1
Indiana,Utah,59,75,48,76,240.0,117.0,237.5,258,1
Chicago,GoldenState,68,47,63,52,237.5,120.5,234.0,230,0
Dallas,NewYork,52,59,56,54,224.0,108.5,227.5,221,0
Sacramento,LAClippers,62,36,61,60,228.0,110.5,225.5,219,0
Milwaukee,Charlotte,54,47,56,44,220.0,112.5,223.5,201,0
Orlando,Toronto,58,54,55,62,220.5,106.5,217.5,229,1
OklahomaCity,Minnesota,61,59,78,65,233.5,115.0,233.5,263,1
Houston,GoldenState,62,58,54,47,235.0,114.5,233.5,221,0
Portland,Utah,71,58,53,45,227.5,110.5,226.5,227,1
Denver,NewOrleans,58,61,49,59,230.0,112.5,229.0,227,0
Phoenix,SanAntonio,65,47,65,51,230.5,116.5,229.0,228,0
Chicago,Sacramento,56,53,51,51,239.5,121.5,236.5,211,0
Memphis,Detroit,66,60,58,50,228.5,117.5,232.0,234,1
LALakers,Washington,60,58,68,63,233.0,118.0,233.0,249,1
Cleveland,NewYork,39,50,45,39,222.5,108.0,225.5,173,0
Boston,Brooklyn,62,50,32,51,230.5,111.5,234.0,195,0
Indiana,Portland,52,51,64,49,232.5,113.0,236.5,216,0
Milwaukee,Orlando,51,50,59,51,226.0,115.0,224.5,211,0
LAClippers,Charlotte,54,63,57,62,215.0,111.5,217.0,236,1
Boston,Toronto,52,66,53,55,228.5,110.5,227.0,226,0
OklahomaCity,Atlanta,56,57,59,63,236.5,120.0,231.5,235,1
Philadelphia,Houston,57,54,63,42,222.5,108.5,220.0,255,1
Miami,Memphis,59,50,50,35,219.0,106.0,224.5,194,0
Phoenix,Dallas,48,60,63,70,223.0,114.0,221.5,241,1
Indiana,GoldenState,55,54,61,46,240.0,116.5,241.5,216,0
LALakers,Cleveland,53,53,62,50,224.5,114.5,223.5,218,0
Detroit,Miami,45,52,54,61,220.0,106.5,222.0,212,0
Dallas,Denver,65,57,55,54,223.5,108.0,223.0,231,1
LAClippers,Orlando,46,43,60,49,216.5,109.0,219.5,227,1
LALakers,Toronto,70,47,55,67,229.0,116.0,224.0,239,1
Atlanta,NewYork,51,43,62,46,232.5,111.5,228.0,202,0
Charlotte,Brooklyn,66,62,55,55,223.0,108.0,222.5,238,1
Indiana,Minnesota,52,72,56,56,238.0,115.5,234.0,236,1
Sacramento,Milwaukee,63,66,62,48,236.0,115.0,235.0,239,1
OklahomaCity,Memphis,52,57,72,44,233.0,112.5,232.5,225,0
Detroit,NewOrleans,55,44,53,50,229.0,110.5,226.0,202,0
Washington,Chicago,51,50,60,65,227.0,115.5,224.0,226,1
GoldenState,Utah,65,70,56,56,230.5,113.0,236.0,247,1
Boston,Phoenix,52,59,58,54,230.5,111.0,228.5,223,0
LAClippers,Miami,48,62,61,54,211.0,107.0,214.5,225,1
Houston,SanAntonio,53,52,62,60,230.5,111.0,234.0,227,0
Denver,Portland,66,61,61,53,227.5,111.5,226.5,241,1
NewYork,Charlotte,42,62,56,63,224.0,108.5,222.5,223,1
Toronto,Orlando,62,68,51,41,223.5,109.0,219.5,222,1
Washington,Indiana,64,70,50,48,232.5,118.5,130.5,232,1
Sacramento,Cleveland,51,47,61,42,217.0,105.0,225.5,201,0
LALakers,Philadelphia,51,69,56,64,227.5,115.5,223.5,255,1
Atlanta,Brooklyn,66,66,54,50,232.5,113.5,228.5,236,1
Detroit,Memphis,61,53,62,41,227.5,110.0,227.5,217,0
Phoenix,NewOrleans,53,54,70,68,229.0,117.0,226.5,245,1
Milwaukee,Dallas,65,35,57,54,224.5,114.0,219.5,211,0
SanAntonio,Miami,54,62,54,56,223.0,108.0,224.5,226,1
Brooklyn,Indiana,78,67,50,74,226.0,109.5,228.5,269,1
LAClippers,Washington,57,66,47,51,218.5,111.5,221.5,221,0
OklahomaCity,Cleveland,50,55,49,58,218.5,105.5,225.0,212,0
Dallas,Chicago,70,65,63,61,220.5,108.5,223.5,259,1
Boston,GoldenState,58,73,47,52,237.0,115.5,232.5,230,0
Utah,Denver,54,59,69,43,228.5,115.0,230.5,225,0
Minnesota,Portland,59,72,55,56,230.0,112.0,228.0,242,1
Phoenix,NewOrleans,65,50,76,43,226.5,115.5,225.5,253,1
Sacramento,NewYork,58,58,59,36,226.0,109.5,231.5,211,0
Toronto,Orlando,37,49,71,53,223.0,107.0,224.0,210,0
Charlotte,Philadelphia,41,74,68,61,219.5,107.5,223.0,244,1
LALakers,Detroit,58,52,71,60,234.0,118.0,233.0,241,1
Chicago,Atlanta,49,59,55,57,235.5,120.0,228.0,245,1
Milwaukee,Houston,44,54,55,36,227.0,114.5,231.0,189,0
Miami,Indiana,45,44,42,38,229.0,110.0,227.0,169,0
Brooklyn,Washington,54,63,60,35,227.0,110.5,227.0,212,0
Atlanta,Memphis,64,49,65,53,220.5,108.0,227.5,231,1
Cleveland,SanAntonio,56,58,56,53,221.5,108.0,223.5,223,0
OklahomaCity,Dallas,51,67,69,48,226.5,110.0,227.0,235,1
Minnesota,Portland,60,69,61,55,229.5,111.5,231.5,245,1
Boston,LAClippers,54,49,57,46,225.0,110.0,226.5,206,0
Sacramento,Philadelphia,71,64,49,42,229.5,112.0,225.5,226,1
GoldenState,Milwaukee,65,51,56,67,232.0,113.0,227.5,239,1
Phoenix,Houston,47,42,62,57,224.0,112.5,228.5,208,0
NewOrleans,Utah,59,38,65,59,232.5,118.5,230.5,221,0
Boston,LALakers,61,54,55,50,237.0,115.0,232.5,240,1
GoldenState,Indiana,53,75,52,64,239.0,114.5,235.5,244,1
Atlanta,Orlando,72,66,61,60,226.0,110.0,224.5,259,1
Sacramento,Toronto,54,67,61,65,232.0,112.5,226.5,247,1
NewYork,Chicago,57,62,61,54,226.5,109.0,224.5,248,1
Miami,OklahomaCity,62,54,54,48,222.5,107.0,225.5,218,0
Portland,SanAntonio,67,63,56,54,231.0,111.5,230.0,240,1
Cleveland,Dallas,45,56,50,44,217.0,105.0,214.5,195,0
Washington,Denver,69,70,58,72,224.5,115.5,224.5,269,1
Minnesota,LAClippers,40,41,51,55,221.5,107.0,224.5,187,0
Milwaukee,Memphis,51,60,77,55,226.5,115.5,229.5,243,1
Miami,Houston,58,60,53,48,216.5,104.5,223.0,219,0
NewOrleans,Utah,52,68,66,60,232.0,119.0,231.5,261,1
Phoenix,LAClippers,47,54,58,47,218.5,110.5,220.0,206,0
Sacramento,Detroit,57,61,61,56,237.0,115.5,234.0,235,1
Atlanta,Charlotte,62,72,56,41,240.5,116.0,227.5,231,1
Orlando,Boston,60,56,53,57,225.5,110.0,227.0,226,0
Brooklyn,Toronto,48,66,58,63,224.5,108.0,225.5,235,1
Indiana,Cleveland,60,55,62,53,222.0,108.5,226.5,230,1
GoldenState,Philadelphia,71,41,57,55,222.5,108.0,231.5,224,0
NewYork,Chicago,61,50,51,43,226.0,109.5,228.5,205,0
Portland,Dallas,63,72,60,45,227.0,110.5,20.0,240,1
Denver,LALakers,65,64,52,53,236.5,114.5,237.5,234,0
Washington,LAClippers,48,59,40,48,219.0,112.5,220.5,195,0
Miami,SanAntonio,53,54,57,48,222.5,107.0,221.5,212,0
Dallas,Cleveland,56,40,46,50,212.5,103.5,215.5,199,0
Memphis,OklahomaCity,46,61,60,57,229.5,115.5,233.5,224,0
Utah,Milwaukee,49,54,72,45,226.5,115.0,230.5,220,0
NewOrleans,Phoenix,61,48,64,59,227.5,116.0,228.5,232,1
Orlando,Boston,49,42,48,48,223.0,108.5,226.0,187,0
Brooklyn,Detroit,56,69,69,51,227.5,110.5,230.5,245,1
GoldenState,Toronto,62,60,60,54,223.0,109.0,228.5,236,1
Chicago,Minnesota,66,70,74,66,234.0,118.5,229.5,276,1
Charlotte,Denver,45,62,67,60,235.0,120.0,237.0,234,0
Washington,LALakers,59,59,57,61,236.5,119.5,229.5,236,1
Utah,Cleveland,50,56,55,60,220.0,112.0,224.0,221,0
Toronto,Philadelphia,45,58,53,42,220.0,106.5,219.5,205,0
Orlando,Atlanta,61,72,65,53,230.0,111.5,228.0,251,1
Dallas,Minnesota,51,50,67,54,231.0,110.0,227.5,222,0
Portland,OklahomaCity,56,63,69,56,232.5,113.0,230.5,244,1
SanAntonio,Houston,63,59,46,61,226.5,110.0,230.0,229,0
LALakers,Phoenix,62,50,64,58,224.5,114.0,231.5,234,1
Charlotte,Sacramento,69,60,54,61,241.5,117.0,238.5,244,1
Utah,Detroit,55,66,59,57,229.0,118.0,232.5,237,1
GoldenState,NewYork,58,67,56,45,220.5,106.5,226.0,226,0
Chicago,Miami,52,57,56,51,221.5,113.0,224.0,216,0
Washington,Phoenix,57,44,57,65,222.5,114.0,225.5,223,0
Memphis,Denver,49,46,60,41,235.0,118.5,232.5,196,0
Milwaukee,Cleveland,55,47,68,50,216.5,108.5,217.0,220,1
Detroit,Philadelphia,66,48,56,36,222.0,108.0,225.0,206,0
Indiana,Boston,64,50,71,44,232.0,111.0,230.5,229,0
Chicago,Atlanta,55,57,46,60,236.0,120.0,233.5,218,0
GoldenState,Brooklyn,63,79,46,68,223.5,109.5,223.5,256,1
Toronto,NewYork,55,61,51,52,217.0,105.0,218.0,219,1
Portland,OklahomaCity,54,49,53,43,233.5,111.0,234.5,199,0
Dallas,Minnesota,60,43,46,54,228.0,110.5,227.0,203,0
Orlando,Houston,56,62,54,54,223.5,109.0,223.5,226,1
LALakers,Sacramento,51,73,68,62,240.0,121.5,237.5,254,1
Charlotte,LAClippers,56,55,60,60,228.5,111.5,225.0,231,1
SanAntonio,NewOrleans,54,57,58,74,228.0,111.0,226.0,243,1
Washington,Utah,57,69,57,49,231.5,118.0,229.0,232,1
SanAntonio,Orlando,62,60,61,63,228.5,111.5,226.5,246,1
LAClippers,Philadelphia,57,57,56,63,214.0,110.5,219.0,233,1
Milwaukee,Brooklyn,65,42,53,58,230.0,116.5,224.5,218,0
Minnesota,Boston,51,59,64,56,228.5,115.5,233.0,230,0
Toronto,Cleveland,70,52,54,49,214.0,104.0,216.5,225,1
Chicago,NewYork,51,67,63,54,225.0,114.5,227.5,235,1
Detroit,Atlanta,66,57,53,59,234.0,113.5,232.0,235,1
Indiana,Miami,59,55,52,53,224.0,109.0,226.5,219,0
NewOrleans,OklahomaCity,56,54,47,67,233.0,119.0,231.5,253,1
Portland,Denver,59,63,51,54,233.0,113.0,230.5,227,0
Washington,Sacramento,55,63,67,51,239.0,120.5,234.5,236,1
Memphis,Phoenix,59,38,69,59,226.5,115.0,226.5,225,0
Charlotte,LALakers,58,76,50,80,243.0,117.5,234.5,264,1
Philadelphia,NewYork,62,61,68,40,215.5,104.5,219.5,231,1
LALakers,Dallas,49,48,72,70,231.5,116.5,218.5,239,1
Milwaukee,Boston,64,59,63,71,227.0,116.0,219.5,257,1
Memphis,GoldenState,62,51,70,49,232.0,117.5,225.5,232,1
Phoenix,Denver,52,56,57,61,228.5,115.5,231.5,253,1
Brooklyn,Cleveland,56,58,56,72,220.0,107.5,220.5,242,1
LAClippers,Detroit,67,60,69,60,222.5,114.0,224.5,273,1
Minnesota,Miami,64,51,64,44,222.0,107.5,223.5,223,0
Houston,Chicago,62,67,59,63,231.5,112.0,227.5,251,1
Utah,SanAntonio,57,62,59,70,236.0,119.5,235.0,248,1
Indiana,NewOrleans,42,53,57,54,234.5,112.0,231.5,206,0
Charlotte,Portland,64,64,68,41,239.0,116.0,237.0,237,0
LALakers,Orlando,60,60,55,64,237.0,119.5,231.0,239,1
Philadelphia,Washington,62,61,56,48,224.5,109.5,221.5,227,1
Houston,Boston,43,62,68,55,229.5,110.5,232.0,228,0
Atlanta,Indiana,57,61,64,61,238.5,115.5,232.0,243,1
LAClippers,Toronto,56,60,63,58,220.0,112.0,218.5,237,1
Phoenix,Memphis,45,69,63,56,224.5,113.5,227.5,233,1
SanAntonio,OklahomaCity,71,59,58,56,235.0,113.5,236.5,244,1
NewYork,Dallas,58,60,56,56,216.0,105.0,222.5,247,1
Denver,Sacramento,52,51,59,57,237.5,113.5,237.5,219,0
Charlotte,GoldenState,63,54,50,48,240.0,115.5,234.5,215,0
Orlando,Detroit,50,63,56,53,229.0,112.0,228.5,222,0
Phoenix,Washington,57,62,58,52,220.5,112.0,225.5,229,1
LALakers,Miami,58,55,60,37,227.5,115.5,224.0,210,0
Brooklyn,Atlanta,61,58,44,52,229.0,111.5,238.5,215,0
Minnesota,NewOrleans,52,52,70,63,234.0,117.5,232.5,237,1
Milwaukee,Chicago,60,52,49,51,231.0,117.5,229.5,232,1
Denver,Sacramento,64,73,62,54,237.0,114.5,235.0,253,1
Utah,GoldenState,64,49,69,37,232.0,118.5,232.5,219,0
OklahomaCity,Charlotte,66,51,52,65,238.5,115.5,240.0,234,0
Cleveland,Indiana,63,69,63,66,225.5,110.0,223.5,261,1
LAClippers,Boston,53,56,60,57,228.0,116.5,228.0,226,0
Memphis,Toronto,50,50,68,57,230.0,117.0,225.0,225,0
NewYork,SanAntonio,67,50,54,66,222.0,107.5,229.5,237,1
Houston,Dallas,66,50,62,65,226.5,110.0,224.5,243,1
Washington,Orlando,47,56,68,48,226.5,115.5,222.5,219,0
LALakers,Atlanta,56,73,64,58,242.0,123.5,233.5,251,1
Phoenix,Toronto,57,47,61,52,222.0,112.5,225.0,217,0
Detroit,Chicago,58,60,69,63,230.0,117.0,229.5,250,1
Minnesota,Milwaukee,67,44,61,65,229.5,111.0,226.5,237,1
Philadelphia,NewOrleans,58,69,63,53,230.5,112.0,225.0,243,1
Miami,Denver,42,75,58,68,224.0,109.0,223.5,243,1
Utah,Sacramento,57,60,61,73,242.5,123.5,236.5,251,1
Portland,GoldenState,66,50,68,46,234.0,113.0,231.0,230,0
LAClippers,Indiana,54,63,69,75,231.0,117.5,230.0,261,1
Dallas,SanAntonio,62,70,64,55,231.5,111.5,225.5,251,1
NewYork,Houston,62,40,50,44,222.0,109.0,227.5,196,0
Cleveland,Chicago,58,57,46,44,223.5,108.0,224.5,205,0
Detroit,Minnesota,67,47,62,44,233.5,118.0,231.5,220,0
Philadelphia,OklahomaCity,58,54,49,50,224.5,108.5,231.5,211,0
NewOrleans,Memphis,56,47,59,55,236.5,121.5,232.5,217,0
Miami,Utah,61,71,62,55,225.0,110.5,224.0,249,1
Sacramento,Memphis,53,64,61,48,47.5,116.5,231.5,226,0
Washington,Milwaukee,51,67,40,55,41.0,114.0,225.5,213,0
Phoenix,NewYork,34,51,52,48,219.5,111.5,224.0,185,0
LALakers,Charlotte,43,62,65,66,241.5,122.0,241.0,236,0
Toronto,Indiana,62,61,58,55,233.5,113.0,229.0,236,1
NewOrleans,Philadelphia,58,51,56,66,229.5,117.5,230.5,231,1
Chicago,Cleveland,61,51,75,73,225.0,114.0,222.0,279,1
SanAntonio,Brooklyn,62,59,66,55,236.5,114.5,234.0,242,1
Denver,Minnesota,46,66,63,60,231.0,111.0,233.0,235,1
Dallas,Houston,44,55,71,47,227.5,108.5,228.5,217,0
Detroit,Portland,49,64,71,57,231.5,118.0,232.0,241,1
Atlanta,GoldenState,64,59,67,52,236.5,115.0,235.5,284,1
Miami,LAClippers,62,54,48,46,217.5,107.0,221.5,210,0
Washington,Milwaukee,60,50,65,61,232.5,118.5,227.0,236,1
Boston,OklahomaCity,67,61,85,54,228.5,110.0,235.5,267,1
Sacramento,Utah,58,53,66,55,242.5,116.5,243.5,232,0
Phoenix,Cleveland,29,47,47,55,216.0,109.0,219.5,178,0
Indiana,Philadelphia,55,72,54,59,233.5,113.5,231.5,255,1
OklahomaCity,Orlando,59,64,60,58,229.5,111.5,229.5,241,1
Memphis,Charlotte,66,57,52,63,236.5,120.5,234.5,238,1
SanAntonio,NewYork,68,49,66,48,225.5,110.5,229.0,231,1
Milwaukee,Toronto,25,52,45,72,223.0,113.0,229.0,205,0
Brooklyn,Chicago,73,55,45,60,234.0,114.0,234.0,233,0
Portland,Minnesota,53,60,61,45,234.0,118.5,233.0,219,0
Houston,NewOrleans,67,60,44,56,228.0,111.0,226.0,227,1
Atlanta,Sacramento,60,59,60,58,245.5,119.5,244.5,237,0
Miami,LALakers,55,45,57,64,224.0,109.5,227.5,221,0
Detroit,GoldenState,60,56,63,62,232.5,119.0,233.0,241,1
Memphis,Orlando,42,66,62,68,230.0,118.0,225.5,238,1
Boston,Dallas,49,61,44,65,231.5,112.0,225.0,219,0
Utah,Houston,54,66,61,64,232.0,119.0,230.0,245,1
LAClippers,Denver,47,51,63,52,229.5,115.0,224.5,213,0
Portland,Indiana,55,54,54,44,237.5,122.0,231.5,207,0
NewYork,Toronto,56,48,55,61,216.0,105.0,223.0,220,0
Chicago,Philadelphia,55,59,69,55,234.5,118.5,224.5,238,1
Charlotte,Milwaukee,79,65,55,48,230.0,111.0,227.5,247,1
Washington,OklahomaCity,52,58,73,54,231.0,117.5,230.5,237,1
Brooklyn,NewOrleans,55,62,56,37,232.0,112.5,229.5,210,0
Cleveland,Denver,54,66,56,53,222.0,107.5,229.5,229,0
LAClippers,Minnesota,70,52,57,64,224.0,114.5,225.0,243,1
Miami,Phoenix,53,44,54,49,210.5,103.0,217.0,200,0
Atlanta,LALakers,65,54,61,64,242.0,117.5,231.5,244,1
Boston,SanAntonio,63,62,57,55,234.5,113.5,235.0,237,1
Utah,Chicago,52,50,71,71,239.0,121.0,234.5,244,1
NewOrleans,Dallas,49,60,69,66,223.0,113.5,225.0,244,1
Orlando,GoldenState,57,64,53,42,231.0,112.5,229.5,216,0
LALakers,Sacramento,75,71,72,52,242.0,123.0,244.0,270,1
Philadelphia,Detroit,62,63,57,52,229.0,112.5,229.5,234,1
Portland,Toronto,61,50,52,59,226.5,116.5,226.5,222,0
Charlotte,Indiana,42,50,60,75,240.5,114.5,238.5,227,0
Brooklyn,Miami,61,69,31,42,223.5,108.0,221.5,203,0
Utah,Memphis,47,71,70,53,234.0,118.5,236.0,241,1
Dallas,OklahomaCity,67,57,55,50,227.0,110.0,228.5,229,1
Minnesota,Houston,57,63,38,42,232.5,112.0,229.5,200,0
Cleveland,Phoenix,61,50,48,51,215.0,105.0,218.5,210,0
Atlanta,LAClippers,51,67,54,48,233.5,112.5,230.5,220,0
NewOrleans,Washington,72,52,64,56,227.5,115.0,227.5,244,1
Chicago,Boston,53,56,48,49,236.5,119.5,237.0,206,0
SanAntonio,Memphis,60,73,56,45,234.0,113.0,236.5,234,0
LALakers,Denver,52,58,63,58,236.5,120.0,240.5,231,0
Orlando,Sacramento,72,52,67,56,237.0,114.5,238.5,247,1
Detroit,Philadelphia,47,61,74,81,225.5,115.5,229.5,263,1
Charlotte,Toronto,69,69,52,62,229.5,111.5,230.5,252,1
OklahomaCity,Miami,57,62,58,46,221.0,108.0,226.5,223,0
Cleveland,Utah,55,55,62,58,226.5,110.5,225.5,230,1
Phoenix,GoldenState,57,47,73,61,230.0,116.0,231.0,238,1
Orlando,Portland,53,47,55,60,229.0,112.0,229.5,215,0
Dallas,LAClippers,56,60,50,48,224.5,109.0,221.0,214,0
Chicago,Washington,54,51,62,30,227.5,116.0,230.0,197,0
Minnesota,Detroit,65,64,59,65,233.5,113.5,234.0,253,1
Milwaukee,Atlanta,58,55,58,48,227.5,115.5,232.0,219,0
NewOrleans,Boston,67,55,60,57,230.0,116.5,229.5,239,1
Indiana,NewYork,58,45,73,56,226.5,110.5,228.0,232,1
SanAntonio,Memphis,69,69,71,55,241.0,117.0,237.5,264,1
Phoenix,Denver,62,62,51,48,226.5,114.5,226.5,223,0
Houston,Sacramento,58,71,60,61,236.5,114.5,239.0,250,1
OklahomaCity,Philadelphia,70,54,62,61,233.5,119.0,233.0,247,1
Boston,Brooklyn,60,57,49,41,225.0,109.5,228.0,207,0
Charlotte,Toronto,67,57,61,53,229.5,111.0,231.5,238,1
Milwaukee,Miami,37,53,61,59,211.5,107.0,220.0,210,0
Dallas,LALakers,58,49,51,44,236.5,115.0,229.5,234,1
Cleveland,Portland,59,50,69,54,224.0,108.5,223.0,232,1
Atlanta,Indiana,63,50,60,51,239.0,116.0,234.5,224,0
NewYork,Washington,40,63,53,64,220.0,106.0,221.5,220,0
GoldenState,SanAntonio,61,73,69,54,243.5,118.0,235.0,257,1
Phoenix,Minnesota,60,53,54,70,222.5,114.0,224.5,237,1
OklahomaCity,Chicago,64,66,51,53,233.5,113.0,234.5,234,0
Orlando,Utah,63,54,54,49,233.5,113.5,230.0,220,0
Denver,LAClippers,66,49,52,51,221.0,107.5,226.5,218,0
Houston,Sacramento,68,67,69,49,238.0,116.0,235.0,253,1
Milwaukee,Miami,48,50,50,58,213.0,109.0,219.5,206,0
Boston,Charlotte,65,63,52,48,232.5,112.5,231.5,228,0
Memphis,Indiana,64,56,56,66,239.5,122.0,235.5,242,1
Atlanta,Toronto,59,67,49,42,232.0,111.5,232.5,217,0
Cleveland,Minnesota,52,51,54,55,224.0,109.0,224.5,212,0
Philadelphia,Utah,65,57,51,62,231.5,113.0,235.0,235,0
Dallas,Portland,61,66,69,59,226.5,110.5,228.0,255,1
NewYork,Detroit,61,56,53,51,225.0,109.0,227.0,221,0
Houston,LAClippers,61,64,56,40,221.0,108.5,226.5,221,0
GoldenState,Chicago,55,66,57,72,237.5,116.5,237.5,250,1
OklahomaCity,Brooklyn,52,46,57,59,230.5,116.0,230.5,214,0
Sacramento,SanAntonio,65,62,65,59,246.0,119.0,244.5,251,1
Orlando,Denver,56,67,59,53,234.0,113.0,22.5,235,1
Dallas,Portland,64,51,78,70,224.0,108.5,227.0,263,1
Philadelphia,LALakers,65,50,54,56,234.5,114.5,234.5,225,0
Boston,Charlotte,57,64,57,70,229.5,112.0,231.5,248,1
Indiana,Milwaukee,70,71,50,60,228.5,112.0,226.0,251,1
NewOrleans,Cleveland,49,48,62,57,223.5,114.0,223.5,216,0
GoldenState,Washington,68,65,53,59,234.5,114.5,237.0,245,1
Miami,Atlanta,64,56,51,63,223.0,108.5,222.5,234,1
Phoenix,Memphis,65,68,62,47,231.0,118.0,225.5,242,1
